"grant_id","year","oecd_short","is_ds","duration_years"
"NNF23OC0087167",2024,"Engineering & Tech",FALSE,1.24572210814511
"NNF24OC0085032",2024,"Agriculture & Vet",FALSE,5.9958932238193
"NNF24OC0085294",2024,"Agriculture & Vet",FALSE,5.9958932238193
"NNF24OC0085866",2024,"Health",FALSE,5.9958932238193
"NNF24OC0087112",2024,"Agriculture & Vet",TRUE,5.9958932238193
"NNF24OC0087481",2024,"Health",TRUE,5.99863107460643
"NNF24OC0087547",2024,"Agriculture & Vet",FALSE,5.9958932238193
"NNF24OC0087649",2024,"Humanities",FALSE,1.99863107460643
"NNF24OC0087664",2024,"Humanities",FALSE,0.577686516084873
"NNF24OC0087790",2024,"Health",FALSE,4.99657768651609
"NNF24OC0087805",2024,"Health",FALSE,5.9958932238193
"NNF24OC0087818",2024,"Natural Sciences",FALSE,3.99726214921287
"NNF24OC0087820",2024,"Natural Sciences",TRUE,3.99726214921287
"NNF24OC0087846",2024,"Engineering & Tech",FALSE,4.99657768651609
"NNF24OC0087849",2024,"Health",TRUE,3.99726214921287
"NNF24OC0087868",2024,"Health",FALSE,6.99794661190965
"NNF24OC0087882",2024,"Health",FALSE,6.99520876112252
"NNF24OC0087919",2024,"Health",FALSE,4.99657768651609
"NNF24OC0087934",2024,"Health",FALSE,4.99657768651609
"NNF24OC0087966",2024,"Health",FALSE,4.99657768651609
"NNF24OC0087976",2024,"Natural Sciences",FALSE,3.99726214921287
"NNF24OC0088001",2024,"Engineering & Tech",FALSE,4.99657768651609
"NNF24OC0088002",2024,"Health",TRUE,3.74537987679671
"NNF24OC0088011",2024,"Health",FALSE,1.9958932238193
"NNF24OC0088022",2024,"Agriculture & Vet",FALSE,4.99657768651609
"NNF24OC0088031",2024,"Health",FALSE,2.0807665982204
"NNF24OC0088040",2024,"Humanities",FALSE,0.999315537303217
"NNF24OC0088090",2024,"Health",FALSE,2.99520876112252
"NNF24OC0088143",2024,"Health",FALSE,4.99657768651609
"NNF24OC0088161",2024,"Engineering & Tech",FALSE,4.99657768651609
"NNF24OC0088207",2024,"Health",FALSE,4.99657768651609
"NNF24OC0088218",2024,"Health",FALSE,4.99657768651609
"NNF24OC0088231",2024,"Health",TRUE,5.9958932238193
"NNF24OC0088245",2024,"Health",FALSE,4.99657768651609
"NNF24OC0088261",2024,"Natural Sciences",TRUE,3.99726214921287
"NNF24OC0088330",2024,"Health",FALSE,4
"NNF24OC0088340",2024,"Engineering & Tech",FALSE,5.9958932238193
"NNF24OC0088343",2024,"Agriculture & Vet",TRUE,6.99520876112252
"NNF24OC0088349",2024,"Humanities",FALSE,0.344969199178645
"NNF24OC0088380",2024,"Agriculture & Vet",FALSE,4.99657768651609
"NNF24OC0088402",2024,"Health",FALSE,4.99657768651609
"NNF24OC0088412",2024,"Health",TRUE,4.99657768651609
"NNF24OC0088416",2024,"Health",FALSE,4.99657768651609
"NNF24OC0088419",2024,"Natural Sciences",FALSE,5.9958932238193
"NNF24OC0088426",2024,"Health",FALSE,3.99726214921287
"NNF24OC0088446",2024,"Health",FALSE,3.99726214921287
"NNF24OC0088487",2024,"Health",FALSE,4.99657768651609
"NNF24OC0088515",2024,"Health",FALSE,4.99657768651609
"NNF24OC0088517",2024,"Engineering & Tech",FALSE,4.99657768651609
"NNF24OC0088541",2024,"Natural Sciences",FALSE,2.99520876112252
"NNF24OC0088546",2024,"Health",FALSE,4.99931553730322
"NNF24OC0088555",2024,"Humanities",FALSE,3.99726214921287
"NNF24OC0088618",2024,"Health",FALSE,4.99657768651609
"NNF24OC0088647",2024,"Health",FALSE,3.99726214921287
"NNF24OC0088663",2024,"Health",FALSE,4.99657768651609
"NNF24OC0088669",2024,"Engineering & Tech",FALSE,1.9958932238193
"NNF24OC0088704",2024,"Humanities",FALSE,2.99520876112252
"NNF24OC0088714",2024,"Natural Sciences",FALSE,4.99657768651609
"NNF24OC0088723",2024,"Humanities",FALSE,3.99726214921287
"NNF24OC0088736",2024,"Humanities",FALSE,1.9958932238193
"NNF24OC0088739",2024,"Health",FALSE,4.99657768651609
"NNF24OC0088740",2024,"Health",FALSE,2.49144421629021
"NNF24OC0088756",2024,"Health",FALSE,3.99726214921287
"NNF24OC0088767",2024,"Health",FALSE,3.99726214921287
"NNF24OC0088790",2024,"Humanities",FALSE,1.9958932238193
"NNF24OC0088797",2024,"Health",FALSE,4.99657768651609
"NNF24OC0088803",2024,"Humanities",FALSE,2.99520876112252
"NNF24OC0088823",2024,"Health",FALSE,3.99726214921287
"NNF24OC0088825",2024,"Humanities",FALSE,2.99794661190965
"NNF24OC0088843",2024,"Other",FALSE,5.9958932238193
"NNF24OC0088845",2024,"Engineering & Tech",FALSE,4.99657768651609
"NNF24OC0088860",2024,"Humanities",FALSE,1.9958932238193
"NNF24OC0088862",2024,"Health",FALSE,4.99931553730322
"NNF24OC0088870",2024,"Health",FALSE,4.99657768651609
"NNF24OC0088899",2024,"Engineering & Tech",FALSE,4.99657768651609
"NNF24OC0088905",2024,"Health",FALSE,4.99657768651609
"NNF24OC0088909",2024,"Health",FALSE,4.99657768651609
"NNF24OC0088917",2024,"Health",FALSE,4.99931553730322
"NNF24OC0088960",2024,"Health",FALSE,4.99657768651609
"NNF24OC0088963",2024,"Health",FALSE,1.99863107460643
"NNF24OC0088978",2024,"Health",FALSE,4.99657768651609
"NNF24OC0089028",2024,"Humanities",FALSE,1.9958932238193
"NNF24OC0089034",2024,"Health",FALSE,4.99657768651609
"NNF24OC0089035",2024,"Health",FALSE,2.99520876112252
"NNF24OC0089036",2024,"Health",FALSE,4.99657768651609
"NNF24OC0089074",2024,"Humanities",FALSE,0.91170431211499
"NNF24OC0089089",2024,"Health",FALSE,6.99520876112252
"NNF24OC0089108",2024,"Humanities",FALSE,0.996577686516085
"NNF24OC0089118",2024,"Engineering & Tech",FALSE,3.99726214921287
"NNF24OC0089121",2024,"Engineering & Tech",FALSE,4.99657768651609
"NNF24OC0089128",2024,"Engineering & Tech",FALSE,6.99520876112252
"NNF24OC0089159",2024,"Engineering & Tech",TRUE,3.99726214921287
"NNF24OC0089167",2024,"Natural Sciences",FALSE,4.99657768651609
"NNF24OC0089168",2024,"Health",FALSE,4.99657768651609
"NNF24OC0089176",2024,"Health",FALSE,4.99657768651609
"NNF24OC0089193",2024,"Health",FALSE,3.49349760438056
"NNF24OC0089207",2024,"Health",FALSE,4.99657768651609
"NNF24OC0089216",2024,"Humanities",FALSE,1.50034223134839
"NNF24OC0089223",2024,"Humanities",FALSE,2.99794661190965
"NNF24OC0089232",2024,"Health",FALSE,4.99657768651609
"NNF24OC0089256",2024,"Health",FALSE,2.99520876112252
"NNF24OC0089279",2024,"Health",FALSE,2.99520876112252
"NNF24OC0089292",2024,"Humanities",FALSE,1.9958932238193
"NNF24OC0089302",2024,"Natural Sciences",TRUE,6.99794661190965
"NNF24OC0089304",2024,"Humanities",FALSE,2.97056810403833
"NNF24OC0089331",2024,"Health",FALSE,4.99657768651609
"NNF24OC0089345",2024,"Health",FALSE,3.57837097878166
"NNF24OC0089357",2024,"Health",FALSE,2.99520876112252
"NNF24OC0089362",2024,"Health",FALSE,2.99520876112252
"NNF24OC0089367",2024,"Humanities",FALSE,2.99794661190965
"NNF24OC0089373",2024,"Health",FALSE,3.99726214921287
"NNF24OC0089436",2024,"Health",FALSE,1.99863107460643
"NNF24OC0089461",2024,"Natural Sciences",TRUE,2.99794661190965
"NNF24OC0089497",2024,"Agriculture & Vet",TRUE,4.99657768651609
"NNF24OC0089502",2024,"Natural Sciences",FALSE,5.3305954825462
"NNF24OC0089508",2024,"Health",FALSE,2.99520876112252
"NNF24OC0089549",2024,"Health",FALSE,0.996577686516085
"NNF24OC0089563",2024,"Health",FALSE,3.99726214921287
"NNF24OC0089577",2024,"Health",TRUE,3.99726214921287
"NNF24OC0089608",2024,"Natural Sciences",TRUE,3.99726214921287
"NNF24OC0089619",2024,"Natural Sciences",TRUE,4.99657768651609
"NNF24OC0089652",2024,"Health",FALSE,0.996577686516085
"NNF24OC0089658",2024,"Health",FALSE,0.996577686516085
"NNF24OC0089705",2024,"Natural Sciences",FALSE,0.996577686516085
"NNF24OC0089722",2024,"Health",FALSE,2.99520876112252
"NNF24OC0089742",2024,"Agriculture & Vet",FALSE,6.99520876112252
"NNF24OC0089746",2024,"Health",FALSE,0.996577686516085
"NNF24OC0089770",2024,"Natural Sciences",FALSE,6.99520876112252
"NNF24OC0089788",2024,"Natural Sciences",FALSE,4.99657768651609
"NNF24OC0089800",2024,"Engineering & Tech",FALSE,3.99726214921287
"NNF24OC0089809",2024,"Health",FALSE,1.492128678987
"NNF24OC0089821",2024,"Health",FALSE,4.99657768651609
"NNF24OC0089849",2024,"Agriculture & Vet",FALSE,6.99520876112252
"NNF24OC0089862",2024,"Health",FALSE,2.99794661190965
"NNF24OC0089906",2024,"Engineering & Tech",FALSE,7.14852840520192
"NNF24OC0089984",2024,"Engineering & Tech",FALSE,6.99520876112252
"NNF24OC0089993",2024,"Natural Sciences",FALSE,3.08281998631075
"NNF24OC0090026",2024,"Agriculture & Vet",FALSE,1.9958932238193
"NNF24OC0090035",2024,"Health",FALSE,2.99520876112252
"NNF24OC0090135",2024,"Natural Sciences",FALSE,6.99520876112252
"NNF24OC0090151",2024,"Health",FALSE,0.996577686516085
"NNF24OC0090205",2024,"Natural Sciences",FALSE,2.99520876112252
"NNF24OC0090245",2024,"Natural Sciences",TRUE,3.16495550992471
"NNF24OC0090253",2024,"Natural Sciences",FALSE,6.99520876112252
"NNF24OC0090256",2024,"Engineering & Tech",FALSE,6.99520876112252
"NNF24OC0090257",2024,"Natural Sciences",FALSE,7.57837097878166
"NNF24OC0090420",2024,"Natural Sciences",FALSE,0.996577686516085
"NNF24OC0090447",2024,"Natural Sciences",TRUE,3.99726214921287
"NNF24OC0090461",2024,"Health",FALSE,2.99520876112252
"NNF24OC0090463",2024,"Agriculture & Vet",FALSE,0.583162217659138
"NNF24OC0090482",2024,"Natural Sciences",FALSE,3.99726214921287
"NNF24OC0090485",2024,"Health",FALSE,0.996577686516085
"NNF24OC0090503",2024,"Health",FALSE,0.996577686516085
"NNF24OC0090521",2024,"Health",TRUE,0.996577686516085
"NNF24OC0090537",2024,"Health",FALSE,0.996577686516085
"NNF24OC0090559",2024,"Natural Sciences",FALSE,3.32922655715264
"NNF24OC0090588",2024,"Agriculture & Vet",TRUE,2.99520876112252
"NNF24OC0090589",2024,"Engineering & Tech",FALSE,2.99520876112252
"NNF24OC0090609",2024,"Health",FALSE,0.996577686516085
"NNF24OC0090651",2024,"Health",FALSE,0.996577686516085
"NNF24OC0090656",2024,"Natural Sciences",FALSE,1.3305954825462
"NNF24OC0090663",2024,"Engineering & Tech",FALSE,0.996577686516085
"NNF24OC0090669",2024,"Agriculture & Vet",FALSE,2.99520876112252
"NNF24OC0090674",2024,"Engineering & Tech",FALSE,0.996577686516085
"NNF24OC0090709",2024,"Health",FALSE,0.999315537303217
"NNF24OC0090728",2024,"Natural Sciences",FALSE,0.996577686516085
"NNF24OC0090736",2024,"Agriculture & Vet",TRUE,3.99726214921287
"NNF24OC0090764",2024,"Health",FALSE,1.9958932238193
"NNF24OC0090768",2024,"Health",FALSE,2.99794661190965
"NNF24OC0090770",2024,"Health",FALSE,0.996577686516085
"NNF24OC0090777",2024,"Natural Sciences",FALSE,1.492128678987
"NNF24OC0090790",2024,"Engineering & Tech",FALSE,0.996577686516085
"NNF24OC0090796",2024,"Engineering & Tech",FALSE,3.98904859685147
"NNF24OC0090798",2024,"Natural Sciences",FALSE,1.9958932238193
"NNF24OC0090815",2024,"Engineering & Tech",FALSE,0.996577686516085
"NNF24OC0090839",2024,"Health",FALSE,2.99520876112252
"NNF24OC0090844",2024,"Natural Sciences",TRUE,1.58247775496235
"NNF24OC0090856",2024,"Health",TRUE,0.996577686516085
"NNF24OC0090894",2024,"Health",FALSE,0.996577686516085
"NNF24OC0090977",2024,"Health",TRUE,2.99520876112252
"NNF24OC0091082",2024,"Engineering & Tech",FALSE,3.49623545516769
"NNF24OC0091092",2024,"Agriculture & Vet",FALSE,3.99726214921287
"NNF24OC0091122",2024,"Health",FALSE,2.99520876112252
"NNF24OC0091327",2024,"Health",FALSE,0.676249144421629
"NNF24OC0091339",2024,"Natural Sciences",FALSE,3.99726214921287
"NNF24OC0091424",2024,"Natural Sciences",FALSE,0.996577686516085
"NNF24OC0091432",2024,"Natural Sciences",FALSE,1.20739219712526
"NNF24OC0091438",2024,"Natural Sciences",TRUE,0.996577686516085
"NNF24OC0091439",2024,"Health",FALSE,0.492813141683778
"NNF24OC0091446",2024,"Health",TRUE,0.0027378507871321
"NNF24OC0091466",2024,"Natural Sciences",FALSE,0.290212183436003
"NNF24OC0091467",2024,"Health",TRUE,0.0054757015742642
"NNF24OC0091477",2024,"Humanities",TRUE,0.487337440109514
"NNF24OC0091501",2024,"Health",FALSE,0.0109514031485284
"NNF24OC0091523",2024,"Humanities",FALSE,0.49555099247091
"NNF24OC0091530",2024,"Health",FALSE,0.829568788501027
"NNF24OC0091535",2024,"Health",FALSE,2.99520876112252
"NNF24OC0091614",2024,"Health",FALSE,1.9958932238193
"NNF24OC0091651",2024,"Health",FALSE,2.99520876112252
"NNF24OC0091683",2024,"Health",FALSE,2.99794661190965
"NNF24OC0091713",2024,"Health",FALSE,3.74264202600958
"NNF24OC0091734",2024,"Other",TRUE,3.99726214921287
"NNF24OC0091871",2024,"Health",FALSE,0.996577686516085
"NNF24OC0091873",2024,"Other",FALSE,3.99726214921287
"NNF24OC0091910",2024,"Health",FALSE,2.99520876112252
"NNF24OC0091917",2024,"Health",FALSE,0.996577686516085
"NNF24OC0091956",2024,"Health",FALSE,1.9958932238193
"NNF24OC0091957",2024,"Health",FALSE,2.99520876112252
"NNF24OC0091975",2024,"Health",FALSE,4.99657768651609
"NNF24OC0092008",2024,"Agriculture & Vet",FALSE,2.99520876112252
"NNF24OC0092051",2024,"Health",FALSE,3.24709103353867
"NNF24OC0092100",2024,"Health",FALSE,2.99520876112252
"NNF24OC0092120",2024,"Health",FALSE,0.996577686516085
"NNF24OC0092161",2024,"Health",FALSE,4.16427104722793
"NNF24OC0092181",2024,"Health",FALSE,0.996577686516085
"NNF24OC0092222",2024,"Health",FALSE,2.99520876112252
"NNF24OC0092232",2024,"Health",FALSE,2.99520876112252
"NNF24OC0092244",2024,"Health",FALSE,0.996577686516085
"NNF24OC0092246",2024,"Health",FALSE,1.9958932238193
"NNF24OC0092304",2024,"Health",FALSE,3.49349760438056
"NNF24OC0092314",2024,"Other",FALSE,3.99452429842574
"NNF24OC0092315",2024,"Health",FALSE,0.996577686516085
"NNF24OC0092321",2024,"Health",FALSE,3.74811772758385
"NNF24OC0092323",2024,"Other",FALSE,3.99726214921287
"NNF24OC0092344",2024,"Health",FALSE,0.996577686516085
"NNF24OC0092364",2024,"Health",FALSE,1.99863107460643
"NNF24OC0092365",2024,"Health",FALSE,2.99520876112252
"NNF24OC0092367",2024,"Health",FALSE,3.99726214921287
"NNF24OC0092381",2024,"Health",FALSE,2.99520876112252
"NNF24OC0092384",2024,"Health",FALSE,2.99520876112252
"NNF24OC0092388",2024,"Health",FALSE,3.99726214921287
"NNF24OC0092403",2024,"Health",FALSE,2.99520876112252
"NNF24OC0092408",2024,"Health",FALSE,1.9958932238193
"NNF24OC0092409",2024,"Health",FALSE,0.996577686516085
"NNF24OC0092419",2024,"Health",FALSE,2.99520876112252
"NNF24OC0092464",2024,"Health",FALSE,1.4154688569473
"NNF24OC0092494",2024,"Health",FALSE,1.9958932238193
"NNF24OC0092500",2024,"Other",FALSE,3.99726214921287
"NNF24OC0092507",2024,"Health",FALSE,2.99520876112252
"NNF24OC0092524",2024,"Health",FALSE,2.99520876112252
"NNF24OC0092527",2024,"Health",FALSE,2.99520876112252
"NNF24OC0092558",2024,"Health",FALSE,1.9958932238193
"NNF24OC0092565",2024,"Health",FALSE,2.99520876112252
"NNF24OC0092595",2024,"Health",FALSE,2.91307323750856
"NNF24OC0092612",2024,"Natural Sciences",TRUE,4.99657768651609
"NNF24OC0092666",2024,"Agriculture & Vet",FALSE,2.91033538672142
"NNF24OC0092972",2024,"Natural Sciences",TRUE,4.99657768651609
"NNF24OC0092985",2024,"Agriculture & Vet",FALSE,2.99794661190965
"NNF24OC0093097",2024,"Natural Sciences",TRUE,3.99726214921287
"NNF24OC0093140",2024,"Health",FALSE,3.99726214921287
"NNF24OC0093169",2024,"Engineering & Tech",FALSE,2.99794661190965
"NNF24OC0093187",2024,"Engineering & Tech",FALSE,2.99794661190965
"NNF24OC0093199",2024,"Agriculture & Vet",FALSE,2.99794661190965
"NNF24OC0093217",2024,"Social Sciences",FALSE,1.9958932238193
"NNF24OC0093224",2024,"Social Sciences",FALSE,2.99794661190965
"NNF24OC0093315",2024,"Agriculture & Vet",FALSE,2.99520876112252
"NNF24OC0093443",2024,"Health",FALSE,4.99657768651609
"NNF24OC0093467",2024,"Health",FALSE,2.99520876112252
"NNF24OC0093476",2024,"Natural Sciences",FALSE,3.83572895277207
"NNF24OC0093490",2024,"Natural Sciences",TRUE,4.99657768651609
"NNF24OC0093543",2024,"Agriculture & Vet",FALSE,2.99794661190965
"NNF24OC0093553",2024,"Agriculture & Vet",FALSE,2.99794661190965
"NNF24OC0093615",2024,"Social Sciences",FALSE,3.66324435318275
"NNF24OC0093650",2024,"Health",FALSE,3.99726214921287
"NNF24OC0093678",2024,"Engineering & Tech",FALSE,2.99794661190965
"NNF24OC0093720",2024,"Natural Sciences",TRUE,3.99726214921287
"NNF24OC0093738",2024,"Health",FALSE,1.9958932238193
"NNF24OC0093745",2024,"Natural Sciences",FALSE,2.99794661190965
"NNF24OC0093783",2024,"Natural Sciences",TRUE,4.99657768651609
"NNF24OC0093872",2024,"Health",TRUE,1.9958932238193
"NNF24OC0093950",2024,"Engineering & Tech",FALSE,2.99794661190965
"NNF24OC0093951",2024,"Agriculture & Vet",FALSE,2.99520876112252
"NNF24OC0094004",2024,"Agriculture & Vet",FALSE,2.99794661190965
"NNF24OC0094034",2024,"Natural Sciences",FALSE,2.99794661190965
"NNF24OC0094049",2024,"Health",FALSE,2.99520876112252
"NNF24OC0094058",2024,"Social Sciences",FALSE,1.40451745379877
"NNF24OC0094139",2024,"Agriculture & Vet",FALSE,2.99794661190965
"NNF24OC0094177",2024,"Engineering & Tech",FALSE,2.99520876112252
"NNF24OC0094196",2024,"Engineering & Tech",FALSE,2.99520876112252
"NNF24OC0094264",2024,"Health",FALSE,2.99794661190965
"NNF24OC0094281",2024,"Natural Sciences",TRUE,4.99657768651609
"NNF24OC0094287",2024,"Engineering & Tech",FALSE,2.99520876112252
"NNF24OC0094300",2024,"Agriculture & Vet",FALSE,2.99520876112252
"NNF24OC0094316",2024,"Agriculture & Vet",FALSE,2.99520876112252
"NNF24OC0094346",2024,"Health",TRUE,2.99520876112252
"NNF24OC0094365",2024,"Natural Sciences",TRUE,3.99726214921287
"NNF24OC0094373",2024,"Agriculture & Vet",FALSE,2.99520876112252
"NNF24OC0094416",2024,"Health",FALSE,1.9958932238193
"NNF24OC0094425",2024,"Health",TRUE,2.99794661190965
"NNF24OC0094432",2024,"Health",FALSE,2.99794661190965
"NNF24OC0094451",2024,"Engineering & Tech",FALSE,3.00616016427105
"NNF24OC0094454",2024,"Agriculture & Vet",FALSE,2.99794661190965
"NNF24OC0094457",2024,"Social Sciences",FALSE,2.49144421629021
"NNF24OC0094474",2024,"Social Sciences",FALSE,1.9958932238193
"NNF24OC0094481",2024,"Health",FALSE,3.00068446269678
"NNF24OC0094497",2024,"Agriculture & Vet",FALSE,2.6611909650924
"NNF24OC0094508",2024,"Health",FALSE,4.58316221765914
"NNF24OC0094587",2024,"Agriculture & Vet",FALSE,2.99794661190965
"NNF24OC0094607",2024,"Social Sciences",FALSE,2.99794661190965
"NNF24OC0094623",2024,"Natural Sciences",FALSE,3.99726214921287
"NNF24OC0094646",2024,"Health",FALSE,4.99657768651609
"NNF24OC0094651",2024,"Health",FALSE,2.99520876112252
"NNF24OC0094671",2024,"Social Sciences",FALSE,2.99520876112252
"NNF24OC0094672",2024,"Health",FALSE,2.99520876112252
"NNF24OC0094685",2024,"Health",FALSE,2.99520876112252
"NNF24OC0094739",2024,"Engineering & Tech",FALSE,2.99794661190965
"NNF24OC0094745",2024,"Social Sciences",FALSE,1.9958932238193
"NNF24OC0094780",2024,"Social Sciences",FALSE,2.98699520876112
"NNF24OC0094783",2024,"Engineering & Tech",FALSE,2.99794661190965
"NNF24OC0094827",2024,"Health",FALSE,2.99794661190965
"NNF24OC0094835",2024,"Social Sciences",FALSE,3.99726214921287
"NNF24OC0094843",2024,"Health",FALSE,2.99794661190965
"NNF24OC0094849",2024,"Agriculture & Vet",FALSE,2.99520876112252
"NNF24OC0094858",2024,"Engineering & Tech",FALSE,2.99520876112252
"NNF24OC0094864",2024,"Health",FALSE,3.99726214921287
"NNF24OC0094867",2024,"Health",FALSE,2.99247091033539
"NNF24OC0094894",2024,"Agriculture & Vet",FALSE,2.99794661190965
"NNF24OC0094901",2024,"Agriculture & Vet",FALSE,3.19780971937029
"NNF24OC0094904",2024,"Health",FALSE,1.9958932238193
"NNF24OC0094914",2024,"Health",FALSE,2.99520876112252
"NNF24OC0094918",2024,"Health",FALSE,2.99794661190965
"NNF24OC0094925",2024,"Agriculture & Vet",FALSE,2.99794661190965
"NNF24OC0094957",2024,"Engineering & Tech",FALSE,3.99726214921287
"NNF24OC0094978",2024,"Health",FALSE,2.99794661190965
"NNF24OC0094985",2024,"Health",FALSE,4.49555099247091
"NNF24OC0094987",2024,"Health",FALSE,0.996577686516085
"NNF24OC0094993",2024,"Health",FALSE,1.61533196440794
"NNF24OC0095020",2024,"Agriculture & Vet",FALSE,2.99794661190965
"NNF24OC0095024",2024,"Health",FALSE,0.996577686516085
"NNF24OC0095043",2024,"Health",FALSE,4.99657768651609
"NNF24OC0095061",2024,"Natural Sciences",FALSE,0.996577686516085
"NNF24OC0095069",2024,"Health",FALSE,2.99520876112252
"NNF24OC0095072",2024,"Health",FALSE,0.996577686516085
"NNF24OC0095078",2024,"Health",FALSE,2.99520876112252
"NNF24OC0095084",2024,"Health",FALSE,2.99794661190965
"NNF24OC0095085",2024,"Social Sciences",FALSE,2.99520876112252
"NNF24OC0095086",2024,"Health",FALSE,4.99657768651609
"NNF24OC0095094",2024,"Health",FALSE,2.99520876112252
"NNF24OC0095104",2024,"Health",FALSE,3.66324435318275
"NNF24OC0095120",2024,"Health",FALSE,2.99520876112252
"NNF24OC0095142",2024,"Engineering & Tech",FALSE,1.99863107460643
"NNF24OC0095169",2024,"Health",FALSE,2.99520876112252
"NNF24OC0095199",2024,"Natural Sciences",FALSE,2.99794661190965
"NNF24OC0095217",2024,"Health",FALSE,2.99794661190965
"NNF24OC0095220",2024,"Engineering & Tech",FALSE,2.99520876112252
"NNF24OC0095225",2024,"Health",FALSE,3.15947980835044
"NNF24OC0095228",2024,"Health",FALSE,2.99520876112252
"NNF24OC0095244",2024,"Engineering & Tech",FALSE,2.99794661190965
"NNF24OC0095251",2024,"Health",FALSE,2.99520876112252
"NNF24OC0095261",2024,"Health",FALSE,2.99794661190965
"NNF24OC0095268",2024,"Natural Sciences",FALSE,2.99794661190965
"NNF24OC0095270",2024,"Engineering & Tech",FALSE,2.99520876112252
"NNF24OC0095280",2024,"Social Sciences",TRUE,3.50171115674196
"NNF24OC0095289",2024,"Social Sciences",FALSE,3.99726214921287
"NNF24OC0095313",2024,"Social Sciences",FALSE,0.993839835728953
"NNF24OC0095318",2024,"Health",FALSE,3.50171115674196
"NNF24OC0095323",2024,"Engineering & Tech",FALSE,2.99794661190965
"NNF24OC0095324",2024,"Agriculture & Vet",FALSE,2.99794661190965
"NNF24OC0095332",2024,"Engineering & Tech",TRUE,2.99520876112252
"NNF24OC0095356",2024,"Health",FALSE,2.99794661190965
"NNF24OC0095357",2024,"Engineering & Tech",FALSE,3.08008213552361
"NNF24OC0095360",2024,"Engineering & Tech",TRUE,2.99520876112252
"NNF24OC0095370",2024,"Engineering & Tech",FALSE,2.99520876112252
"NNF24OC0095384",2024,"Health",TRUE,0.996577686516085
"NNF24OC0095399",2024,"Agriculture & Vet",FALSE,3.11841204654346
"NNF24OC0095407",2024,"Health",FALSE,2.99794661190965
"NNF24OC0095408",2024,"Engineering & Tech",FALSE,2.99520876112252
"NNF24OC0095429",2024,"Health",FALSE,2.99794661190965
"NNF24OC0095430",2024,"Health",FALSE,3.20054757015743
"NNF24OC0095435",2024,"Health",FALSE,2.99520876112252
"NNF24OC0095446",2024,"Natural Sciences",FALSE,2.99794661190965
"NNF24OC0095448",2024,"Engineering & Tech",FALSE,2.99794661190965
"NNF24OC0095455",2024,"Natural Sciences",TRUE,2.99794661190965
"NNF24OC0095472",2024,"Health",FALSE,0.930869267624914
"NNF24OC0095505",2024,"Health",FALSE,2.99520876112252
"NNF24OC0095514",2024,"Agriculture & Vet",FALSE,2.99794661190965
"NNF24OC0095515",2024,"Health",FALSE,2.99520876112252
"NNF24OC0095532",2024,"Health",FALSE,2.99794661190965
"NNF24OC0095537",2024,"Natural Sciences",FALSE,2.99794661190965
"NNF24OC0095539",2024,"Health",FALSE,2.1574264202601
"NNF24OC0095568",2024,"Health",FALSE,2.99794661190965
"NNF24OC0095571",2024,"Natural Sciences",FALSE,1.4072553045859
"NNF24OC0095591",2024,"Social Sciences",FALSE,0.577686516084873
"NNF24OC0095621",2024,"Social Sciences",FALSE,2.99794661190965
"NNF24OC0095623",2024,"Natural Sciences",FALSE,2.99794661190965
"NNF24OC0095625",2024,"Health",FALSE,2.99520876112252
"NNF24OC0095646",2024,"Health",FALSE,2.99794661190965
"NNF24OC0095653",2024,"Health",FALSE,2.99794661190965
"NNF24OC0095664",2024,"Health",FALSE,2.99794661190965
"NNF24OC0095676",2024,"Health",FALSE,1.99863107460643
"NNF24OC0095714",2024,"Health",FALSE,2.99520876112252
"NNF24OC0095792",2024,"Health",FALSE,2.99520876112252
"NNF24OC0095803",2024,"Health",FALSE,2.99520876112252
"NNF24OC0095822",2024,"Natural Sciences",FALSE,0.996577686516085
"NNF24OC0095825",2024,"Engineering & Tech",TRUE,2.49965776865161
"NNF24OC0095827",2024,"Social Sciences",FALSE,0.999315537303217
"NNF24OC0095844",2024,"Health",FALSE,0.996577686516085
"NNF24OC0095846",2024,"Health",FALSE,2.99794661190965
"NNF24OC0095857",2024,"Agriculture & Vet",TRUE,2.99794661190965
"NNF24OC0095859",2024,"Natural Sciences",FALSE,2.99794661190965
"NNF24OC0095900",2024,"Social Sciences",FALSE,2.16016427104723
"NNF24OC0095901",2024,"Health",FALSE,0.999315537303217
"NNF24OC0095902",2024,"Health",FALSE,2.99794661190965
"NNF24OC0095916",2024,"Social Sciences",FALSE,0.744695414099932
"NNF24OC0095924",2024,"Health",FALSE,3.99726214921287
"NNF24OC0095965",2024,"Health",FALSE,0.996577686516085
"NNF24OC0095967",2024,"Health",FALSE,3.2498288843258
"NNF24OC0095974",2024,"Health",FALSE,2.99520876112252
"NNF24OC0095976",2024,"Natural Sciences",FALSE,0.996577686516085
"NNF24OC0095986",2024,"Health",FALSE,2.99520876112252
"NNF24OC0096008",2024,"Engineering & Tech",FALSE,2.99520876112252
"NNF24OC0096017",2024,"Social Sciences",FALSE,2.52156057494867
"NNF24OC0096035",2024,"Natural Sciences",FALSE,0.996577686516085
"NNF24OC0096043",2024,"Social Sciences",FALSE,0.492813141683778
"NNF24OC0096081",2024,"Health",FALSE,2.99520876112252
"NNF24OC0096097",2024,"Engineering & Tech",TRUE,2.99794661190965
"NNF24OC0096102",2024,"Natural Sciences",TRUE,1.32511978097194
"NNF24OC0096112",2024,"Social Sciences",FALSE,1.9958932238193
"NNF24OC0096115",2024,"Natural Sciences",FALSE,2.99794661190965
"NNF24OC0096126",2024,"Natural Sciences",FALSE,2.99794661190965
"NNF24OC0096127",2024,"Health",FALSE,3.66324435318275
"NNF24OC0096133",2024,"Social Sciences",FALSE,1.9958932238193
"NNF24OC0096135",2024,"Health",FALSE,2.99520876112252
"NNF24OC0096142",2024,"Engineering & Tech",FALSE,2.99794661190965
"NNF24OC0096144",2024,"Health",FALSE,2.99520876112252
"NNF24OC0096163",2024,"Health",FALSE,0.996577686516085
"NNF24OC0096166",2024,"Social Sciences",FALSE,2.99794661190965
"NNF24OC0096191",2024,"Social Sciences",FALSE,2.99520876112252
"NNF24OC0096196",2024,"Health",FALSE,2.99794661190965
"NNF24OC0096207",2024,"Engineering & Tech",FALSE,2.99794661190965
"NNF24OC0096217",2024,"Health",FALSE,2.99520876112252
"NNF24OC0096245",2024,"Engineering & Tech",FALSE,2.99794661190965
"NNF24OC0096256",2024,"Health",FALSE,2.99520876112252
"NNF24OC0096266",2024,"Health",FALSE,2.99794661190965
"NNF24OC0096270",2024,"Health",FALSE,0.996577686516085
"NNF24OC0096285",2024,"Social Sciences",FALSE,2.99520876112252
"NNF24OC0096291",2024,"Natural Sciences",FALSE,0.999315537303217
"NNF24OC0096301",2024,"Social Sciences",FALSE,0.996577686516085
"NNF24OC0096302",2024,"Health",FALSE,2.99794661190965
"NNF24OC0096309",2024,"Health",FALSE,2.99794661190965
"NNF24OC0096339",2024,"Social Sciences",FALSE,3.91238877481177
"NNF24OC0096351",2024,"Engineering & Tech",FALSE,3.09650924024641
"NNF24OC0096369",2024,"Health",FALSE,3.57837097878166
"NNF24OC0096373",2024,"Natural Sciences",FALSE,2.49144421629021
"NNF24OC0096379",2024,"Social Sciences",FALSE,0.407939767282683
"NNF24OC0096389",2024,"Health",FALSE,2.99520876112252
"NNF24OC0096423",2024,"Health",FALSE,2.99794661190965
"NNF24OC0096424",2024,"Health",FALSE,0.996577686516085
"NNF24OC0096513",2024,"Social Sciences",FALSE,1.74948665297741
"NNF24OC0096534",2024,"Agriculture & Vet",FALSE,0.996577686516085
"NNF24OC0096580",2024,"Health",FALSE,1.74401095140315
"NNF24OC0096583",2024,"Natural Sciences",FALSE,1.15811088295688
"NNF24OC0096586",2024,"Health",FALSE,2.99520876112252
"NNF24OC0096622",2024,"Natural Sciences",FALSE,0.996577686516085
"NNF24OC0096665",2024,"Natural Sciences",FALSE,0.996577686516085
"NNF24OC0096682",2024,"Health",FALSE,1.07597535934292
"NNF24OC0096691",2024,"Health",FALSE,2.99794661190965
"NNF24OC0096696",2024,"Health",FALSE,2.99794661190965
"NNF24OC0096700",2024,"Natural Sciences",FALSE,0.996577686516085
"NNF24OC0096734",2024,"Health",FALSE,0.996577686516085
"NNF24OC0096782",2024,"Health",FALSE,2.99520876112252
"NNF24OC0096830",2024,"Agriculture & Vet",FALSE,2.98973305954825
"NNF24OC0096832",2024,"Engineering & Tech",FALSE,0.996577686516085
"NNF24OC0096843",2024,"Engineering & Tech",FALSE,0.996577686516085
"NNF24OC0096854",2024,"Health",FALSE,4.99657768651609
"NNF24OC0097229",2024,"Health",FALSE,2.99520876112252
"NNF24OC0097321",2024,"Health",FALSE,0.418891170431211
"NNF24OC0097327",2024,"Health",FALSE,1.9958932238193
"NNF24OC0097615",2024,"Health",FALSE,0.914442162902122
"NNF24OC0097640",2024,"Agriculture & Vet",FALSE,3.99726214921287
"NNF24OC0098048",2024,"Health",FALSE,3.99726214921287
"NNF24OC0098154",2024,"Health",FALSE,3.99726214921287
"NNF24OC0099086",2024,"Natural Sciences",FALSE,3.99726214921287
"NNF24OC0099109",2024,"Natural Sciences",TRUE,3.99726214921287
"NNF24OC0099671",2024,"Health",FALSE,0.501026694045175
"NNF24OC0099688",2024,"Social Sciences",FALSE,0.996577686516085
"NNF24OC0099692",2024,"Natural Sciences",FALSE,0.835044490075291
"NNF24OC0099723",2024,"Natural Sciences",TRUE,0.583162217659138
"NNF24OC0099733",2024,"Health",TRUE,0.996577686516085
"NNF24OC0099778",2024,"Natural Sciences",FALSE,0.082135523613963
"NNF24OC0099787",2024,"Health",FALSE,0.835044490075291
"NNF24OC0099793",2024,"Engineering & Tech",FALSE,0.750171115674196
"NNF24OC0099817",2024,"Natural Sciences",FALSE,0.996577686516085
"NNF24OC0099864",2024,"Engineering & Tech",TRUE,0.366872005475702
"NNF24OC0099885",2024,"Social Sciences",FALSE,0.996577686516085
"NNF24OC0099887",2024,"Health",FALSE,0.492813141683778
"NNF24OC0099897",2024,"Natural Sciences",FALSE,0.996577686516085
"NNF24SA0090436",2024,"Health",FALSE,0.996577686516085
"NNF24SA0090437",2024,"Health",FALSE,0.996577686516085
"NNF24SA0090438",2024,"Health",FALSE,0.996577686516085
"NNF24SA0090440",2024,"Health",FALSE,0.996577686516085
"NNF24SA0090555",2024,"Health",FALSE,1.9958932238193
"NNF24SA0090556",2024,"Health",FALSE,1.9958932238193
"NNF24SA0091172",2024,"Agriculture & Vet",FALSE,4.99657768651609
"NNF24SA0091536",2024,"Engineering & Tech",FALSE,0.996577686516085
"NNF24SA0091537",2024,"Engineering & Tech",FALSE,0.996577686516085
"NNF24SA0091538",2024,"Engineering & Tech",FALSE,0.999315537303217
"NNF24SA0091838",2024,"Health",FALSE,2.49965776865161
"NNF24SA0091915",2024,"Health",FALSE,0.668035592060233
"NNF24SA0091940",2024,"Health",FALSE,2.99520876112252
"NNF24SA0091994",2024,"Health",FALSE,2.99520876112252
"NNF24SA0092140",2024,"Social Sciences",FALSE,2.99520876112252
"NNF24SA0092452",2024,"Other",FALSE,4.99657768651609
"NNF24SA0092455",2024,"Health",FALSE,3.99726214921287
"NNF24SA0092547",2024,"Agriculture & Vet",FALSE,3.99726214921287
"NNF24SA0092560",2024,"Agriculture & Vet",FALSE,6.99520876112252
"NNF24SA0092593",2024,"Health",FALSE,2.99794661190965
"NNF24SA0092600",2024,"Health",FALSE,0.583162217659138
"NNF24SA0092613",2024,"Natural Sciences",TRUE,5.9958932238193
"NNF24SA0092644",2024,"Health",FALSE,1.70020533880904
"NNF24SA0092645",2024,"Natural Sciences",FALSE,0.999315537303217
"NNF24SA0092867",2024,"Natural Sciences",FALSE,4.99657768651609
"NNF24SA0093027",2024,"Natural Sciences",TRUE,5.66187542778919
"NNF24SA0093463",2024,"Health",FALSE,2.99794661190965
"NNF24SA0093828",2024,"Natural Sciences",FALSE,4.99657768651609
"NNF24SA0093839",2024,"Natural Sciences",TRUE,4.99657768651609
"NNF24SA0093895",2024,"Natural Sciences",FALSE,4.99657768651609
"NNF24SA0094131",2024,"Health",FALSE,5.01026694045175
"NNF24SA0094134",2024,"Health",FALSE,4.99657768651609
"NNF24SA0094136",2024,"Health",FALSE,4.99657768651609
"NNF24SA0094137",2024,"Health",FALSE,4.99657768651609
"NNF24SA0094147",2024,"Natural Sciences",FALSE,4.99931553730322
"NNF24SA0094639",2024,"Social Sciences",FALSE,0.996577686516085
"NNF24SA0095614",2024,"Health",FALSE,2.49691991786448
"NNF24SA0095912",2024,"Health",FALSE,2.99794661190965
"NNF24SA0095960",2024,"Health",FALSE,2.99794661190965
"NNF24SA0096529",2024,"Health",FALSE,2.99520876112252
"NNF24SA0097150",2024,"Health",FALSE,2.99520876112252
"NNF24SA0097217",2024,"Health",FALSE,1.9958932238193
"NNF24SA0097409",2024,"Natural Sciences",FALSE,4.08213552361396
"NNF24SA0097474",2024,"Engineering & Tech",FALSE,2.99520876112252
"NNF24SA0097844",2024,"Health",FALSE,5.9958932238193
"NNF24SA0100143",2024,"Natural Sciences",FALSE,1.9958932238193
"NNF24SA0100571",2024,"Other",FALSE,3.99726214921287
"NNF24SA0100673",2024,"Health",FALSE,2.99794661190965
"NNF25SA0098829",2024,"Health",FALSE,1.9958932238193
"NNF25SA0100178",2024,"Health",FALSE,2.99520876112252
"NNF25SA0100969",2024,"Other",FALSE,4.99657768651609
"NNF22OC0079914",2023,"Health",FALSE,1.75222450376454
"NNF22OC0080068",2023,"Health",FALSE,3.50171115674196
"NNF23OC0078934",2023,"Health",FALSE,6.99520876112252
"NNF23OC0079059",2023,"Other",FALSE,8.08213552361396
"NNF23OC0079154",2023,"Other",FALSE,6.99794661190965
"NNF23OC0079200",2023,"Health",FALSE,6.99794661190965
"NNF23OC0079433",2023,"Health",FALSE,6.99520876112252
"NNF23OC0079660",2023,"Other",TRUE,4.99931553730322
"NNF23OC0079702",2023,"Health",FALSE,6.99794661190965
"NNF23OC0080740",2023,"Engineering & Tech",FALSE,5.99863107460643
"NNF23OC0081052",2023,"Agriculture & Vet",TRUE,5.99863107460643
"NNF23OC0081089",2023,"Agriculture & Vet",TRUE,5.99863107460643
"NNF23OC0081177",2023,"Health",FALSE,5.99863107460643
"NNF23OC0081220",2023,"Agriculture & Vet",FALSE,5.99863107460643
"NNF23OC0081251",2023,"Engineering & Tech",FALSE,5.99863107460643
"NNF23OC0081287",2023,"Health",FALSE,5.98494182067077
"NNF23OC0081359",2023,"Engineering & Tech",TRUE,3.99726214921287
"NNF23OC0081371",2023,"Social Sciences",FALSE,4.75290896646133
"NNF23OC0081395",2023,"Social Sciences",FALSE,4.99931553730322
"NNF23OC0081453",2023,"Humanities",FALSE,0.999315537303217
"NNF23OC0081468",2023,"Agriculture & Vet",FALSE,4.99931553730322
"NNF23OC0081503",2023,"Humanities",FALSE,1.99863107460643
"NNF23OC0081528",2023,"Health",FALSE,4.99657768651609
"NNF23OC0081536",2023,"Health",FALSE,4
"NNF23OC0081557",2023,"Health",FALSE,4.99657768651609
"NNF23OC0081564",2023,"Engineering & Tech",FALSE,4.99931553730322
"NNF23OC0081575",2023,"Humanities",TRUE,2.99794661190965
"NNF23OC0081607",2023,"Humanities",FALSE,1.00205338809035
"NNF23OC0081632",2023,"Health",FALSE,4.99931553730322
"NNF23OC0081668",2023,"Health",FALSE,4.99931553730322
"NNF23OC0081717",2023,"Health",FALSE,4.99931553730322
"NNF23OC0081723",2023,"Health",FALSE,4.7501711156742
"NNF23OC0081782",2023,"Humanities",FALSE,1.74674880219028
"NNF23OC0081817",2023,"Health",FALSE,4.99931553730322
"NNF23OC0081830",2023,"Engineering & Tech",FALSE,4.50102669404517
"NNF23OC0081873",2023,"Health",FALSE,4.99931553730322
"NNF23OC0081877",2023,"Health",FALSE,4.99931553730322
"NNF23OC0081901",2023,"Health",FALSE,4.99657768651609
"NNF23OC0081911",2023,"Health",FALSE,4.99931553730322
"NNF23OC0081917",2023,"Engineering & Tech",FALSE,4.99931553730322
"NNF23OC0082015",2023,"Engineering & Tech",TRUE,4.99931553730322
"NNF23OC0082037",2023,"Health",FALSE,4.99931553730322
"NNF23OC0082071",2023,"Engineering & Tech",FALSE,4.99931553730322
"NNF23OC0082097",2023,"Agriculture & Vet",FALSE,4.99931553730322
"NNF23OC0082100",2023,"Health",FALSE,4.99931553730322
"NNF23OC0082114",2023,"Health",FALSE,4.99931553730322
"NNF23OC0082123",2023,"Health",FALSE,5.41820670773443
"NNF23OC0082137",2023,"Engineering & Tech",FALSE,5.58247775496235
"NNF23OC0082145",2023,"Health",FALSE,3.99726214921287
"NNF23OC0082165",2023,"Health",FALSE,5.66461327857632
"NNF23OC0082176",2023,"Natural Sciences",FALSE,3.99726214921287
"NNF23OC0082192",2023,"Health",FALSE,5.00205338809035
"NNF23OC0082193",2023,"Engineering & Tech",FALSE,4.99931553730322
"NNF23OC0082200",2023,"Engineering & Tech",FALSE,4.99931553730322
"NNF23OC0082202",2023,"Health",FALSE,4.99931553730322
"NNF23OC0082215",2023,"Health",FALSE,4.99931553730322
"NNF23OC0082218",2023,"Agriculture & Vet",FALSE,4.99931553730322
"NNF23OC0082227",2023,"Health",FALSE,5.41820670773443
"NNF23OC0082271",2023,"Engineering & Tech",FALSE,4.99931553730322
"NNF23OC0082287",2023,"Humanities",FALSE,3.99726214921287
"NNF23OC0082288",2023,"Health",FALSE,3.99726214921287
"NNF23OC0082319",2023,"Humanities",FALSE,2.99794661190965
"NNF23OC0082327",2023,"Health",FALSE,3.99452429842574
"NNF23OC0082382",2023,"Health",FALSE,4.99931553730322
"NNF23OC0082384",2023,"Health",FALSE,4.99931553730322
"NNF23OC0082427",2023,"Health",FALSE,4
"NNF23OC0082430",2023,"Health",FALSE,4.99931553730322
"NNF23OC0082432",2023,"Health",TRUE,4.99931553730322
"NNF23OC0082437",2023,"Health",FALSE,4.91444216290212
"NNF23OC0082486",2023,"Humanities",FALSE,1.66461327857632
"NNF23OC0082495",2023,"Engineering & Tech",FALSE,4.99657768651609
"NNF23OC0082502",2023,"Humanities",FALSE,1.99863107460643
"NNF23OC0082508",2023,"Agriculture & Vet",TRUE,4.99931553730322
"NNF23OC0082550",2023,"Humanities",FALSE,2.67214236824093
"NNF23OC0082552",2023,"Humanities",FALSE,3.99726214921287
"NNF23OC0082560",2023,"Health",FALSE,4
"NNF23OC0082561",2023,"Health",TRUE,4.99931553730322
"NNF23OC0082564",2023,"Humanities",FALSE,2.99794661190965
"NNF23OC0082567",2023,"Agriculture & Vet",FALSE,3.99726214921287
"NNF23OC0082574",2023,"Humanities",FALSE,2.99794661190965
"NNF23OC0082587",2023,"Health",FALSE,4.99931553730322
"NNF23OC0082599",2023,"Agriculture & Vet",FALSE,3.99726214921287
"NNF23OC0082600",2023,"Health",FALSE,3.41683778234086
"NNF23OC0082603",2023,"Humanities",FALSE,0.999315537303217
"NNF23OC0082609",2023,"Humanities",FALSE,1.99863107460643
"NNF23OC0082622",2023,"Humanities",FALSE,1.83436002737851
"NNF23OC0082659",2023,"Health",FALSE,4.99931553730322
"NNF23OC0082689",2023,"Health",FALSE,5.33607118412047
"NNF23OC0082702",2023,"Engineering & Tech",FALSE,4.99931553730322
"NNF23OC0082706",2023,"Engineering & Tech",FALSE,4.99931553730322
"NNF23OC0082713",2023,"Health",FALSE,4.99931553730322
"NNF23OC0082718",2023,"Health",FALSE,4.99931553730322
"NNF23OC0082731",2023,"Agriculture & Vet",FALSE,3.99726214921287
"NNF23OC0082732",2023,"Health",FALSE,4.99931553730322
"NNF23OC0082733",2023,"Natural Sciences",FALSE,7.33196440793977
"NNF23OC0082746",2023,"Natural Sciences",FALSE,4.99931553730322
"NNF23OC0082757",2023,"Agriculture & Vet",FALSE,2.99794661190965
"NNF23OC0082778",2023,"Health",TRUE,3.99726214921287
"NNF23OC0082779",2023,"Health",FALSE,3.99726214921287
"NNF23OC0082788",2023,"Agriculture & Vet",FALSE,3.99726214921287
"NNF23OC0082792",2023,"Health",FALSE,1.14442162902122
"NNF23OC0082802",2023,"Health",FALSE,2.41752224503765
"NNF23OC0082848",2023,"Health",FALSE,4
"NNF23OC0082881",2023,"Health",FALSE,0.999315537303217
"NNF23OC0082882",2023,"Health",FALSE,2.99520876112252
"NNF23OC0082893",2023,"Health",FALSE,2.99794661190965
"NNF23OC0082912",2023,"Health",TRUE,3.99726214921287
"NNF23OC0082915",2023,"Health",FALSE,1.33333333333333
"NNF23OC0082917",2023,"Natural Sciences",FALSE,6.99794661190965
"NNF23OC0082920",2023,"Health",FALSE,2.99794661190965
"NNF23OC0082929",2023,"Health",FALSE,2.99794661190965
"NNF23OC0082955",2023,"Health",FALSE,2.99794661190965
"NNF23OC0082957",2023,"Engineering & Tech",FALSE,6.99794661190965
"NNF23OC0082984",2023,"Health",FALSE,0.999315537303217
"NNF23OC0082985",2023,"Health",TRUE,2.33264887063655
"NNF23OC0083027",2023,"Social Sciences",FALSE,2.99794661190965
"NNF23OC0083066",2023,"Health",FALSE,1.49486652977413
"NNF23OC0083098",2023,"Health",FALSE,4.24640657084189
"NNF23OC0083126",2023,"Natural Sciences",FALSE,3.99726214921287
"NNF23OC0083159",2023,"Social Sciences",FALSE,3.99726214921287
"NNF23OC0083182",2023,"Health",FALSE,1.16632443531828
"NNF23OC0083196",2023,"Health",FALSE,0.999315537303217
"NNF23OC0083201",2023,"Natural Sciences",FALSE,6.99794661190965
"NNF23OC0083216",2023,"Health",FALSE,0.999315537303217
"NNF23OC0083218",2023,"Social Sciences",FALSE,2.99794661190965
"NNF23OC0083227",2023,"Health",FALSE,0.999315537303217
"NNF23OC0083242",2023,"Social Sciences",FALSE,2.99794661190965
"NNF23OC0083251",2023,"Health",FALSE,1.32785763175907
"NNF23OC0083275",2023,"Health",FALSE,1.41820670773443
"NNF23OC0083282",2023,"Natural Sciences",FALSE,6.99794661190965
"NNF23OC0083292",2023,"Health",FALSE,1.49760438056126
"NNF23OC0083298",2023,"Natural Sciences",FALSE,6.99794661190965
"NNF23OC0083335",2023,"Social Sciences",FALSE,4.99931553730322
"NNF23OC0083338",2023,"Social Sciences",FALSE,2.99794661190965
"NNF23OC0083339",2023,"Social Sciences",FALSE,2.99794661190965
"NNF23OC0083344",2023,"Social Sciences",FALSE,2.99794661190965
"NNF23OC0083352",2023,"Health",FALSE,1.99863107460643
"NNF23OC0083355",2023,"Health",TRUE,1.41820670773443
"NNF23OC0083359",2023,"Health",TRUE,2.33264887063655
"NNF23OC0083364",2023,"Social Sciences",FALSE,2.99794661190965
"NNF23OC0083366",2023,"Social Sciences",FALSE,2.99794661190965
"NNF23OC0083370",2023,"Social Sciences",FALSE,2.99794661190965
"NNF23OC0083376",2023,"Health",FALSE,0.999315537303217
"NNF23OC0083402",2023,"Health",FALSE,1.24845995893224
"NNF23OC0083407",2023,"Natural Sciences",FALSE,6.99794661190965
"NNF23OC0083409",2023,"Health",FALSE,1.21286789869952
"NNF23OC0083411",2023,"Health",FALSE,0.999315537303217
"NNF23OC0083419",2023,"Health",TRUE,0.996577686516085
"NNF23OC0083429",2023,"Health",FALSE,3.99726214921287
"NNF23OC0083460",2023,"Health",FALSE,4.41615331964408
"NNF23OC0083479",2023,"Health",FALSE,0.999315537303217
"NNF23OC0083480",2023,"Health",FALSE,3.74537987679671
"NNF23OC0083493",2023,"Health",FALSE,4.49555099247091
"NNF23OC0083496",2023,"Health",FALSE,0.999315537303217
"NNF23OC0083498",2023,"Health",FALSE,2.99794661190965
"NNF23OC0083509",2023,"Health",FALSE,1.33607118412047
"NNF23OC0083510",2023,"Natural Sciences",TRUE,4.66803559206023
"NNF23OC0083524",2023,"Natural Sciences",TRUE,4.99657768651609
"NNF23OC0083537",2023,"Health",FALSE,0.996577686516085
"NNF23OC0083562",2023,"Natural Sciences",TRUE,4.50102669404517
"NNF23OC0083591",2023,"Health",FALSE,2.99794661190965
"NNF23OC0083595",2023,"Health",FALSE,0.996577686516085
"NNF23OC0083603",2023,"Health",TRUE,3.99726214921287
"NNF23OC0083622",2023,"Health",FALSE,1.74674880219028
"NNF23OC0083629",2023,"Health",FALSE,1.50308008213552
"NNF23OC0083631",2023,"Health",FALSE,1.42094455852156
"NNF23OC0083634",2023,"Health",FALSE,0.914442162902122
"NNF23OC0083638",2023,"Health",FALSE,0.999315537303217
"NNF23OC0083648",2023,"Health",FALSE,1.66461327857632
"NNF23OC0083657",2023,"Natural Sciences",TRUE,4.99657768651609
"NNF23OC0083689",2023,"Health",FALSE,0.999315537303217
"NNF23OC0083701",2023,"Health",FALSE,3.99726214921287
"NNF23OC0083703",2023,"Health",FALSE,3.99726214921287
"NNF23OC0083729",2023,"Health",FALSE,3.08281998631075
"NNF23OC0083754",2023,"Health",FALSE,3.99726214921287
"NNF23OC0083761",2023,"Health",FALSE,3.99726214921287
"NNF23OC0083780",2023,"Health",FALSE,3.2498288843258
"NNF23OC0083795",2023,"Health",FALSE,3.99726214921287
"NNF23OC0083803",2023,"Natural Sciences",FALSE,0.0109514031485284
"NNF23OC0083821",2023,"Health",FALSE,0.0027378507871321
"NNF23OC0083825",2023,"Health",FALSE,0.0082135523613963
"NNF23OC0083836",2023,"Natural Sciences",FALSE,0.687200547570157
"NNF23OC0083837",2023,"Health",FALSE,0.416153319644079
"NNF23OC0083841",2023,"Health",FALSE,0.583162217659138
"NNF23OC0083850",2023,"Health",TRUE,0.999315537303217
"NNF23OC0083852",2023,"Health",FALSE,0.999315537303217
"NNF23OC0083949",2023,"Health",FALSE,3.99726214921287
"NNF23OC0083957",2023,"Natural Sciences",FALSE,3.99726214921287
"NNF23OC0083999",2023,"Health",FALSE,4.99657768651609
"NNF23OC0084017",2023,"Health",FALSE,1.99863107460643
"NNF23OC0084066",2023,"Health",FALSE,0.999315537303217
"NNF23OC0084081",2023,"Health",FALSE,1.9958932238193
"NNF23OC0084114",2023,"Health",FALSE,2.99794661190965
"NNF23OC0084173",2023,"Health",FALSE,2.99794661190965
"NNF23OC0084195",2023,"Other",FALSE,3.99726214921287
"NNF23OC0084246",2023,"Health",FALSE,2.99794661190965
"NNF23OC0084252",2023,"Other",FALSE,3.99726214921287
"NNF23OC0084264",2023,"Health",FALSE,1.99863107460643
"NNF23OC0084268",2023,"Health",FALSE,1.99863107460643
"NNF23OC0084293",2023,"Other",FALSE,3.99726214921287
"NNF23OC0084305",2023,"Health",FALSE,2.99794661190965
"NNF23OC0084324",2023,"Other",FALSE,3.99726214921287
"NNF23OC0084371",2023,"Health",FALSE,1.99863107460643
"NNF23OC0084405",2023,"Health",FALSE,2.99794661190965
"NNF23OC0084407",2023,"Health",FALSE,1.16084873374401
"NNF23OC0084419",2023,"Health",FALSE,1.99863107460643
"NNF23OC0084420",2023,"Health",FALSE,1.99863107460643
"NNF23OC0084422",2023,"Health",FALSE,2.99794661190965
"NNF23OC0084435",2023,"Health",FALSE,0.999315537303217
"NNF23OC0084441",2023,"Health",FALSE,2.41204654346338
"NNF23OC0084450",2023,"Health",FALSE,1.9192334017796
"NNF23OC0084463",2023,"Health",FALSE,3.41409993155373
"NNF23OC0084468",2023,"Health",FALSE,2.32717316906229
"NNF23OC0084475",2023,"Health",FALSE,2.99794661190965
"NNF23OC0084476",2023,"Health",FALSE,2.99794661190965
"NNF23OC0084483",2023,"Health",FALSE,1.99863107460643
"NNF23OC0084494",2023,"Other",FALSE,3.99726214921287
"NNF23OC0084501",2023,"Health",FALSE,0.999315537303217
"NNF23OC0084506",2023,"Health",TRUE,0.999315537303217
"NNF23OC0084507",2023,"Health",FALSE,0.999315537303217
"NNF23OC0084509",2023,"Health",FALSE,2.99794661190965
"NNF23OC0084516",2023,"Health",FALSE,0.999315537303217
"NNF23OC0084520",2023,"Health",FALSE,0.999315537303217
"NNF23OC0084522",2023,"Health",FALSE,0.999315537303217
"NNF23OC0084524",2023,"Health",FALSE,2.99794661190965
"NNF23OC0084529",2023,"Health",FALSE,2.99794661190965
"NNF23OC0084551",2023,"Health",FALSE,1.99863107460643
"NNF23OC0084552",2023,"Health",FALSE,1.99863107460643
"NNF23OC0084553",2023,"Health",FALSE,1.99863107460643
"NNF23OC0084565",2023,"Health",FALSE,1.9958932238193
"NNF23OC0084587",2023,"Health",FALSE,2.99794661190965
"NNF23OC0084591",2023,"Health",FALSE,1.99863107460643
"NNF23OC0084611",2023,"Health",FALSE,2.99794661190965
"NNF23OC0084614",2023,"Health",FALSE,2.99794661190965
"NNF23OC0084619",2023,"Health",FALSE,2.99794661190965
"NNF23OC0084621",2023,"Health",FALSE,1.9958932238193
"NNF23OC0084626",2023,"Health",FALSE,1.49486652977413
"NNF23OC0084647",2023,"Natural Sciences",TRUE,4.99931553730322
"NNF23OC0084657",2023,"Social Sciences",FALSE,2.99794661190965
"NNF23OC0084718",2023,"Health",FALSE,4.99931553730322
"NNF23OC0084733",2023,"Social Sciences",FALSE,2.49418206707734
"NNF23OC0084734",2023,"Engineering & Tech",FALSE,3.99726214921287
"NNF23OC0084768",2023,"Engineering & Tech",FALSE,3.74811772758385
"NNF23OC0084774",2023,"Natural Sciences",FALSE,2.16016427104723
"NNF23OC0084784",2023,"Social Sciences",FALSE,1.40999315537303
"NNF23OC0084794",2023,"Agriculture & Vet",FALSE,2.99520876112252
"NNF23OC0084801",2023,"Agriculture & Vet",FALSE,2.99520876112252
"NNF23OC0084810",2023,"Social Sciences",FALSE,2.99794661190965
"NNF23OC0084820",2023,"Health",FALSE,2.99520876112252
"NNF23OC0084895",2023,"Health",FALSE,2.99520876112252
"NNF23OC0084896",2023,"Agriculture & Vet",FALSE,2.99794661190965
"NNF23OC0084899",2023,"Health",FALSE,6.08350444900753
"NNF23OC0084906",2023,"Health",FALSE,2.99520876112252
"NNF23OC0084908",2023,"Social Sciences",FALSE,3.99726214921287
"NNF23OC0084910",2023,"Social Sciences",FALSE,1.99863107460643
"NNF23OC0084911",2023,"Social Sciences",FALSE,4.99931553730322
"NNF23OC0084931",2023,"Health",FALSE,2.99520876112252
"NNF23OC0084945",2023,"Natural Sciences",FALSE,2.99794661190965
"NNF23OC0084958",2023,"Social Sciences",FALSE,2.49691991786448
"NNF23OC0084960",2023,"Health",FALSE,1.99863107460643
"NNF23OC0084961",2023,"Natural Sciences",TRUE,4.99657768651609
"NNF23OC0084970",2023,"Health",FALSE,2.99520876112252
"NNF23OC0084973",2023,"Agriculture & Vet",FALSE,2.99520876112252
"NNF23OC0084974",2023,"Health",FALSE,2.99794661190965
"NNF23OC0084990",2023,"Engineering & Tech",FALSE,2.99520876112252
"NNF23OC0084996",2023,"Natural Sciences",FALSE,3.99726214921287
"NNF23OC0085012",2023,"Natural Sciences",FALSE,4.99657768651609
"NNF23OC0085045",2023,"Health",FALSE,1.9958932238193
"NNF23OC0085060",2023,"Health",FALSE,3.99726214921287
"NNF23OC0085064",2023,"Natural Sciences",FALSE,4.49555099247091
"NNF23OC0085102",2023,"Health",TRUE,2.99520876112252
"NNF23OC0085106",2023,"Health",FALSE,3.99452429842574
"NNF23OC0085144",2023,"Natural Sciences",FALSE,2.99520876112252
"NNF23OC0085169",2023,"Engineering & Tech",FALSE,2.99794661190965
"NNF23OC0085179",2023,"Health",FALSE,3.99726214921287
"NNF23OC0085181",2023,"Health",FALSE,2.99520876112252
"NNF23OC0085224",2023,"Health",FALSE,4
"NNF23OC0085233",2023,"Natural Sciences",FALSE,2.49965776865161
"NNF23OC0085257",2023,"Health",FALSE,2.99520876112252
"NNF23OC0085268",2023,"Agriculture & Vet",TRUE,2.99794661190965
"NNF23OC0085276",2023,"Health",FALSE,2.99520876112252
"NNF23OC0085289",2023,"Agriculture & Vet",FALSE,2.99520876112252
"NNF23OC0085342",2023,"Natural Sciences",FALSE,2.99520876112252
"NNF23OC0085356",2023,"Natural Sciences",TRUE,4.99657768651609
"NNF23OC0085359",2023,"Health",FALSE,2.57905544147844
"NNF23OC0085372",2023,"Health",FALSE,3.99726214921287
"NNF23OC0085401",2023,"Natural Sciences",FALSE,3.41409993155373
"NNF23OC0085406",2023,"Social Sciences",FALSE,2.99794661190965
"NNF23OC0085412",2023,"Agriculture & Vet",TRUE,3.49623545516769
"NNF23OC0085430",2023,"Health",TRUE,2.99520876112252
"NNF23OC0085436",2023,"Agriculture & Vet",FALSE,2.99520876112252
"NNF23OC0085447",2023,"Health",FALSE,3.99726214921287
"NNF23OC0085457",2023,"Health",FALSE,2.99520876112252
"NNF23OC0085478",2023,"Health",FALSE,4.99657768651609
"NNF23OC0085493",2023,"Social Sciences",FALSE,4.99657768651609
"NNF23OC0085517",2023,"Natural Sciences",TRUE,4.99657768651609
"NNF23OC0085527",2023,"Social Sciences",FALSE,4.83230663928816
"NNF23OC0085585",2023,"Natural Sciences",FALSE,3.91238877481177
"NNF23OC0085594",2023,"Health",FALSE,2.99794661190965
"NNF23OC0085607",2023,"Health",FALSE,3.99726214921287
"NNF23OC0085612",2023,"Health",FALSE,2.99520876112252
"NNF23OC0085616",2023,"Social Sciences",FALSE,1.74948665297741
"NNF23OC0085634",2023,"Natural Sciences",FALSE,1.99863107460643
"NNF23OC0085640",2023,"Natural Sciences",FALSE,2.99520876112252
"NNF23OC0085658",2023,"Health",FALSE,3.99726214921287
"NNF23OC0085659",2023,"Health",FALSE,2.99520876112252
"NNF23OC0085664",2023,"Health",TRUE,2.99520876112252
"NNF23OC0085666",2023,"Health",FALSE,2.99520876112252
"NNF23OC0085679",2023,"Social Sciences",FALSE,5.99863107460643
"NNF23OC0085682",2023,"Natural Sciences",FALSE,3.99452429842574
"NNF23OC0085692",2023,"Health",FALSE,2.99520876112252
"NNF23OC0085704",2023,"Health",FALSE,2.99794661190965
"NNF23OC0085722",2023,"Natural Sciences",FALSE,2.99520876112252
"NNF23OC0085724",2023,"Health",FALSE,0.999315537303217
"NNF23OC0085729",2023,"Health",FALSE,4.49555099247091
"NNF23OC0085735",2023,"Engineering & Tech",FALSE,2.99520876112252
"NNF23OC0085768",2023,"Health",FALSE,2.99520876112252
"NNF23OC0085790",2023,"Natural Sciences",TRUE,4.99931553730322
"NNF23OC0085793",2023,"Health",FALSE,2.99520876112252
"NNF23OC0085810",2023,"Health",FALSE,1.99863107460643
"NNF23OC0085821",2023,"Health",FALSE,2.99520876112252
"NNF23OC0085823",2023,"Health",FALSE,3.3264887063655
"NNF23OC0085830",2023,"Natural Sciences",FALSE,1.9958932238193
"NNF23OC0085832",2023,"Social Sciences",FALSE,1.47843942505133
"NNF23OC0085855",2023,"Health",FALSE,2.66392881587953
"NNF23OC0085860",2023,"Health",FALSE,2.99794661190965
"NNF23OC0085864",2023,"Health",FALSE,2.99794661190965
"NNF23OC0085899",2023,"Natural Sciences",FALSE,2.99520876112252
"NNF23OC0085907",2023,"Natural Sciences",FALSE,5.49486652977413
"NNF23OC0085912",2023,"Social Sciences",FALSE,1.24572210814511
"NNF23OC0085916",2023,"Health",FALSE,4.04654346338125
"NNF23OC0085919",2023,"Agriculture & Vet",TRUE,3.99726214921287
"NNF23OC0085926",2023,"Health",FALSE,4.24914442162902
"NNF23OC0085927",2023,"Health",FALSE,3.24435318275154
"NNF23OC0085941",2023,"Natural Sciences",FALSE,4.99931553730322
"NNF23OC0085942",2023,"Social Sciences",FALSE,2.99794661190965
"NNF23OC0085954",2023,"Natural Sciences",TRUE,4.99657768651609
"NNF23OC0085960",2023,"Agriculture & Vet",FALSE,2.99794661190965
"NNF23OC0085964",2023,"Health",FALSE,5.08145106091718
"NNF23OC0085973",2023,"Health",FALSE,2.99794661190965
"NNF23OC0085981",2023,"Health",FALSE,3.74537987679671
"NNF23OC0085985",2023,"Social Sciences",FALSE,1.99863107460643
"NNF23OC0086015",2023,"Health",FALSE,1.99863107460643
"NNF23OC0086029",2023,"Engineering & Tech",FALSE,2.99520876112252
"NNF23OC0086032",2023,"Agriculture & Vet",FALSE,2.99520876112252
"NNF23OC0086059",2023,"Agriculture & Vet",FALSE,2.99520876112252
"NNF23OC0086060",2023,"Health",FALSE,2.49691991786448
"NNF23OC0086062",2023,"Health",FALSE,2.99520876112252
"NNF23OC0086065",2023,"Social Sciences",FALSE,1.99863107460643
"NNF23OC0086066",2023,"Natural Sciences",FALSE,2.99794661190965
"NNF23OC0086079",2023,"Social Sciences",FALSE,2.49418206707734
"NNF23OC0086081",2023,"Health",FALSE,2.99520876112252
"NNF23OC0086088",2023,"Health",FALSE,2.99794661190965
"NNF23OC0086093",2023,"Engineering & Tech",FALSE,2.99520876112252
"NNF23OC0086103",2023,"Natural Sciences",FALSE,2.99794661190965
"NNF23OC0086106",2023,"Health",FALSE,2.99794661190965
"NNF23OC0086111",2023,"Health",FALSE,3.57837097878166
"NNF23OC0086115",2023,"Health",FALSE,2.99794661190965
"NNF23OC0086124",2023,"Social Sciences",FALSE,2.99794661190965
"NNF23OC0086127",2023,"Natural Sciences",FALSE,2.99520876112252
"NNF23OC0086158",2023,"Agriculture & Vet",FALSE,2.99794661190965
"NNF23OC0086187",2023,"Health",FALSE,3.33196440793977
"NNF23OC0086204",2023,"Health",FALSE,3.99726214921287
"NNF23OC0086205",2023,"Agriculture & Vet",TRUE,3.41409993155373
"NNF23OC0086218",2023,"Health",FALSE,3.89869952087611
"NNF23OC0086220",2023,"Health",FALSE,2.99794661190965
"NNF23OC0086225",2023,"Health",FALSE,3.99726214921287
"NNF23OC0086230",2023,"Agriculture & Vet",FALSE,3.66598220396988
"NNF23OC0086233",2023,"Engineering & Tech",FALSE,2.99520876112252
"NNF23OC0086236",2023,"Natural Sciences",FALSE,2.99794661190965
"NNF23OC0086251",2023,"Agriculture & Vet",FALSE,2.99520876112252
"NNF23OC0086264",2023,"Health",FALSE,2.24503764544832
"NNF23OC0086322",2023,"Health",FALSE,2.99794661190965
"NNF23OC0086341",2023,"Agriculture & Vet",FALSE,2.99794661190965
"NNF23OC0086346",2023,"Agriculture & Vet",FALSE,0.832306639288159
"NNF23OC0086369",2023,"Health",FALSE,2.99520876112252
"NNF23OC0086403",2023,"Engineering & Tech",FALSE,2.99247091033539
"NNF23OC0086406",2023,"Agriculture & Vet",FALSE,1.08418891170431
"NNF23OC0086413",2023,"Natural Sciences",FALSE,2.99520876112252
"NNF23OC0086414",2023,"Natural Sciences",FALSE,1.99863107460643
"NNF23OC0086419",2023,"Health",FALSE,2.99520876112252
"NNF23OC0086420",2023,"Health",FALSE,1.9958932238193
"NNF23OC0086433",2023,"Health",FALSE,2.99794661190965
"NNF23OC0086434",2023,"Health",FALSE,2.99520876112252
"NNF23OC0086443",2023,"Health",FALSE,2.99794661190965
"NNF23OC0086449",2023,"Social Sciences",FALSE,2.66392881587953
"NNF23OC0086457",2023,"Social Sciences",FALSE,2.99794661190965
"NNF23OC0086458",2023,"Agriculture & Vet",FALSE,2.99794661190965
"NNF23OC0086472",2023,"Engineering & Tech",FALSE,2.99520876112252
"NNF23OC0086473",2023,"Health",FALSE,2.99794661190965
"NNF23OC0086482",2023,"Health",FALSE,2.99520876112252
"NNF23OC0086515",2023,"Health",FALSE,2.99520876112252
"NNF23OC0086516",2023,"Agriculture & Vet",FALSE,2.99794661190965
"NNF23OC0086520",2023,"Engineering & Tech",FALSE,4.24640657084189
"NNF23OC0086551",2023,"Health",FALSE,3.58110882956879
"NNF23OC0086557",2023,"Social Sciences",FALSE,1.99863107460643
"NNF23OC0086586",2023,"Social Sciences",FALSE,2.99794661190965
"NNF23OC0086588",2023,"Health",FALSE,2.99794661190965
"NNF23OC0086595",2023,"Health",FALSE,2.99520876112252
"NNF23OC0086599",2023,"Engineering & Tech",FALSE,5.57973990417522
"NNF23OC0086610",2023,"Health",FALSE,4.99931553730322
"NNF23OC0086620",2023,"Social Sciences",FALSE,2.99794661190965
"NNF23OC0086639",2023,"Natural Sciences",FALSE,4.6652977412731
"NNF23OC0086670",2023,"Natural Sciences",FALSE,3.99726214921287
"NNF23OC0086671",2023,"Health",FALSE,5.99863107460643
"NNF23OC0086674",2023,"Social Sciences",FALSE,2.99794661190965
"NNF23OC0086685",2023,"Social Sciences",FALSE,2.83367556468172
"NNF23OC0086690",2023,"Social Sciences",FALSE,1.4072553045859
"NNF23OC0086698",2023,"Social Sciences",FALSE,1.99863107460643
"NNF23OC0086701",2023,"Social Sciences",FALSE,3.15400410677618
"NNF23OC0086710",2023,"Social Sciences",FALSE,1.08418891170431
"NNF23OC0086712",2023,"Natural Sciences",FALSE,2.99520876112252
"NNF23OC0086721",2023,"Social Sciences",FALSE,0.999315537303217
"NNF23OC0086722",2023,"Natural Sciences",FALSE,3.32922655715264
"NNF23OC0086728",2023,"Health",FALSE,1.58247775496235
"NNF23OC0086730",2023,"Natural Sciences",FALSE,4.08213552361396
"NNF23OC0086732",2023,"Health",FALSE,2.00136892539357
"NNF23OC0086761",2023,"Health",FALSE,2.99794661190965
"NNF23OC0086786",2023,"Social Sciences",FALSE,3.49349760438056
"NNF23OC0086796",2023,"Social Sciences",FALSE,0.774811772758385
"NNF23OC0086800",2023,"Health",FALSE,2.66392881587953
"NNF23OC0086815",2023,"Natural Sciences",TRUE,2.99794661190965
"NNF23OC0086816",2023,"Engineering & Tech",FALSE,2.99794661190965
"NNF23OC0086828",2023,"Social Sciences",FALSE,0.665297741273101
"NNF23OC0086831",2023,"Health",FALSE,2.99520876112252
"NNF23OC0086843",2023,"Social Sciences",FALSE,0.331279945242984
"NNF23OC0086848",2023,"Social Sciences",FALSE,5.99863107460643
"NNF23OC0086884",2023,"Social Sciences",FALSE,2.99794661190965
"NNF23OC0086891",2023,"Natural Sciences",FALSE,2.99520876112252
"NNF23OC0086893",2023,"Social Sciences",FALSE,1.99863107460643
"NNF23OC0086902",2023,"Natural Sciences",FALSE,2.99520876112252
"NNF23OC0086946",2023,"Social Sciences",FALSE,0.9637234770705
"NNF23OC0086979",2023,"Health",FALSE,2.99520876112252
"NNF23OC0086984",2023,"Natural Sciences",FALSE,2.99520876112252
"NNF23OC0087010",2023,"Health",FALSE,2.99794661190965
"NNF23OC0087014",2023,"Health",FALSE,1.9958932238193
"NNF23OC0087077",2023,"Health",TRUE,2.99794661190965
"NNF23OC0087090",2023,"Natural Sciences",FALSE,2.99520876112252
"NNF23OC0087091",2023,"Health",FALSE,2.99520876112252
"NNF23OC0087092",2023,"Health",FALSE,0.97741273100616
"NNF23OC0087093",2023,"Natural Sciences",FALSE,2.99794661190965
"NNF23OC0087095",2023,"Health",FALSE,2.99794661190965
"NNF23OC0087102",2023,"Natural Sciences",TRUE,2.99520876112252
"NNF23OC0087108",2023,"Health",FALSE,1.20465434633812
"NNF23OC0087181",2023,"Health",FALSE,0.914442162902122
"NNF23OC0087210",2023,"Health",FALSE,1.49486652977413
"NNF23OC0087215",2023,"Health",FALSE,1.99863107460643
"NNF23OC0087223",2023,"Health",FALSE,1.99863107460643
"NNF23OC0087224",2023,"Health",FALSE,2.99794661190965
"NNF23OC0087229",2023,"Natural Sciences",FALSE,3.99726214921287
"NNF23OC0087232",2023,"Health",FALSE,3.49349760438056
"NNF23OC0087234",2023,"Health",FALSE,2.99794661190965
"NNF23OC0087238",2023,"Health",FALSE,1.66187542778919
"NNF23OC0087269",2023,"Health",FALSE,4.99931553730322
"NNF23OC0087330",2023,"Health",FALSE,2.99794661190965
"NNF23OC0087338",2023,"Health",FALSE,3.08281998631075
"NNF23OC0087360",2023,"Health",FALSE,1.9958932238193
"NNF23OC0087363",2023,"Health",FALSE,0.999315537303217
"NNF23OC0087454",2023,"Health",FALSE,0.914442162902122
"NNF23OC0087478",2023,"Engineering & Tech",FALSE,4.49281314168378
"NNF23OC0087487",2023,"Natural Sciences",TRUE,0.0054757015742642
"NNF23OC0087494",2023,"Agriculture & Vet",FALSE,0.747433264887064
"NNF23OC0087498",2023,"Health",FALSE,0.736481861738535
"NNF23OC0087524",2023,"Engineering & Tech",TRUE,3.99726214921287
"NNF23OC0087529",2023,"Health",FALSE,0.835044490075291
"NNF23OC0087537",2023,"Health",TRUE,0.999315537303217
"NNF23OC0087550",2023,"Natural Sciences",FALSE,0.744695414099932
"NNF23OC0087585",2023,"Agriculture & Vet",FALSE,0.0766598220396988
"NNF23OC0087591",2023,"Health",FALSE,0.936344969199179
"NNF23OC0087612",2023,"Agriculture & Vet",TRUE,3.99726214921287
"NNF23OC0087614",2023,"Health",FALSE,0.336755646817248
"NNF23OC0087616",2023,"Health",FALSE,3.99726214921287
"NNF23OC0087627",2023,"Engineering & Tech",FALSE,0.996577686516085
"NNF23OC0087637",2023,"Natural Sciences",TRUE,0.914442162902122
"NNF23OC0087657",2023,"Humanities",FALSE,0.804928131416838
"NNF23OC0087668",2023,"Health",FALSE,0.427104722792608
"NNF23OC0087689",2023,"Health",FALSE,0.750171115674196
"NNF23OC0087739",2023,"Natural Sciences",TRUE,0.835044490075291
"NNF23SA0083952",2023,"Health",FALSE,1.08145106091718
"NNF23SA0083953",2023,"Health",FALSE,0.58590006844627
"NNF23SA0083954",2023,"Health",FALSE,1.9958932238193
"NNF23SA0083955",2023,"Health",FALSE,0.58590006844627
"NNF23SA0083996",2023,"Social Sciences",FALSE,4.66803559206023
"NNF23SA0084014",2023,"Engineering & Tech",FALSE,1.6974674880219
"NNF23SA0084015",2023,"Health",FALSE,1.6974674880219
"NNF23SA0084064",2023,"Engineering & Tech",FALSE,0.999315537303217
"NNF23SA0084065",2023,"Engineering & Tech",FALSE,0.999315537303217
"NNF23SA0084094",2023,"Health",FALSE,4.50102669404517
"NNF23SA0084103",2023,"Health",FALSE,4.99931553730322
"NNF23SA0084139",2023,"Health",FALSE,0.999315537303217
"NNF23SA0084140",2023,"Agriculture & Vet",FALSE,1.41820670773443
"NNF23SA0084164",2023,"Health",FALSE,0.668035592060233
"NNF23SA0084231",2023,"Social Sciences",FALSE,6.75154004106776
"NNF23SA0084502",2023,"Agriculture & Vet",FALSE,1.58521560574949
"NNF23SA0084504",2023,"Health",FALSE,3.33196440793977
"NNF23SA0084677",2023,"Health",FALSE,5.08418891170431
"NNF23SA0085049",2023,"Social Sciences",FALSE,4.99931553730322
"NNF23SA0085453",2023,"Health",FALSE,0.999315537303217
"NNF23SA0085752",2023,"Health",FALSE,0.501026694045175
"NNF23SA0085753",2023,"Health",FALSE,0.501026694045175
"NNF23SA0085754",2023,"Health",FALSE,0.501026694045175
"NNF23SA0085755",2023,"Health",FALSE,0.501026694045175
"NNF23SA0085758",2023,"Health",FALSE,0.501026694045175
"NNF23SA0085765",2023,"Health",FALSE,0.501026694045175
"NNF23SA0086091",2023,"Other",FALSE,2.99794661190965
"NNF23SA0086122",2023,"Agriculture & Vet",FALSE,4.99931553730322
"NNF23SA0086129",2023,"Health",FALSE,1.9958932238193
"NNF23SA0086470",2023,"Health",FALSE,6.99794661190965
"NNF23SA0086872",2023,"Agriculture & Vet",FALSE,1.99863107460643
"NNF23SA0087056",2023,"Health",FALSE,5.00205338809035
"NNF23SA0087072",2023,"Health",FALSE,0.249144421629021
"NNF23SA0087075",2023,"Health",FALSE,0.331279945242984
"NNF23SA0087194",2023,"Agriculture & Vet",FALSE,2.99794661190965
"NNF23SA0087252",2023,"Health",FALSE,2.49418206707734
"NNF23SA0087322",2023,"Social Sciences",FALSE,2.99794661190965
"NNF23SA0087324",2023,"Social Sciences",FALSE,4.99931553730322
"NNF23SA0087356",2023,"Agriculture & Vet",FALSE,2.2861054072553
"NNF23SA0087387",2023,"Health",FALSE,2.99794661190965
"NNF23SA0087411",2023,"Health",FALSE,1.9958932238193
"NNF23SA0087412",2023,"Health",FALSE,1.99863107460643
"NNF23SA0087414",2023,"Health",FALSE,4
"NNF23SA0087432",2023,"Health",FALSE,5.41820670773443
"NNF23SA0087433",2023,"Health",FALSE,4.99657768651609
"NNF23SA0087434",2023,"Health",FALSE,4.99657768651609
"NNF23SA0087435",2023,"Health",FALSE,4.99931553730322
"NNF23SA0087469",2023,"Health",FALSE,1.49486652977413
"NNF23SA0087576",2023,"Agriculture & Vet",FALSE,3.16495550992471
"NNF23SA0087833",2023,"Social Sciences",FALSE,2.49418206707734
"NNF23SA0087840",2023,"Health",FALSE,1.96030116358658
"NNF23SA0087841",2023,"Health",FALSE,1.96030116358658
"NNF23SA0087866",2023,"Health",FALSE,3.99726214921287
"NNF23SA0087869",2023,"Health",FALSE,5.9958932238193
"NNF23SA0087950",2023,"Social Sciences",FALSE,1.99863107460643
"NNF23SA0088060",2023,"Health",FALSE,2.99520876112252
"NNF23SA0088063",2023,"Health",FALSE,1.9958932238193
"NNF23SA0088069",2023,"Health",FALSE,2.99520876112252
"NNF23SA0088070",2023,"Health",FALSE,1.9958932238193
"NNF23SA0088230",2023,"Agriculture & Vet",FALSE,2.24777549623546
"NNF23SA0088394",2023,"Health",FALSE,6.99520876112252
"NNF23SA0088433",2023,"Engineering & Tech",FALSE,5.9958932238193
"NNF23SA0088436",2023,"Social Sciences",FALSE,1.9958932238193
"NNF23SA0088461",2023,"Social Sciences",FALSE,5.9958932238193
"NNF23SA0088538",2023,"Social Sciences",FALSE,2.99794661190965
"NNF23SA0088557",2023,"Health",FALSE,4.99931553730322
"NNF23SA0088609",2023,"Social Sciences",FALSE,0.999315537303217
"NNF23SA0088616",2023,"Engineering & Tech",FALSE,2.99520876112252
"NNF23SA0088977",2023,"Health",FALSE,10.4969199178645
"NNF24SA0088467",2023,"Social Sciences",FALSE,3.99726214921287
"NNF21OC0062473",2022,"Health",FALSE,4.99657768651609
"NNF21OC0063359",2022,"Health",FALSE,3.99726214921287
"NNF21OC0067282",2022,"Agriculture & Vet",FALSE,4.99657768651609
"NNF21OC0071392",2022,"Engineering & Tech",FALSE,4.32580424366872
"NNF21OC0072281",2022,"Health",FALSE,0.996577686516085
"NNF21OC0072586",2022,"Agriculture & Vet",FALSE,2.54893908281999
"NNF21OC0072595",2022,"Health",FALSE,0.996577686516085
"NNF21OC0072611",2022,"Health",FALSE,0.996577686516085
"NNF21OC0072718",2022,"Health",FALSE,0.996577686516085
"NNF21OC0072883",2022,"Engineering & Tech",FALSE,0.996577686516085
"NNF21OC0072895",2022,"Other",FALSE,0.996577686516085
"NNF21OC0072902",2022,"Social Sciences",FALSE,0.996577686516085
"NNF21OC0072912",2022,"Health",FALSE,0.996577686516085
"NNF21OC0072930",2022,"Health",FALSE,0.996577686516085
"NNF21OC0072941",2022,"Health",FALSE,0.996577686516085
"NNF21OC0072947",2022,"Humanities",FALSE,0.996577686516085
"NNF21OC0072971",2022,"Health",FALSE,0.996577686516085
"NNF21OC0072984",2022,"Health",FALSE,0.996577686516085
"NNF21OC0072992",2022,"Humanities",FALSE,0.996577686516085
"NNF21SA0073881",2022,"Health",FALSE,2.49691991786448
"NNF21SA0076709",2022,"Health",FALSE,2.99794661190965
"NNF21SA0077662",2022,"Health",FALSE,0.996577686516085
"NNF22OC0070845",2022,"Health",FALSE,6.99794661190965
"NNF22OC0071010",2022,"Health",FALSE,6.99794661190965
"NNF22OC0071130",2022,"Health",FALSE,4.99657768651609
"NNF22OC0071498",2022,"Engineering & Tech",TRUE,4.99657768651609
"NNF22OC0071609",2022,"Health",FALSE,6.99794661190965
"NNF22OC0071681",2022,"Health",FALSE,5.99863107460643
"NNF22OC0071701",2022,"Agriculture & Vet",FALSE,6.99794661190965
"NNF22OC0071934",2022,"Natural Sciences",FALSE,6.99794661190965
"NNF22OC0072014",2022,"Health",FALSE,6.99794661190965
"NNF22OC0072415",2022,"Other",TRUE,5.99863107460643
"NNF22OC0072567",2022,"Health",FALSE,7.99726214921287
"NNF22OC0072891",2022,"Natural Sciences",FALSE,5.99863107460643
"NNF22OC0072904",2022,"Health",FALSE,4.99657768651609
"NNF22OC0072911",2022,"Agriculture & Vet",FALSE,5.99863107460643
"NNF22OC0072951",2022,"Health",FALSE,5.24572210814511
"NNF22OC0072961",2022,"Health",FALSE,5.99863107460643
"NNF22OC0073038",2022,"Health",FALSE,4.99657768651609
"NNF22OC0073101",2022,"Health",FALSE,4.99657768651609
"NNF22OC0073176",2022,"Agriculture & Vet",FALSE,4.99657768651609
"NNF22OC0073221",2022,"Engineering & Tech",FALSE,5.66461327857632
"NNF22OC0073260",2022,"Humanities",FALSE,4.07939767282683
"NNF22OC0073440",2022,"Health",FALSE,3.99726214921287
"NNF22OC0073452",2022,"Health",FALSE,4.24914442162902
"NNF22OC0073507",2022,"Health",FALSE,3.99726214921287
"NNF22OC0073552",2022,"Health",FALSE,4.99657768651609
"NNF22OC0073571",2022,"Health",FALSE,4.99657768651609
"NNF22OC0073582",2022,"Health",FALSE,4.99657768651609
"NNF22OC0073684",2022,"Health",FALSE,3.99726214921287
"NNF22OC0073734",2022,"Engineering & Tech",FALSE,6.99794661190965
"NNF22OC0073736",2022,"Health",FALSE,4.99657768651609
"NNF22OC0073746",2022,"Humanities",FALSE,1.99863107460643
"NNF22OC0073778",2022,"Health",FALSE,4.99657768651609
"NNF22OC0073784",2022,"Health",FALSE,4.99657768651609
"NNF22OC0073793",2022,"Health",FALSE,4.99657768651609
"NNF22OC0073817",2022,"Health",FALSE,3.99726214921287
"NNF22OC0073843",2022,"Humanities",FALSE,2.99794661190965
"NNF22OC0073884",2022,"Health",FALSE,4.99657768651609
"NNF22OC0073947",2022,"Health",FALSE,3.99726214921287
"NNF22OC0073963",2022,"Engineering & Tech",FALSE,5.49760438056126
"NNF22OC0073967",2022,"Health",FALSE,3.99726214921287
"NNF22OC0074006",2022,"Health",FALSE,3.99726214921287
"NNF22OC0074060",2022,"Engineering & Tech",FALSE,4.99657768651609
"NNF22OC0074062",2022,"Humanities",FALSE,3.41683778234086
"NNF22OC0074080",2022,"Health",FALSE,4.99657768651609
"NNF22OC0074083",2022,"Health",FALSE,5.3305954825462
"NNF22OC0074110",2022,"Health",FALSE,4.99657768651609
"NNF22OC0074128",2022,"Health",FALSE,4.99657768651609
"NNF22OC0074140",2022,"Health",FALSE,5.08145106091718
"NNF22OC0074176",2022,"Health",FALSE,5.4154688569473
"NNF22OC0074276",2022,"Health",FALSE,4.99657768651609
"NNF22OC0074308",2022,"Health",FALSE,4.99657768651609
"NNF22OC0074334",2022,"Humanities",FALSE,2.99794661190965
"NNF22OC0074351",2022,"Agriculture & Vet",FALSE,4.99657768651609
"NNF22OC0074355",2022,"Health",FALSE,5.99863107460643
"NNF22OC0074363",2022,"Health",FALSE,3.99726214921287
"NNF22OC0074397",2022,"Health",FALSE,4.99931553730322
"NNF22OC0074415",2022,"Health",FALSE,3.99726214921287
"NNF22OC0074439",2022,"Natural Sciences",FALSE,4.99657768651609
"NNF22OC0074481",2022,"Health",FALSE,4.99657768651609
"NNF22OC0074491",2022,"Health",FALSE,4.99657768651609
"NNF22OC0074595",2022,"Health",FALSE,4.99657768651609
"NNF22OC0074613",2022,"Humanities",FALSE,0.996577686516085
"NNF22OC0074616",2022,"Engineering & Tech",FALSE,3.99726214921287
"NNF22OC0074634",2022,"Engineering & Tech",FALSE,4.99657768651609
"NNF22OC0074640",2022,"Engineering & Tech",TRUE,6.99794661190965
"NNF22OC0074648",2022,"Engineering & Tech",FALSE,4.99657768651609
"NNF22OC0074659",2022,"Humanities",FALSE,2.99794661190965
"NNF22OC0074668",2022,"Humanities",FALSE,1.99863107460643
"NNF22OC0074677",2022,"Health",FALSE,4.99657768651609
"NNF22OC0074704",2022,"Health",FALSE,4.99657768651609
"NNF22OC0074714",2022,"Health",FALSE,5.99863107460643
"NNF22OC0074727",2022,"Agriculture & Vet",FALSE,4.99657768651609
"NNF22OC0074737",2022,"Humanities",FALSE,3.66872005475702
"NNF22OC0074748",2022,"Agriculture & Vet",FALSE,4.99657768651609
"NNF22OC0074845",2022,"Humanities",FALSE,2.99794661190965
"NNF22OC0074956",2022,"Health",FALSE,4.99657768651609
"NNF22OC0074995",2022,"Agriculture & Vet",FALSE,4.99657768651609
"NNF22OC0075019",2022,"Health",TRUE,4.74469541409993
"NNF22OC0075033",2022,"Health",FALSE,5.58247775496235
"NNF22OC0075038",2022,"Health",FALSE,4.99657768651609
"NNF22OC0075146",2022,"Health",FALSE,4.99657768651609
"NNF22OC0075180",2022,"Natural Sciences",FALSE,6.99794661190965
"NNF22OC0075193",2022,"Agriculture & Vet",FALSE,4.99657768651609
"NNF22OC0075245",2022,"Health",FALSE,4.99657768651609
"NNF22OC0075258",2022,"Engineering & Tech",FALSE,4.99931553730322
"NNF22OC0075284",2022,"Natural Sciences",TRUE,4.99931553730322
"NNF22OC0075296",2022,"Health",FALSE,4.99657768651609
"NNF22OC0075311",2022,"Humanities",FALSE,2.46680355920602
"NNF22OC0075351",2022,"Humanities",FALSE,0.996577686516085
"NNF22OC0075387",2022,"Natural Sciences",FALSE,4.99657768651609
"NNF22OC0075392",2022,"Humanities",FALSE,3.99726214921287
"NNF22OC0075430",2022,"Humanities",FALSE,2.48049281314168
"NNF22OC0075431",2022,"Humanities",FALSE,1.99863107460643
"NNF22OC0075778",2022,"Other",TRUE,5.3305954825462
"NNF22OC0075787",2022,"Agriculture & Vet",FALSE,5.3305954825462
"NNF22OC0075793",2022,"Agriculture & Vet",TRUE,3.99726214921287
"NNF22OC0075797",2022,"Natural Sciences",FALSE,4.99657768651609
"NNF22OC0075808",2022,"Natural Sciences",FALSE,4.99657768651609
"NNF22OC0075825",2022,"Health",FALSE,3.49349760438056
"NNF22OC0075850",2022,"Health",FALSE,2.16563997262149
"NNF22OC0075851",2022,"Engineering & Tech",FALSE,4.99657768651609
"NNF22OC0075917",2022,"Health",FALSE,1.08145106091718
"NNF22OC0075937",2022,"Engineering & Tech",FALSE,6.99794661190965
"NNF22OC0075951",2022,"Health",TRUE,3.99726214921287
"NNF22OC0075972",2022,"Natural Sciences",FALSE,6.99794661190965
"NNF22OC0075986",2022,"Natural Sciences",FALSE,6.99794661190965
"NNF22OC0076002",2022,"Engineering & Tech",FALSE,4.99657768651609
"NNF22OC0076017",2022,"Natural Sciences",FALSE,6.99794661190965
"NNF22OC0076023",2022,"Health",FALSE,0.996577686516085
"NNF22OC0076039",2022,"Natural Sciences",TRUE,6.99794661190965
"NNF22OC0076055",2022,"Health",FALSE,2.99794661190965
"NNF22OC0076057",2022,"Health",FALSE,0.996577686516085
"NNF22OC0076080",2022,"Health",FALSE,1.66461327857632
"NNF22OC0076144",2022,"Natural Sciences",FALSE,4.99657768651609
"NNF22OC0076184",2022,"Natural Sciences",TRUE,5.91375770020534
"NNF22OC0076269",2022,"Agriculture & Vet",FALSE,0.172484599589322
"NNF22OC0076296",2022,"Health",FALSE,1.49486652977413
"NNF22OC0076382",2022,"Health",FALSE,0.996577686516085
"NNF22OC0076385",2022,"Health",FALSE,2.7460643394935
"NNF22OC0076414",2022,"Health",FALSE,4.99657768651609
"NNF22OC0076459",2022,"Social Sciences",FALSE,2.99794661190965
"NNF22OC0076475",2022,"Health",FALSE,4.99657768651609
"NNF22OC0076540",2022,"Health",FALSE,3.99726214921287
"NNF22OC0076567",2022,"Health",FALSE,2.99794661190965
"NNF22OC0076570",2022,"Health",FALSE,1.74674880219028
"NNF22OC0076595",2022,"Natural Sciences",FALSE,4.99657768651609
"NNF22OC0076607",2022,"Health",FALSE,1.50308008213552
"NNF22OC0076658",2022,"Natural Sciences",TRUE,4.99657768651609
"NNF22OC0076681",2022,"Health",FALSE,0.996577686516085
"NNF22OC0076685",2022,"Social Sciences",FALSE,2.99794661190965
"NNF22OC0076689",2022,"Health",FALSE,2.99794661190965
"NNF22OC0076725",2022,"Natural Sciences",TRUE,4.99931553730322
"NNF22OC0076726",2022,"Social Sciences",FALSE,3.41683778234086
"NNF22OC0076770",2022,"Health",FALSE,1.4154688569473
"NNF22OC0076777",2022,"Health",FALSE,3.34017796030116
"NNF22OC0076798",2022,"Health",FALSE,2.08350444900753
"NNF22OC0076808",2022,"Health",FALSE,0.996577686516085
"NNF22OC0076816",2022,"Natural Sciences",FALSE,4.99657768651609
"NNF22OC0076842",2022,"Social Sciences",FALSE,4.99657768651609
"NNF22OC0076869",2022,"Social Sciences",FALSE,4.49281314168378
"NNF22OC0076877",2022,"Health",TRUE,4.99931553730322
"NNF22OC0076884",2022,"Social Sciences",FALSE,2.99794661190965
"NNF22OC0076891",2022,"Health",FALSE,1.3305954825462
"NNF22OC0076899",2022,"Natural Sciences",TRUE,4.99657768651609
"NNF22OC0076907",2022,"Natural Sciences",TRUE,5.16084873374401
"NNF22OC0076924",2022,"Health",FALSE,1.4154688569473
"NNF22OC0076931",2022,"Social Sciences",FALSE,2.99794661190965
"NNF22OC0076972",2022,"Social Sciences",FALSE,4.99657768651609
"NNF22OC0076979",2022,"Health",FALSE,4.41615331964408
"NNF22OC0077005",2022,"Social Sciences",FALSE,1.99863107460643
"NNF22OC0077040",2022,"Agriculture & Vet",TRUE,3.99726214921287
"NNF22OC0077058",2022,"Health",TRUE,5.49486652977413
"NNF22OC0077064",2022,"Agriculture & Vet",FALSE,0.996577686516085
"NNF22OC0077099",2022,"Other",FALSE,3.99726214921287
"NNF22OC0077120",2022,"Health",FALSE,2.99794661190965
"NNF22OC0077122",2022,"Health",FALSE,3.99726214921287
"NNF22OC0077128",2022,"Social Sciences",FALSE,0.996577686516085
"NNF22OC0077183",2022,"Health",FALSE,3.99726214921287
"NNF22OC0077221",2022,"Health",FALSE,4.99657768651609
"NNF22OC0077306",2022,"Engineering & Tech",FALSE,0.996577686516085
"NNF22OC0077372",2022,"Natural Sciences",FALSE,0.996577686516085
"NNF22OC0077381",2022,"Health",FALSE,0.996577686516085
"NNF22OC0077390",2022,"Health",FALSE,4.99657768651609
"NNF22OC0077398",2022,"Humanities",FALSE,0.996577686516085
"NNF22OC0077425",2022,"Health",FALSE,0.996577686516085
"NNF22OC0077429",2022,"Agriculture & Vet",FALSE,0.996577686516085
"NNF22OC0077432",2022,"Agriculture & Vet",FALSE,0.996577686516085
"NNF22OC0077446",2022,"Health",FALSE,3.99726214921287
"NNF22OC0077454",2022,"Health",FALSE,3.99726214921287
"NNF22OC0077455",2022,"Other",FALSE,2.99794661190965
"NNF22OC0077471",2022,"Health",FALSE,2.99794661190965
"NNF22OC0077474",2022,"Health",FALSE,3.99726214921287
"NNF22OC0077502",2022,"Health",FALSE,1.99863107460643
"NNF22OC0077548",2022,"Health",FALSE,4.99657768651609
"NNF22OC0077572",2022,"Health",FALSE,3.99726214921287
"NNF22OC0077588",2022,"Health",FALSE,3.99726214921287
"NNF22OC0077593",2022,"Other",FALSE,3.99726214921287
"NNF22OC0077631",2022,"Health",TRUE,4.99657768651609
"NNF22OC0077684",2022,"Other",FALSE,5.41820670773443
"NNF22OC0077698",2022,"Other",TRUE,4.99657768651609
"NNF22OC0077730",2022,"Health",FALSE,5.99863107460643
"NNF22OC0077741",2022,"Health",FALSE,2.99794661190965
"NNF22OC0077756",2022,"Health",FALSE,4.66255989048597
"NNF22OC0077869",2022,"Health",FALSE,0.996577686516085
"NNF22OC0077893",2022,"Health",TRUE,5.74674880219028
"NNF22OC0077897",2022,"Other",FALSE,4.08213552361396
"NNF22OC0077911",2022,"Health",FALSE,1.99863107460643
"NNF22OC0077964",2022,"Other",FALSE,3.99726214921287
"NNF22OC0077971",2022,"Health",FALSE,0.996577686516085
"NNF22OC0077983",2022,"Health",FALSE,2.99794661190965
"NNF22OC0078006",2022,"Health",FALSE,2.99794661190965
"NNF22OC0078009",2022,"Health",TRUE,4.99931553730322
"NNF22OC0078062",2022,"Health",FALSE,4.99657768651609
"NNF22OC0078094",2022,"Health",FALSE,4.99657768651609
"NNF22OC0078104",2022,"Health",FALSE,2.99794661190965
"NNF22OC0078140",2022,"Health",FALSE,2.99794661190965
"NNF22OC0078153",2022,"Health",FALSE,2.99794661190965
"NNF22OC0078156",2022,"Health",FALSE,4.99931553730322
"NNF22OC0078157",2022,"Health",FALSE,1.99863107460643
"NNF22OC0078173",2022,"Health",FALSE,2.99794661190965
"NNF22OC0078175",2022,"Health",FALSE,1.12251882272416
"NNF22OC0078203",2022,"Health",FALSE,1.41273100616016
"NNF22OC0078208",2022,"Health",FALSE,2.99794661190965
"NNF22OC0078215",2022,"Health",FALSE,2.99794661190965
"NNF22OC0078217",2022,"Health",FALSE,2.99794661190965
"NNF22OC0078219",2022,"Health",FALSE,2.99794661190965
"NNF22OC0078222",2022,"Health",FALSE,0.996577686516085
"NNF22OC0078228",2022,"Other",TRUE,3.99726214921287
"NNF22OC0078239",2022,"Health",FALSE,0.996577686516085
"NNF22OC0078255",2022,"Health",FALSE,2.99794661190965
"NNF22OC0078257",2022,"Health",FALSE,0.999315537303217
"NNF22OC0078267",2022,"Health",FALSE,1.57973990417522
"NNF22OC0078288",2022,"Health",FALSE,1.99863107460643
"NNF22OC0078301",2022,"Health",FALSE,1.07597535934292
"NNF22OC0078329",2022,"Health",FALSE,3.99726214921287
"NNF22OC0078344",2022,"Health",FALSE,1.99863107460643
"NNF22OC0078353",2022,"Health",FALSE,1.99863107460643
"NNF22OC0078361",2022,"Health",FALSE,2.99794661190965
"NNF22OC0078367",2022,"Health",FALSE,0.996577686516085
"NNF22OC0078384",2022,"Health",FALSE,2.99794661190965
"NNF22OC0078393",2022,"Health",TRUE,1.99863107460643
"NNF22OC0078419",2022,"Health",FALSE,2.99794661190965
"NNF22OC0078421",2022,"Health",FALSE,1.99863107460643
"NNF22OC0078444",2022,"Health",FALSE,2.99794661190965
"NNF22OC0078449",2022,"Health",FALSE,1.99863107460643
"NNF22OC0078454",2022,"Health",FALSE,1.99863107460643
"NNF22OC0078476",2022,"Health",FALSE,3.99726214921287
"NNF22OC0078484",2022,"Health",FALSE,2.99794661190965
"NNF22OC0078574",2022,"Health",FALSE,2.99794661190965
"NNF22OC0078605",2022,"Health",FALSE,4.99657768651609
"NNF22OC0078703",2022,"Agriculture & Vet",FALSE,3.99726214921287
"NNF22OC0078707",2022,"Social Sciences",FALSE,3.49897330595483
"NNF22OC0078717",2022,"Social Sciences",FALSE,3.95893223819302
"NNF22OC0078726",2022,"Engineering & Tech",TRUE,2.99794661190965
"NNF22OC0078728",2022,"Social Sciences",FALSE,3.99452429842574
"NNF22OC0078741",2022,"Engineering & Tech",FALSE,1.66735112936345
"NNF22OC0078747",2022,"Health",FALSE,2.99794661190965
"NNF22OC0078756",2022,"Health",FALSE,2.99794661190965
"NNF22OC0078840",2022,"Social Sciences",FALSE,2.34633812457221
"NNF22OC0078846",2022,"Engineering & Tech",FALSE,3.58384668035592
"NNF22OC0078858",2022,"Social Sciences",FALSE,1.99315537303217
"NNF22OC0078863",2022,"Health",FALSE,3.66324435318275
"NNF22OC0078898",2022,"Engineering & Tech",FALSE,3.57837097878166
"NNF22OC0078920",2022,"Health",FALSE,4.41341546885695
"NNF22OC0078921",2022,"Health",FALSE,2.99794661190965
"NNF22OC0078939",2022,"Natural Sciences",TRUE,2.99794661190965
"NNF22OC0078942",2022,"Other",FALSE,2.99794661190965
"NNF22OC0078971",2022,"Health",FALSE,2.99794661190965
"NNF22OC0078997",2022,"Engineering & Tech",FALSE,2.99794661190965
"NNF22OC0079001",2022,"Social Sciences",FALSE,1.4154688569473
"NNF22OC0079004",2022,"Health",FALSE,3.99726214921287
"NNF22OC0079011",2022,"Social Sciences",FALSE,2.99794661190965
"NNF22OC0079013",2022,"Health",FALSE,3.99726214921287
"NNF22OC0079020",2022,"Social Sciences",FALSE,3.49349760438056
"NNF22OC0079021",2022,"Engineering & Tech",FALSE,1.99863107460643
"NNF22OC0079035",2022,"Health",FALSE,4.99657768651609
"NNF22OC0079038",2022,"Health",FALSE,3.75085557837098
"NNF22OC0079064",2022,"Engineering & Tech",FALSE,3.58658453114305
"NNF22OC0079075",2022,"Natural Sciences",FALSE,2.99794661190965
"NNF22OC0079084",2022,"Engineering & Tech",FALSE,2.99794661190965
"NNF22OC0079091",2022,"Health",FALSE,2.99794661190965
"NNF22OC0079093",2022,"Engineering & Tech",FALSE,3.49897330595483
"NNF22OC0079146",2022,"Engineering & Tech",FALSE,3.49623545516769
"NNF22OC0079171",2022,"Engineering & Tech",FALSE,3.99726214921287
"NNF22OC0079176",2022,"Health",FALSE,4.99657768651609
"NNF22OC0079181",2022,"Health",FALSE,2.99794661190965
"NNF22OC0079182",2022,"Natural Sciences",FALSE,2.99794661190965
"NNF22OC0079183",2022,"Other",FALSE,2.99794661190965
"NNF22OC0079187",2022,"Engineering & Tech",FALSE,2.99794661190965
"NNF22OC0079224",2022,"Engineering & Tech",FALSE,2.99794661190965
"NNF22OC0079241",2022,"Health",FALSE,3.82751540041068
"NNF22OC0079284",2022,"Engineering & Tech",FALSE,2.99794661190965
"NNF22OC0079285",2022,"Other",FALSE,2.91307323750856
"NNF22OC0079290",2022,"Natural Sciences",FALSE,3.3347022587269
"NNF22OC0079292",2022,"Health",FALSE,2.99794661190965
"NNF22OC0079295",2022,"Health",FALSE,3.2498288843258
"NNF22OC0079307",2022,"Engineering & Tech",FALSE,2.99794661190965
"NNF22OC0079308",2022,"Social Sciences",FALSE,4.99931553730322
"NNF22OC0079323",2022,"Engineering & Tech",FALSE,2.99794661190965
"NNF22OC0079331",2022,"Social Sciences",FALSE,3.49349760438056
"NNF22OC0079335",2022,"Engineering & Tech",FALSE,2.16563997262149
"NNF22OC0079339",2022,"Health",FALSE,3.49897330595483
"NNF22OC0079350",2022,"Health",FALSE,1.3305954825462
"NNF22OC0079352",2022,"Health",FALSE,2.99520876112252
"NNF22OC0079360",2022,"Natural Sciences",FALSE,2.99794661190965
"NNF22OC0079363",2022,"Health",FALSE,3.99726214921287
"NNF22OC0079368",2022,"Health",FALSE,3.99726214921287
"NNF22OC0079370",2022,"Other",FALSE,3.49897330595483
"NNF22OC0079373",2022,"Health",FALSE,1.99863107460643
"NNF22OC0079382",2022,"Health",FALSE,2.99794661190965
"NNF22OC0079385",2022,"Engineering & Tech",FALSE,3.3347022587269
"NNF22OC0079391",2022,"Other",FALSE,1.99863107460643
"NNF22OC0079396",2022,"Engineering & Tech",FALSE,2.99794661190965
"NNF22OC0079398",2022,"Natural Sciences",TRUE,3.41683778234086
"NNF22OC0079403",2022,"Health",FALSE,2.99794661190965
"NNF22OC0079443",2022,"Engineering & Tech",FALSE,2.99794661190965
"NNF22OC0079451",2022,"Health",FALSE,0.996577686516085
"NNF22OC0079455",2022,"Other",FALSE,2.99794661190965
"NNF22OC0079459",2022,"Health",FALSE,2.99794661190965
"NNF22OC0079466",2022,"Health",FALSE,2.99794661190965
"NNF22OC0079467",2022,"Other",FALSE,3.91238877481177
"NNF22OC0079471",2022,"Health",FALSE,2.99520876112252
"NNF22OC0079474",2022,"Engineering & Tech",FALSE,2.99794661190965
"NNF22OC0079477",2022,"Health",FALSE,2.99794661190965
"NNF22OC0079491",2022,"Social Sciences",FALSE,1.83162217659138
"NNF22OC0079493",2022,"Health",FALSE,3.00068446269678
"NNF22OC0079512",2022,"Health",FALSE,2.99794661190965
"NNF22OC0079521",2022,"Health",FALSE,4
"NNF22OC0079534",2022,"Health",FALSE,1.66735112936345
"NNF22OC0079544",2022,"Health",FALSE,3.99726214921287
"NNF22OC0079557",2022,"Engineering & Tech",FALSE,2.99794661190965
"NNF22OC0079559",2022,"Health",FALSE,2.49418206707734
"NNF22OC0079560",2022,"Engineering & Tech",FALSE,3.41409993155373
"NNF22OC0079561",2022,"Health",FALSE,2.99794661190965
"NNF22OC0079565",2022,"Health",FALSE,2.99794661190965
"NNF22OC0079571",2022,"Health",FALSE,2.99794661190965
"NNF22OC0079577",2022,"Other",FALSE,3.99726214921287
"NNF22OC0079579",2022,"Engineering & Tech",FALSE,2.99794661190965
"NNF22OC0079592",2022,"Health",FALSE,2.99794661190965
"NNF22OC0079605",2022,"Health",FALSE,2.99794661190965
"NNF22OC0079620",2022,"Health",FALSE,4.99931553730322
"NNF22OC0079632",2022,"Health",FALSE,2.99794661190965
"NNF22OC0079649",2022,"Health",FALSE,4.99657768651609
"NNF22OC0079707",2022,"Natural Sciences",FALSE,2.99794661190965
"NNF22OC0079708",2022,"Engineering & Tech",FALSE,2.99794661190965
"NNF22OC0079712",2022,"Engineering & Tech",FALSE,2.99794661190965
"NNF22OC0079717",2022,"Engineering & Tech",FALSE,2.99794661190965
"NNF22OC0079732",2022,"Health",FALSE,2.66392881587953
"NNF22OC0079746",2022,"Engineering & Tech",FALSE,2.99794661190965
"NNF22OC0079752",2022,"Natural Sciences",FALSE,3.49349760438056
"NNF22OC0079754",2022,"Health",FALSE,2.99794661190965
"NNF22OC0079757",2022,"Engineering & Tech",FALSE,2.99794661190965
"NNF22OC0079791",2022,"Health",FALSE,2.66392881587953
"NNF22OC0079794",2022,"Health",FALSE,2.99794661190965
"NNF22OC0079797",2022,"Health",FALSE,1.66461327857632
"NNF22OC0079804",2022,"Health",FALSE,3.60574948665298
"NNF22OC0079830",2022,"Engineering & Tech",TRUE,2.99794661190965
"NNF22OC0079849",2022,"Social Sciences",FALSE,3.49349760438056
"NNF22OC0079851",2022,"Health",FALSE,2.49418206707734
"NNF22OC0079855",2022,"Health",FALSE,3.99726214921287
"NNF22OC0079866",2022,"Social Sciences",FALSE,2.99520876112252
"NNF22OC0079873",2022,"Engineering & Tech",FALSE,3.3264887063655
"NNF22OC0079880",2022,"Health",FALSE,2.99794661190965
"NNF22OC0079892",2022,"Health",FALSE,2.99794661190965
"NNF22OC0079906",2022,"Health",FALSE,1.99863107460643
"NNF22OC0079917",2022,"Health",FALSE,4.99931553730322
"NNF22OC0079926",2022,"Social Sciences",FALSE,1.99863107460643
"NNF22OC0079928",2022,"Engineering & Tech",FALSE,2.49965776865161
"NNF22OC0079940",2022,"Engineering & Tech",TRUE,2.99794661190965
"NNF22OC0079957",2022,"Natural Sciences",FALSE,4.50102669404517
"NNF22OC0079960",2022,"Natural Sciences",TRUE,2.99794661190965
"NNF22OC0079965",2022,"Social Sciences",FALSE,0.966461327857632
"NNF22OC0079970",2022,"Engineering & Tech",FALSE,3.4113620807666
"NNF22OC0079973",2022,"Engineering & Tech",FALSE,2.99794661190965
"NNF22OC0079974",2022,"Health",FALSE,0.999315537303217
"NNF22OC0079994",2022,"Natural Sciences",FALSE,2.99794661190965
"NNF22OC0079997",2022,"Health",FALSE,2.99794661190965
"NNF22OC0080000",2022,"Health",FALSE,3.49349760438056
"NNF22OC0080012",2022,"Health",FALSE,3.99726214921287
"NNF22OC0080018",2022,"Natural Sciences",FALSE,3.99726214921287
"NNF22OC0080025",2022,"Health",FALSE,2.99794661190965
"NNF22OC0080030",2022,"Engineering & Tech",FALSE,1.41820670773443
"NNF22OC0080036",2022,"Health",FALSE,2.58179329226557
"NNF22OC0080041",2022,"Health",FALSE,2.99794661190965
"NNF22OC0080073",2022,"Social Sciences",FALSE,0.993839835728953
"NNF22OC0080100",2022,"Engineering & Tech",FALSE,2.99794661190965
"NNF22OC0080109",2022,"Engineering & Tech",FALSE,2.99794661190965
"NNF22OC0080120",2022,"Health",FALSE,4.41615331964408
"NNF22OC0080132",2022,"Health",FALSE,3.57837097878166
"NNF22OC0080136",2022,"Engineering & Tech",FALSE,2.91307323750856
"NNF22OC0080141",2022,"Natural Sciences",FALSE,2.99794661190965
"NNF22OC0080143",2022,"Health",FALSE,2.99794661190965
"NNF22OC0080150",2022,"Health",FALSE,2.99794661190965
"NNF22OC0080177",2022,"Natural Sciences",TRUE,2.99794661190965
"NNF22OC0080180",2022,"Engineering & Tech",FALSE,2.99794661190965
"NNF22OC0080186",2022,"Health",FALSE,3.99726214921287
"NNF22OC0080192",2022,"Health",FALSE,2.99794661190965
"NNF22OC0080193",2022,"Natural Sciences",FALSE,2.99794661190965
"NNF22OC0080199",2022,"Natural Sciences",FALSE,3.28815879534565
"NNF22OC0080200",2022,"Health",FALSE,1.99863107460643
"NNF22OC0080228",2022,"Health",FALSE,2.99794661190965
"NNF22OC0080236",2022,"Health",FALSE,2.99794661190965
"NNF22OC0080277",2022,"Social Sciences",FALSE,1.97399041752225
"NNF22OC0080290",2022,"Natural Sciences",FALSE,3.08281998631075
"NNF22OC0080322",2022,"Natural Sciences",FALSE,4.24640657084189
"NNF22OC0080327",2022,"Health",FALSE,2.99794661190965
"NNF22OC0080331",2022,"Health",FALSE,2.99794661190965
"NNF22OC0080333",2022,"Natural Sciences",FALSE,2.99794661190965
"NNF22OC0080355",2022,"Social Sciences",FALSE,3.24435318275154
"NNF22OC0080405",2022,"Natural Sciences",FALSE,3.41957563312799
"NNF22OC0080406",2022,"Health",FALSE,3.49349760438056
"NNF22OC0080414",2022,"Health",FALSE,3.58384668035592
"NNF22OC0080417",2022,"Social Sciences",FALSE,3.99726214921287
"NNF22OC0080419",2022,"Health",FALSE,2.99794661190965
"NNF22OC0080425",2022,"Health",FALSE,2.99794661190965
"NNF22OC0080433",2022,"Health",FALSE,3.08281998631075
"NNF22OC0080437",2022,"Health",FALSE,5.58521560574949
"NNF22OC0080472",2022,"Natural Sciences",FALSE,2.99794661190965
"NNF22OC0080492",2022,"Natural Sciences",FALSE,2.99794661190965
"NNF22OC0080495",2022,"Social Sciences",FALSE,3.99726214921287
"NNF22OC0080508",2022,"Natural Sciences",FALSE,3.91512662559891
"NNF22OC0080556",2022,"Health",FALSE,2.99794661190965
"NNF22OC0080600",2022,"Social Sciences",FALSE,2.99794661190965
"NNF22OC0080625",2022,"Health",FALSE,3.3264887063655
"NNF22OC0080627",2022,"Health",FALSE,3.72073921971253
"NNF22OC0080629",2022,"Social Sciences",FALSE,2.7460643394935
"NNF22OC0080657",2022,"Social Sciences",FALSE,1.97399041752225
"NNF22OC0080662",2022,"Social Sciences",FALSE,2.99794661190965
"NNF22OC0080675",2022,"Health",FALSE,0.996577686516085
"NNF22OC0080684",2022,"Health",FALSE,2.99794661190965
"NNF22OC0080686",2022,"Humanities",FALSE,1.45106091718001
"NNF22OC0080708",2022,"Health",FALSE,3.08281998631075
"NNF22OC0080710",2022,"Health",FALSE,3.57837097878166
"NNF22OC0080730",2022,"Health",FALSE,5.99863107460643
"NNF22OC0080736",2022,"Health",FALSE,2.99794661190965
"NNF22OC0080772",2022,"Social Sciences",FALSE,0.999315537303217
"NNF22OC0080785",2022,"Social Sciences",FALSE,2.99794661190965
"NNF22OC0080805",2022,"Social Sciences",FALSE,3.99726214921287
"NNF22OC0080810",2022,"Social Sciences",FALSE,2.99794661190965
"NNF22OC0080825",2022,"Social Sciences",FALSE,1.24572210814511
"NNF22OC0080826",2022,"Social Sciences",FALSE,1.49486652977413
"NNF22OC0080830",2022,"Health",FALSE,0.999315537303217
"NNF22OC0080843",2022,"Social Sciences",FALSE,0.889801505817933
"NNF22OC0080849",2022,"Health",FALSE,0.164271047227926
"NNF22OC0080863",2022,"Health",FALSE,2.99794661190965
"NNF22OC0080883",2022,"Health",FALSE,1.99863107460643
"NNF22OC0080894",2022,"Health",FALSE,1.4154688569473
"NNF22OC0080904",2022,"Health",FALSE,1.49486652977413
"NNF22OC0080919",2022,"Health",FALSE,1.16632443531828
"NNF22OC0080929",2022,"Health",FALSE,1.29226557152635
"NNF22OC0080932",2022,"Health",FALSE,1.00205338809035
"NNF22OC0080935",2022,"Health",FALSE,0.996577686516085
"NNF22OC0080941",2022,"Health",FALSE,4.99931553730322
"NNF22OC0080944",2022,"Health",FALSE,4.99657768651609
"NNF22OC0080950",2022,"Health",FALSE,3.50444900752909
"NNF22OC0080975",2022,"Health",FALSE,1.99863107460643
"NNF22OC0080990",2022,"Health",FALSE,4
"NNF22OC0080995",2022,"Health",FALSE,2.99794661190965
"NNF22OC0081038",2022,"Health",FALSE,2.98973305954825
"NNF22OC0081058",2022,"Health",FALSE,2.99794661190965
"NNF22OC0081061",2022,"Health",FALSE,1.49486652977413
"NNF22OC0081196",2022,"Health",FALSE,1.9958932238193
"NNF22OC0081224",2022,"Natural Sciences",TRUE,0.416153319644079
"NNF22OC0081244",2022,"Health",FALSE,3.99726214921287
"NNF22OC0081250",2022,"Natural Sciences",FALSE,3.99726214921287
"NNF22OC0081270",2022,"Humanities",FALSE,1.24572210814511
"NNF22OC0081280",2022,"Health",FALSE,0.996577686516085
"NNF22OC0081291",2022,"Health",FALSE,0.0054757015742642
"NNF22OC0081293",2022,"Health",FALSE,3.99726214921287
"NNF22OC0081331",2022,"Engineering & Tech",FALSE,5.66461327857632
"NNF22OC0081345",2022,"Engineering & Tech",TRUE,3.99726214921287
"NNF22OC0081352",2022,"Natural Sciences",FALSE,3.99726214921287
"NNF22OC0081368",2022,"Natural Sciences",FALSE,0.996577686516085
"NNF22SA0075841",2022,"Social Sciences",FALSE,1.9958932238193
"NNF22SA0076313",2022,"Social Sciences",FALSE,4.99657768651609
"NNF22SA0076513",2022,"Natural Sciences",FALSE,5.74948665297741
"NNF22SA0076522",2022,"Natural Sciences",FALSE,4.99657768651609
"NNF22SA0076524",2022,"Health",FALSE,2.99794661190965
"NNF22SA0076531",2022,"Engineering & Tech",FALSE,4.99657768651609
"NNF22SA0076533",2022,"Other",FALSE,4.99657768651609
"NNF22SA0076578",2022,"Engineering & Tech",FALSE,1.74948665297741
"NNF22SA0076633",2022,"Social Sciences",FALSE,3.63586584531143
"NNF22SA0077123",2022,"Social Sciences",FALSE,2.91581108829569
"NNF22SA0077140",2022,"Natural Sciences",FALSE,0.136892539356605
"NNF22SA0077224",2022,"Health",FALSE,5.9958932238193
"NNF22SA0077578",2022,"Social Sciences",FALSE,3.66872005475702
"NNF22SA0077601",2022,"Agriculture & Vet",FALSE,3.66872005475702
"NNF22SA0077876",2022,"Natural Sciences",FALSE,3.99726214921287
"NNF22SA0077877",2022,"Natural Sciences",FALSE,3.99726214921287
"NNF22SA0078072",2022,"Health",FALSE,2.99794661190965
"NNF22SA0078114",2022,"Social Sciences",FALSE,3.58384668035592
"NNF22SA0078125",2022,"Engineering & Tech",FALSE,0.583162217659138
"NNF22SA0078127",2022,"Engineering & Tech",FALSE,0.826830937713895
"NNF22SA0078229",2022,"Natural Sciences",FALSE,3.99726214921287
"NNF22SA0078230",2022,"Health",FALSE,3.99726214921287
"NNF22SA0078231",2022,"Natural Sciences",FALSE,3.99726214921287
"NNF22SA0078232",2022,"Health",FALSE,3.99726214921287
"NNF22SA0078293",2022,"Health",FALSE,3.3347022587269
"NNF22SA0078318",2022,"Health",FALSE,1.61533196440794
"NNF22SA0078610",2022,"Health",FALSE,4.49281314168378
"NNF22SA0078638",2022,"Agriculture & Vet",FALSE,3.66050650239562
"NNF22SA0078648",2022,"Engineering & Tech",FALSE,2.99794661190965
"NNF22SA0078684",2022,"Health",FALSE,1.99863107460643
"NNF22SA0078687",2022,"Health",FALSE,0.832306639288159
"NNF22SA0078704",2022,"Health",FALSE,0.996577686516085
"NNF22SA0078705",2022,"Health",FALSE,1.3305954825462
"NNF22SA0078706",2022,"Health",FALSE,0.996577686516085
"NNF22SA0078767",2022,"Natural Sciences",FALSE,4.99657768651609
"NNF22SA0078815",2022,"Social Sciences",FALSE,4.16427104722793
"NNF22SA0078816",2022,"Agriculture & Vet",FALSE,0.501026694045175
"NNF22SA0078817",2022,"Social Sciences",FALSE,2.83093771389459
"NNF22SA0078818",2022,"Other",FALSE,5.08145106091718
"NNF22SA0078885",2022,"Health",FALSE,2.03696098562628
"NNF22SA0078896",2022,"Health",FALSE,0.416153319644079
"NNF22SA0078955",2022,"Social Sciences",FALSE,4.41615331964408
"NNF22SA0079472",2022,"Health",FALSE,2.41478439425051
"NNF22SA0079478",2022,"Health",FALSE,1.25119780971937
"NNF22SA0079480",2022,"Health",FALSE,1.49486652977413
"NNF22SA0079616",2022,"Agriculture & Vet",FALSE,4.99657768651609
"NNF22SA0079772",2022,"Agriculture & Vet",FALSE,5.66735112936345
"NNF22SA0079803",2022,"Social Sciences",FALSE,4.99657768651609
"NNF22SA0080336",2022,"Health",FALSE,1.4154688569473
"NNF22SA0080451",2022,"Health",FALSE,3.91238877481177
"NNF22SA0080562",2022,"Health",FALSE,2.99794661190965
"NNF22SA0080815",2022,"Other",FALSE,4
"NNF22SA0080921",2022,"Health",FALSE,5.99863107460643
"NNF22SA0080996",2022,"Natural Sciences",FALSE,5.57973990417522
"NNF22SA0081019",2022,"Engineering & Tech",FALSE,4.99657768651609
"NNF22SA0081047",2022,"Natural Sciences",FALSE,4.54757015742642
"NNF22SA0081107",2022,"Health",FALSE,4.99657768651609
"NNF22SA0081124",2022,"Social Sciences",FALSE,2.99794661190965
"NNF22SA0081134",2022,"Health",FALSE,4.99657768651609
"NNF22SA0081175",2022,"Natural Sciences",FALSE,6.99794661190965
"NNF22SA0081180",2022,"Health",FALSE,5.16632443531828
"NNF22SA0081210",2022,"Health",FALSE,9.99863107460643
"NNF22SA0081211",2022,"Health",FALSE,9.99863107460643
"NNF22SA0081227",2022,"Health",FALSE,4.99657768651609
"NNF22SA0081231",2022,"Health",FALSE,4.99931553730322
"NNF22SA0081233",2022,"Health",FALSE,4.99657768651609
"NNF22SA0081416",2022,"Other",FALSE,2.99794661190965
"NNF22SA0081419",2022,"Health",FALSE,0.92539356605065
"NNF22SA0081500",2022,"Health",FALSE,2.99794661190965
"NNF22SA0081670",2022,"Health",FALSE,2.99794661190965
"NNF22SA0081765",2022,"Health",FALSE,3.99726214921287
"NNF22SA0081794",2022,"Health",FALSE,0.996577686516085
"NNF22SA0081795",2022,"Other",FALSE,0.996577686516085
"NNF22SA0081798",2022,"Humanities",FALSE,4.99931553730322
"NNF22SA0081841",2022,"Engineering & Tech",FALSE,0.996577686516085
"NNF22SA0081842",2022,"Health",FALSE,0.996577686516085
"NNF22SA0081844",2022,"Health",FALSE,0.996577686516085
"NNF22SA0081890",2022,"Health",FALSE,1.99863107460643
"NNF22SA0081904",2022,"Health",FALSE,2.99794661190965
"NNF22SA0081934",2022,"Social Sciences",FALSE,4.99931553730322
"NNF22SA0081944",2022,"Social Sciences",FALSE,0.999315537303217
"NNF22SA0081946",2022,"Social Sciences",FALSE,3.99726214921287
"NNF22SA0081975",2022,"Natural Sciences",FALSE,3.99726214921287
"NNF22SA0082001",2022,"Health",FALSE,0.996577686516085
"NNF22SA0082039",2022,"Engineering & Tech",FALSE,4.99657768651609
"NNF22SA0082041",2022,"Health",FALSE,2.99794661190965
"NNF22SA0082051",2022,"Health",FALSE,2.99794661190965
"NNF22SA0082058",2022,"Social Sciences",FALSE,0.996577686516085
"NNF22SA0082059",2022,"Engineering & Tech",FALSE,2.99794661190965
"NNF22SA0082075",2022,"Other",FALSE,0.996577686516085
"NNF22SA0082077",2022,"Health",FALSE,2.99794661190965
"NNF22SA0082098",2022,"Health",FALSE,3.71252566735113
"NNF22SA0082129",2022,"Agriculture & Vet",FALSE,2.99794661190965
"NNF22SA0082130",2022,"Social Sciences",FALSE,2.99520876112252
"NNF22SA0082135",2022,"Social Sciences",FALSE,1.99863107460643
"NNF22SA0082140",2022,"Health",FALSE,4.08213552361396
"NNF22SA0082146",2022,"Other",FALSE,1.99863107460643
"NNF22SA0082148",2022,"Engineering & Tech",FALSE,5.75222450376454
"NNF22SA0082149",2022,"Health",FALSE,2.99794661190965
"NNF22SA0082353",2022,"Health",FALSE,1.99863107460643
"NNF22SA0082354",2022,"Health",FALSE,4.99657768651609
"NNF22SH0075920",2022,"Health",FALSE,4.99657768651609
"NNF22SH0077012",2022,"Health",FALSE,4.58316221765914
"NNF22SH0077019",2022,"Social Sciences",FALSE,7.24435318275154
"NNF22SH0077048",2022,"Health",FALSE,3.24435318275154
"NNF22SH0077068",2022,"Health",FALSE,3.99726214921287
"NNF22SH0077494",2022,"Health",FALSE,2.99794661190965
"NNF22SH0077497",2022,"Health",FALSE,2.99794661190965
"NNF22SH0077522",2022,"Health",FALSE,2.99794661190965
"NNF22SH0077567",2022,"Health",FALSE,4.99931553730322
"NNF22SH0077612",2022,"Health",FALSE,3.99726214921287
"NNF22SH0077771",2022,"Health",FALSE,2.99794661190965
"NNF22SH0080079",2022,"Social Sciences",FALSE,3.33196440793977
"NNF23SA0079901",2022,"Health",FALSE,4.99657768651609
"NNF23SA0081766",2022,"Agriculture & Vet",FALSE,4.33401779603012
"NNF20SA0068096",2021,"Health",FALSE,9.98767967145791
"NNF21CC0073729",2021,"Health",FALSE,9.9958932238193
"NNF21OC0064318",2021,"Other",FALSE,6.99794661190965
"NNF21OC0064400",2021,"Other",FALSE,6.99794661190965
"NNF21OC0065373",2021,"Health",FALSE,6.99794661190965
"NNF21OC0065453",2021,"Other",FALSE,6.99794661190965
"NNF21OC0065495",2021,"Agriculture & Vet",FALSE,5.9958932238193
"NNF21OC0065542",2021,"Other",FALSE,6.99794661190965
"NNF21OC0065800",2021,"Natural Sciences",TRUE,2.25051334702259
"NNF21OC0065969",2021,"Health",FALSE,6.99794661190965
"NNF21OC0066114",2021,"Agriculture & Vet",FALSE,5.9958932238193
"NNF21OC0066260",2021,"Health",FALSE,6.99794661190965
"NNF21OC0066330",2021,"Agriculture & Vet",FALSE,5.9958932238193
"NNF21OC0066381",2021,"Health",FALSE,6.99794661190965
"NNF21OC0066384",2021,"Health",FALSE,6.99794661190965
"NNF21OC0066480",2021,"Health",TRUE,6.99794661190965
"NNF21OC0066487",2021,"Health",FALSE,3.99726214921287
"NNF21OC0066502",2021,"Natural Sciences",FALSE,6.99794661190965
"NNF21OC0066526",2021,"Engineering & Tech",TRUE,5.9958932238193
"NNF21OC0066551",2021,"Health",TRUE,5.99863107460643
"NNF21OC0066562",2021,"Health",FALSE,5.9958932238193
"NNF21OC0066694",2021,"Health",FALSE,4.99657768651609
"NNF21OC0066716",2021,"Engineering & Tech",FALSE,4.99657768651609
"NNF21OC0066725",2021,"Health",FALSE,4.99657768651609
"NNF21OC0066735",2021,"Natural Sciences",FALSE,4.24914442162902
"NNF21OC0066760",2021,"Agriculture & Vet",FALSE,5.9958932238193
"NNF21OC0066776",2021,"Health",FALSE,4.99657768651609
"NNF21OC0066798",2021,"Health",FALSE,4.99657768651609
"NNF21OC0066880",2021,"Humanities",FALSE,1.9958932238193
"NNF21OC0066909",2021,"Health",FALSE,4.99657768651609
"NNF21OC0066931",2021,"Health",FALSE,4.99657768651609
"NNF21OC0066950",2021,"Health",FALSE,4.99657768651609
"NNF21OC0066957",2021,"Health",FALSE,3.99726214921287
"NNF21OC0066981",2021,"Health",TRUE,4.99657768651609
"NNF21OC0066984",2021,"Health",FALSE,3.99726214921287
"NNF21OC0066994",2021,"Health",FALSE,6.99794661190965
"NNF21OC0067043",2021,"Health",FALSE,2.99794661190965
"NNF21OC0067044",2021,"Health",FALSE,5.65913757700205
"NNF21OC0067073",2021,"Health",FALSE,4.79671457905544
"NNF21OC0067087",2021,"Health",FALSE,4.99657768651609
"NNF21OC0067098",2021,"Health",FALSE,0.996577686516085
"NNF21OC0067146",2021,"Health",FALSE,4.99657768651609
"NNF21OC0067157",2021,"Health",FALSE,4.99657768651609
"NNF21OC0067164",2021,"Health",FALSE,0.996577686516085
"NNF21OC0067180",2021,"Health",FALSE,0.747433264887064
"NNF21OC0067188",2021,"Health",FALSE,4.99657768651609
"NNF21OC0067210",2021,"Health",FALSE,1.9958932238193
"NNF21OC0067235",2021,"Health",FALSE,5.28405201916496
"NNF21OC0067241",2021,"Health",FALSE,4.99657768651609
"NNF21OC0067271",2021,"Health",FALSE,4.99657768651609
"NNF21OC0067294",2021,"Health",TRUE,4.99657768651609
"NNF21OC0067311",2021,"Health",TRUE,4.99657768651609
"NNF21OC0067315",2021,"Engineering & Tech",FALSE,4.99657768651609
"NNF21OC0067317",2021,"Health",FALSE,4.99657768651609
"NNF21OC0067325",2021,"Health",FALSE,5.58247775496235
"NNF21OC0067346",2021,"Health",FALSE,4.99657768651609
"NNF21OC0067350",2021,"Health",FALSE,4.99657768651609
"NNF21OC0067353",2021,"Health",FALSE,4.99657768651609
"NNF21OC0067359",2021,"Health",FALSE,4.99657768651609
"NNF21OC0067360",2021,"Health",FALSE,6.24777549623546
"NNF21OC0067425",2021,"Health",FALSE,4.99657768651609
"NNF21OC0067432",2021,"Health",FALSE,4.99657768651609
"NNF21OC0067445",2021,"Humanities",FALSE,3.24709103353867
"NNF21OC0067470",2021,"Humanities",FALSE,3.4113620807666
"NNF21OC0067491",2021,"Health",FALSE,3.99726214921287
"NNF21OC0067528",2021,"Health",FALSE,4.41341546885695
"NNF21OC0067585",2021,"Health",FALSE,3.99726214921287
"NNF21OC0067602",2021,"Health",FALSE,4.24640657084189
"NNF21OC0067647",2021,"Health",FALSE,4.99657768651609
"NNF21OC0067713",2021,"Humanities",FALSE,2.99794661190965
"NNF21OC0067723",2021,"Health",FALSE,0.996577686516085
"NNF21OC0067727",2021,"Health",FALSE,0.996577686516085
"NNF21OC0067758",2021,"Health",FALSE,4.99657768651609
"NNF21OC0067763",2021,"Humanities",FALSE,1.16358658453114
"NNF21OC0067769",2021,"Health",FALSE,4.99657768651609
"NNF21OC0067824",2021,"Health",FALSE,4.99657768651609
"NNF21OC0067835",2021,"Health",FALSE,4.99657768651609
"NNF21OC0067839",2021,"Health",FALSE,4.99657768651609
"NNF21OC0067911",2021,"Health",FALSE,2.41478439425051
"NNF21OC0067918",2021,"Health",FALSE,4.99657768651609
"NNF21OC0067933",2021,"Health",FALSE,0.996577686516085
"NNF21OC0067959",2021,"Humanities",FALSE,3.99726214921287
"NNF21OC0067970",2021,"Health",FALSE,1.50034223134839
"NNF21OC0067996",2021,"Health",FALSE,4.99657768651609
"NNF21OC0068015",2021,"Engineering & Tech",FALSE,6.99794661190965
"NNF21OC0068027",2021,"Health",FALSE,0.996577686516085
"NNF21OC0068121",2021,"Health",FALSE,0.996577686516085
"NNF21OC0068192",2021,"Health",FALSE,3.99726214921287
"NNF21OC0068200",2021,"Health",FALSE,4.99657768651609
"NNF21OC0068210",2021,"Health",FALSE,1.24845995893224
"NNF21OC0068242",2021,"Health",FALSE,4.99657768651609
"NNF21OC0068266",2021,"Humanities",FALSE,0.996577686516085
"NNF21OC0068325",2021,"Health",FALSE,0.996577686516085
"NNF21OC0068372",2021,"Natural Sciences",FALSE,6.99794661190965
"NNF21OC0068374",2021,"Health",FALSE,1.74948665297741
"NNF21OC0068381",2021,"Health",FALSE,0.996577686516085
"NNF21OC0068394",2021,"Health",FALSE,0.996577686516085
"NNF21OC0068402",2021,"Health",FALSE,1.08145106091718
"NNF21OC0068422",2021,"Health",FALSE,3.99726214921287
"NNF21OC0068491",2021,"Other",FALSE,6.16563997262149
"NNF21OC0068502",2021,"Humanities",FALSE,0.996577686516085
"NNF21OC0068507",2021,"Humanities",FALSE,1.9958932238193
"NNF21OC0068509",2021,"Humanities",FALSE,0.996577686516085
"NNF21OC0068517",2021,"Natural Sciences",TRUE,5.9958932238193
"NNF21OC0068519",2021,"Health",FALSE,3.3347022587269
"NNF21OC0068523",2021,"Humanities",FALSE,2.12183436002738
"NNF21OC0068524",2021,"Humanities",FALSE,2.99794661190965
"NNF21OC0068533",2021,"Humanities",FALSE,2.35455167693361
"NNF21OC0068539",2021,"Humanities",FALSE,3.99726214921287
"NNF21OC0068550",2021,"Health",FALSE,2.99794661190965
"NNF21OC0068552",2021,"Humanities",FALSE,1.9958932238193
"NNF21OC0068560",2021,"Humanities",FALSE,2.24777549623546
"NNF21OC0068600",2021,"Agriculture & Vet",FALSE,4.33127994524298
"NNF21OC0068609",2021,"Health",FALSE,3.99726214921287
"NNF21OC0068621",2021,"Humanities",FALSE,3.57837097878166
"NNF21OC0068622",2021,"Natural Sciences",FALSE,5.40999315537303
"NNF21OC0068630",2021,"Humanities",FALSE,1.74674880219028
"NNF21OC0068631",2021,"Health",FALSE,4.49828884325804
"NNF21OC0068656",2021,"Health",FALSE,1.57700205338809
"NNF21OC0068675",2021,"Health",FALSE,2.86105407255305
"NNF21OC0068683",2021,"Health",FALSE,4.99657768651609
"NNF21OC0068687",2021,"Natural Sciences",FALSE,6.99794661190965
"NNF21OC0068702",2021,"Health",FALSE,1.9958932238193
"NNF21OC0068744",2021,"Health",FALSE,4.33127994524298
"NNF21OC0068775",2021,"Natural Sciences",FALSE,6.99794661190965
"NNF21OC0068795",2021,"Health",FALSE,4.99657768651609
"NNF21OC0068806",2021,"Natural Sciences",FALSE,4.99657768651609
"NNF21OC0068814",2021,"Engineering & Tech",FALSE,6.49418206707734
"NNF21OC0068816",2021,"Natural Sciences",TRUE,3.99726214921287
"NNF21OC0068834",2021,"Health",FALSE,4.99657768651609
"NNF21OC0068840",2021,"Health",FALSE,0.572210814510609
"NNF21OC0068884",2021,"Health",TRUE,5.74948665297741
"NNF21OC0068908",2021,"Health",FALSE,4.99657768651609
"NNF21OC0068929",2021,"Natural Sciences",TRUE,4.99657768651609
"NNF21OC0068954",2021,"Natural Sciences",FALSE,4.99657768651609
"NNF21OC0068980",2021,"Social Sciences",FALSE,4.99657768651609
"NNF21OC0068988",2021,"Health",TRUE,5.50034223134839
"NNF21OC0069019",2021,"Health",FALSE,4.82956878850103
"NNF21OC0069056",2021,"Natural Sciences",FALSE,5.9958932238193
"NNF21OC0069057",2021,"Health",FALSE,3.2498288843258
"NNF21OC0069071",2021,"Natural Sciences",FALSE,5.74401095140315
"NNF21OC0069079",2021,"Natural Sciences",TRUE,5.9958932238193
"NNF21OC0069089",2021,"Natural Sciences",FALSE,5.82888432580424
"NNF21OC0069105",2021,"Health",TRUE,5.57700205338809
"NNF21OC0069116",2021,"Health",TRUE,4.99657768651609
"NNF21OC0069245",2021,"Health",TRUE,0.996577686516085
"NNF21OC0069257",2021,"Health",FALSE,4.99657768651609
"NNF21OC0069269",2021,"Health",FALSE,1.40451745379877
"NNF21OC0069375",2021,"Natural Sciences",FALSE,1.59069130732375
"NNF21OC0069462",2021,"Health",FALSE,5.9958932238193
"NNF21OC0069469",2021,"Health",FALSE,0.996577686516085
"NNF21OC0069481",2021,"Health",FALSE,0.996577686516085
"NNF21OC0069530",2021,"Health",FALSE,0.996577686516085
"NNF21OC0069539",2021,"Health",FALSE,0.996577686516085
"NNF21OC0069548",2021,"Health",FALSE,0.996577686516085
"NNF21OC0069560",2021,"Health",FALSE,0.996577686516085
"NNF21OC0069586",2021,"Health",FALSE,4.99657768651609
"NNF21OC0069598",2021,"Other",FALSE,4.24640657084189
"NNF21OC0069680",2021,"Health",FALSE,1.9958932238193
"NNF21OC0069731",2021,"Health",FALSE,0.996577686516085
"NNF21OC0069751",2021,"Health",FALSE,6.99794661190965
"NNF21OC0069766",2021,"Health",TRUE,4.99657768651609
"NNF21OC0069771",2021,"Health",FALSE,0.996577686516085
"NNF21OC0069821",2021,"Health",TRUE,4.99657768651609
"NNF21OC0069896",2021,"Health",FALSE,3.44969199178645
"NNF21OC0069913",2021,"Other",FALSE,3.99726214921287
"NNF21OC0069957",2021,"Health",FALSE,0.996577686516085
"NNF21OC0069961",2021,"Health",FALSE,1.9958932238193
"NNF21OC0069965",2021,"Health",FALSE,2.32717316906229
"NNF21OC0069969",2021,"Health",FALSE,2.99794661190965
"NNF21OC0069989",2021,"Health",FALSE,4.21081451060917
"NNF21OC0069996",2021,"Health",FALSE,1.9958932238193
"NNF21OC0070008",2021,"Health",FALSE,0.996577686516085
"NNF21OC0070049",2021,"Health",FALSE,3.41409993155373
"NNF21OC0070056",2021,"Health",FALSE,3.08281998631075
"NNF21OC0070070",2021,"Other",FALSE,4.7501711156742
"NNF21OC0070079",2021,"Health",FALSE,0.577686516084873
"NNF21OC0070086",2021,"Health",FALSE,0.996577686516085
"NNF21OC0070115",2021,"Health",FALSE,2.99794661190965
"NNF21OC0070149",2021,"Health",FALSE,1.9958932238193
"NNF21OC0070165",2021,"Health",FALSE,0.996577686516085
"NNF21OC0070172",2021,"Health",FALSE,4.24640657084189
"NNF21OC0070180",2021,"Health",FALSE,1.492128678987
"NNF21OC0070185",2021,"Health",FALSE,2.75154004106776
"NNF21OC0070191",2021,"Health",FALSE,0.596851471594798
"NNF21OC0070192",2021,"Health",FALSE,0.596851471594798
"NNF21OC0070202",2021,"Other",FALSE,3.57837097878166
"NNF21OC0070210",2021,"Health",FALSE,3.59479808350445
"NNF21OC0070214",2021,"Health",FALSE,2.99794661190965
"NNF21OC0070222",2021,"Health",FALSE,1.07049965776865
"NNF21OC0070234",2021,"Health",FALSE,0.996577686516085
"NNF21OC0070239",2021,"Health",FALSE,1.9958932238193
"NNF21OC0070256",2021,"Health",FALSE,0.996577686516085
"NNF21OC0070257",2021,"Health",FALSE,1.9958932238193
"NNF21OC0070261",2021,"Health",FALSE,2.99794661190965
"NNF21OC0070263",2021,"Health",FALSE,2.7460643394935
"NNF21OC0070268",2021,"Health",FALSE,0.996577686516085
"NNF21OC0070287",2021,"Health",FALSE,3.30732375085558
"NNF21OC0070298",2021,"Health",FALSE,2.24777549623546
"NNF21OC0070307",2021,"Health",FALSE,2.24777549623546
"NNF21OC0070308",2021,"Health",FALSE,4.99657768651609
"NNF21OC0070309",2021,"Health",FALSE,3.08281998631075
"NNF21OC0070310",2021,"Health",FALSE,2.99794661190965
"NNF21OC0070314",2021,"Health",FALSE,4.16427104722793
"NNF21OC0070333",2021,"Health",FALSE,0.996577686516085
"NNF21OC0070341",2021,"Health",FALSE,1.9958932238193
"NNF21OC0070345",2021,"Health",FALSE,3.08281998631075
"NNF21OC0070347",2021,"Health",FALSE,3.49349760438056
"NNF21OC0070349",2021,"Health",FALSE,3.98904859685147
"NNF21OC0070367",2021,"Health",FALSE,0.996577686516085
"NNF21OC0070369",2021,"Health",FALSE,2.99794661190965
"NNF21OC0070370",2021,"Health",FALSE,2.99794661190965
"NNF21OC0070372",2021,"Health",FALSE,2.99794661190965
"NNF21OC0070381",2021,"Other",TRUE,3.99726214921287
"NNF21OC0070388",2021,"Health",FALSE,3.4113620807666
"NNF21OC0070402",2021,"Health",FALSE,0.996577686516085
"NNF21OC0070405",2021,"Health",FALSE,3.4113620807666
"NNF21OC0070427",2021,"Health",FALSE,0.996577686516085
"NNF21OC0070451",2021,"Health",FALSE,0.996577686516085
"NNF21OC0070452",2021,"Other",FALSE,5.66187542778919
"NNF21OC0070455",2021,"Health",FALSE,3.11567419575633
"NNF21OC0070457",2021,"Health",FALSE,0.996577686516085
"NNF21OC0070539",2021,"Health",FALSE,2.49965776865161
"NNF21OC0070560",2021,"Other",FALSE,3.83299110198494
"NNF21OC0070567",2021,"Health",FALSE,3.74811772758385
"NNF21OC0070572",2021,"Engineering & Tech",FALSE,1.16358658453114
"NNF21OC0070581",2021,"Social Sciences",FALSE,2.90759753593429
"NNF21OC0070602",2021,"Engineering & Tech",FALSE,2.99794661190965
"NNF21OC0070621",2021,"Natural Sciences",TRUE,4.49555099247091
"NNF21OC0070653",2021,"Other",FALSE,4.40793976728268
"NNF21OC0070705",2021,"Health",FALSE,2.99794661190965
"NNF21OC0070706",2021,"Other",TRUE,3.16769336071184
"NNF21OC0070726",2021,"Health",FALSE,2.99794661190965
"NNF21OC0070749",2021,"Engineering & Tech",FALSE,3.66872005475702
"NNF21OC0070775",2021,"Social Sciences",FALSE,4.99657768651609
"NNF21OC0070778",2021,"Engineering & Tech",FALSE,3.99726214921287
"NNF21OC0070790",2021,"Other",FALSE,3.53456536618754
"NNF21OC0070816",2021,"Engineering & Tech",FALSE,3.50171115674196
"NNF21OC0070817",2021,"Other",FALSE,3.24709103353867
"NNF21OC0070829",2021,"Health",FALSE,3.83025325119781
"NNF21OC0070832",2021,"Other",FALSE,3.50171115674196
"NNF21OC0070834",2021,"Health",FALSE,2.99794661190965
"NNF21OC0070842",2021,"Health",FALSE,3.99726214921287
"NNF21OC0070847",2021,"Health",FALSE,2.6611909650924
"NNF21OC0070884",2021,"Health",FALSE,4.57768651608487
"NNF21OC0070888",2021,"Other",FALSE,4.32580424366872
"NNF21OC0070898",2021,"Health",FALSE,2.99794661190965
"NNF21OC0070910",2021,"Engineering & Tech",FALSE,3.49897330595483
"NNF21OC0070992",2021,"Social Sciences",FALSE,1.9958932238193
"NNF21OC0071015",2021,"Engineering & Tech",FALSE,3.2498288843258
"NNF21OC0071016",2021,"Natural Sciences",FALSE,3.41957563312799
"NNF21OC0071037",2021,"Health",FALSE,5.99863107460643
"NNF21OC0071057",2021,"Health",FALSE,3.2498288843258
"NNF21OC0071072",2021,"Health",FALSE,4.99657768651609
"NNF21OC0071074",2021,"Engineering & Tech",FALSE,1.49760438056126
"NNF21OC0071079",2021,"Health",FALSE,3.66598220396988
"NNF21OC0071081",2021,"Health",FALSE,4.99657768651609
"NNF21OC0071111",2021,"Health",FALSE,3.33196440793977
"NNF21OC0071113",2021,"Health",FALSE,4.99657768651609
"NNF21OC0071116",2021,"Health",FALSE,5.24845995893224
"NNF21OC0071125",2021,"Health",FALSE,3.75085557837098
"NNF21OC0071165",2021,"Health",FALSE,2.99794661190965
"NNF21OC0071188",2021,"Health",FALSE,4.08213552361396
"NNF21OC0071212",2021,"Health",FALSE,1.99863107460643
"NNF21OC0071230",2021,"Health",FALSE,2.99794661190965
"NNF21OC0071244",2021,"Health",FALSE,1.99863107460643
"NNF21OC0071246",2021,"Health",FALSE,3.99726214921287
"NNF21OC0071254",2021,"Health",FALSE,1.99863107460643
"NNF21OC0071257",2021,"Natural Sciences",FALSE,3.50171115674196
"NNF21OC0071259",2021,"Health",FALSE,2.99794661190965
"NNF21OC0071282",2021,"Natural Sciences",FALSE,4.24914442162902
"NNF21OC0071284",2021,"Natural Sciences",FALSE,3.4113620807666
"NNF21OC0071296",2021,"Engineering & Tech",FALSE,2.99794661190965
"NNF21OC0071297",2021,"Health",FALSE,1.9958932238193
"NNF21OC0071300",2021,"Engineering & Tech",FALSE,3.3264887063655
"NNF21OC0071323",2021,"Engineering & Tech",FALSE,3.4113620807666
"NNF21OC0071334",2021,"Engineering & Tech",FALSE,3.75085557837098
"NNF21OC0071343",2021,"Other",FALSE,3.99726214921287
"NNF21OC0071349",2021,"Health",FALSE,4.99657768651609
"NNF21OC0071366",2021,"Health",FALSE,2.99794661190965
"NNF21OC0071368",2021,"Natural Sciences",FALSE,3.99726214921287
"NNF21OC0071373",2021,"Health",FALSE,4.16427104722793
"NNF21OC0071374",2021,"Health",FALSE,2.99794661190965
"NNF21OC0071375",2021,"Engineering & Tech",FALSE,2.99794661190965
"NNF21OC0071376",2021,"Health",FALSE,3.3347022587269
"NNF21OC0071381",2021,"Other",FALSE,4.08213552361396
"NNF21OC0071408",2021,"Health",FALSE,3.99726214921287
"NNF21OC0071410",2021,"Engineering & Tech",FALSE,2.99794661190965
"NNF21OC0071450",2021,"Natural Sciences",FALSE,3.99726214921287
"NNF21OC0071454",2021,"Agriculture & Vet",FALSE,1.33333333333333
"NNF21OC0071458",2021,"Natural Sciences",FALSE,2.99794661190965
"NNF21OC0071475",2021,"Health",FALSE,2.99794661190965
"NNF21OC0071483",2021,"Health",FALSE,4.50102669404517
"NNF21OC0071501",2021,"Engineering & Tech",FALSE,2.99794661190965
"NNF21OC0071502",2021,"Engineering & Tech",FALSE,3.66872005475702
"NNF21OC0071513",2021,"Health",FALSE,3.2498288843258
"NNF21OC0071520",2021,"Health",FALSE,3.99726214921287
"NNF21OC0071538",2021,"Health",FALSE,3.99726214921287
"NNF21OC0071564",2021,"Health",FALSE,4.99657768651609
"NNF21OC0071571",2021,"Health",FALSE,2.99794661190965
"NNF21OC0071574",2021,"Natural Sciences",FALSE,2.99794661190965
"NNF21OC0071581",2021,"Engineering & Tech",TRUE,3.99726214921287
"NNF21OC0071584",2021,"Engineering & Tech",FALSE,4.49281314168378
"NNF21OC0071589",2021,"Health",FALSE,3.50171115674196
"NNF21OC0071611",2021,"Engineering & Tech",FALSE,2.99794661190965
"NNF21OC0071613",2021,"Health",FALSE,2.99794661190965
"NNF21OC0071624",2021,"Engineering & Tech",FALSE,2.7460643394935
"NNF21OC0071628",2021,"Engineering & Tech",FALSE,2.99794661190965
"NNF21OC0071633",2021,"Engineering & Tech",TRUE,3.41683778234086
"NNF21OC0071658",2021,"Engineering & Tech",FALSE,3.99726214921287
"NNF21OC0071661",2021,"Natural Sciences",FALSE,3.50171115674196
"NNF21OC0071665",2021,"Engineering & Tech",FALSE,2.99794661190965
"NNF21OC0071718",2021,"Health",FALSE,3.99726214921287
"NNF21OC0071721",2021,"Health",FALSE,1.9958932238193
"NNF21OC0071733",2021,"Health",FALSE,3.99726214921287
"NNF21OC0071769",2021,"Social Sciences",FALSE,4.99657768651609
"NNF21OC0071777",2021,"Health",FALSE,4.99657768651609
"NNF21OC0071799",2021,"Natural Sciences",FALSE,1.83162217659138
"NNF21OC0071822",2021,"Health",FALSE,2.99794661190965
"NNF21OC0071830",2021,"Health",FALSE,3.49349760438056
"NNF21OC0071844",2021,"Engineering & Tech",FALSE,3.99726214921287
"NNF21OC0071847",2021,"Health",FALSE,3.99726214921287
"NNF21OC0071854",2021,"Health",FALSE,3.50171115674196
"NNF21OC0071860",2021,"Health",FALSE,2.99794661190965
"NNF21OC0071881",2021,"Health",FALSE,3.99726214921287
"NNF21OC0071886",2021,"Natural Sciences",FALSE,2.99794661190965
"NNF21OC0071901",2021,"Health",FALSE,4.99657768651609
"NNF21OC0071910",2021,"Natural Sciences",FALSE,3.75085557837098
"NNF21OC0071919",2021,"Health",FALSE,3.20876112251882
"NNF21OC0071930",2021,"Health",FALSE,2.99794661190965
"NNF21OC0071946",2021,"Natural Sciences",FALSE,2.99794661190965
"NNF21OC0071947",2021,"Health",FALSE,3.99726214921287
"NNF21OC0071948",2021,"Health",FALSE,3.99726214921287
"NNF21OC0071952",2021,"Health",FALSE,3.9917864476386
"NNF21OC0071957",2021,"Natural Sciences",FALSE,3.83572895277207
"NNF21OC0071969",2021,"Health",FALSE,1.9958932238193
"NNF21OC0071970",2021,"Health",FALSE,0.996577686516085
"NNF21OC0071976",2021,"Health",FALSE,2.82819986310746
"NNF21OC0071977",2021,"Health",FALSE,2.99794661190965
"NNF21OC0071983",2021,"Social Sciences",FALSE,0.996577686516085
"NNF21OC0072015",2021,"Natural Sciences",FALSE,5.08145106091718
"NNF21OC0072020",2021,"Health",FALSE,3.99726214921287
"NNF21OC0072021",2021,"Natural Sciences",FALSE,3.91238877481177
"NNF21OC0072023",2021,"Health",TRUE,3.33196440793977
"NNF21OC0072031",2021,"Health",FALSE,3.99726214921287
"NNF21OC0072047",2021,"Natural Sciences",FALSE,2.99794661190965
"NNF21OC0072048",2021,"Health",FALSE,4.99657768651609
"NNF21OC0072050",2021,"Natural Sciences",FALSE,3.58384668035592
"NNF21OC0072063",2021,"Health",FALSE,3.91512662559891
"NNF21OC0072066",2021,"Social Sciences",FALSE,4.99657768651609
"NNF21OC0072067",2021,"Natural Sciences",FALSE,4.41067761806982
"NNF21OC0072070",2021,"Health",FALSE,2.99794661190965
"NNF21OC0072080",2021,"Natural Sciences",FALSE,2.99794661190965
"NNF21OC0072082",2021,"Natural Sciences",FALSE,4.74469541409993
"NNF21OC0072088",2021,"Health",FALSE,4.99931553730322
"NNF21OC0072092",2021,"Natural Sciences",FALSE,2.99794661190965
"NNF21OC0072118",2021,"Health",FALSE,3.49349760438056
"NNF21OC0072146",2021,"Health",FALSE,4.99657768651609
"NNF21OC0072155",2021,"Health",FALSE,3.66050650239562
"NNF21OC0072166",2021,"Health",FALSE,4.41889117043121
"NNF21OC0072177",2021,"Social Sciences",FALSE,1.9958932238193
"NNF21OC0072180",2021,"Health",FALSE,0.996577686516085
"NNF21OC0072197",2021,"Health",FALSE,2.99794661190965
"NNF21OC0072224",2021,"Health",FALSE,3.24435318275154
"NNF21OC0072239",2021,"Social Sciences",FALSE,2.94318959616701
"NNF21OC0072256",2021,"Health",FALSE,3.59206023271732
"NNF21OC0072262",2021,"Health",FALSE,2.16290212183436
"NNF21OC0072274",2021,"Health",FALSE,3.91238877481177
"NNF21OC0072287",2021,"Health",FALSE,2.99794661190965
"NNF21OC0072288",2021,"Social Sciences",FALSE,2.99794661190965
"NNF21OC0072304",2021,"Social Sciences",FALSE,3.49897330595483
"NNF21OC0072307",2021,"Health",FALSE,4
"NNF21OC0072369",2021,"Social Sciences",FALSE,3.99726214921287
"NNF21OC0072397",2021,"Health",FALSE,3.99726214921287
"NNF21OC0072398",2021,"Health",FALSE,1.492128678987
"NNF21OC0072412",2021,"Social Sciences",FALSE,0.996577686516085
"NNF21OC0072423",2021,"Health",FALSE,3.41409993155373
"NNF21OC0072430",2021,"Health",FALSE,3.99726214921287
"NNF21OC0072440",2021,"Health",FALSE,2.99794661190965
"NNF21OC0072458",2021,"Social Sciences",FALSE,3.15947980835044
"NNF21OC0072481",2021,"Health",FALSE,2.99794661190965
"NNF21OC0072482",2021,"Social Sciences",FALSE,1.9958932238193
"NNF21OC0072494",2021,"Health",FALSE,2.99794661190965
"NNF21OC0072529",2021,"Health",FALSE,3.99726214921287
"NNF21OC0072540",2021,"Health",FALSE,2.42026009582478
"NNF21OC0072570",2021,"Health",FALSE,3.67693360711841
"NNF21OC0072613",2021,"Health",FALSE,3.3264887063655
"NNF21OC0072631",2021,"Health",FALSE,2.99794661190965
"NNF21OC0072644",2021,"Health",FALSE,3.49349760438056
"NNF21OC0072656",2021,"Health",FALSE,2.57905544147844
"NNF21OC0072716",2021,"Natural Sciences",TRUE,5.74401095140315
"NNF21OC0072828",2021,"Health",TRUE,6.10266940451745
"NNF21OC0072838",2021,"Agriculture & Vet",FALSE,3.99726214921287
"NNF21OC0072844",2021,"Other",FALSE,3.99726214921287
"NNF21OC0073041",2021,"Health",FALSE,0.131416837782341
"NNF21SA0068652",2021,"Social Sciences",FALSE,1.15537303216975
"NNF21SA0069151",2021,"Health",FALSE,2.49965776865161
"NNF21SA0069154",2021,"Health",FALSE,2.32991101984942
"NNF21SA0069203",2021,"Health",FALSE,4.33127994524298
"NNF21SA0069231",2021,"Social Sciences",FALSE,3.66872005475702
"NNF21SA0069370",2021,"Health",FALSE,3.50171115674196
"NNF21SA0069371",2021,"Health",FALSE,5.16906228610541
"NNF21SA0069372",2021,"Health",FALSE,3.58658453114305
"NNF21SA0069373",2021,"Health",FALSE,5.24845995893224
"NNF21SA0069429",2021,"Natural Sciences",TRUE,5.50034223134839
"NNF21SA0069573",2021,"Social Sciences",FALSE,7.00068446269678
"NNF21SA0069738",2021,"Natural Sciences",FALSE,2.32991101984942
"NNF21SA0069780",2021,"Natural Sciences",FALSE,3.99726214921287
"NNF21SA0069781",2021,"Health",FALSE,3.99726214921287
"NNF21SA0069782",2021,"Natural Sciences",FALSE,3.99726214921287
"NNF21SA0069783",2021,"Natural Sciences",FALSE,3.99726214921287
"NNF21SA0069849",2021,"Health",FALSE,3.41683778234086
"NNF21SA0069971",2021,"Health",FALSE,2.41752224503765
"NNF21SA0069979",2021,"Health",FALSE,0.416153319644079
"NNF21SA0069997",2021,"Social Sciences",FALSE,4.99657768651609
"NNF21SA0070081",2021,"Health",FALSE,3.74537987679671
"NNF21SA0070093",2021,"Engineering & Tech",FALSE,0.999315537303217
"NNF21SA0070193",2021,"Natural Sciences",FALSE,0.596851471594798
"NNF21SA0070326",2021,"Engineering & Tech",FALSE,1.9958932238193
"NNF21SA0070428",2021,"Health",FALSE,4.24914442162902
"NNF21SA0070676",2021,"Natural Sciences",TRUE,3.99726214921287
"NNF21SA0070707",2021,"Natural Sciences",FALSE,2.99794661190965
"NNF21SA0070780",2021,"Health",FALSE,8.24914442162902
"NNF21SA0070887",2021,"Social Sciences",FALSE,4.99657768651609
"NNF21SA0071332",2021,"Engineering & Tech",FALSE,0.996577686516085
"NNF21SA0071437",2021,"Engineering & Tech",FALSE,0.668035592060233
"NNF21SA0071526",2021,"Social Sciences",FALSE,1.4154688569473
"NNF21SA0071636",2021,"Health",FALSE,1.492128678987
"NNF21SA0071711",2021,"Social Sciences",FALSE,6.99794661190965
"NNF21SA0072029",2021,"Social Sciences",FALSE,3.99726214921287
"NNF21SA0072102",2021,"Health",FALSE,5.3305954825462
"NNF21SA0072677",2021,"Health",FALSE,4.99657768651609
"NNF21SA0072678",2021,"Health",FALSE,4.99657768651609
"NNF21SA0072681",2021,"Engineering & Tech",FALSE,0.996577686516085
"NNF21SA0072683",2021,"Health",FALSE,3.99726214921287
"NNF21SA0072700",2021,"Health",FALSE,6.99794661190965
"NNF21SA0072744",2021,"Health",FALSE,5.24298425735797
"NNF21SA0072745",2021,"Health",FALSE,4.99657768651609
"NNF21SA0072746",2021,"Health",FALSE,4.99657768651609
"NNF21SA0072747",2021,"Health",FALSE,4.99657768651609
"NNF21SA0072914",2021,"Social Sciences",FALSE,3.99726214921287
"NNF21SA0073122",2021,"Natural Sciences",FALSE,4.99657768651609
"NNF21SA0073688",2021,"Agriculture & Vet",FALSE,5.492128678987
"NNF21SA0073732",2021,"Health",FALSE,4.99657768651609
"NNF21SA0073733",2021,"Health",FALSE,2.99794661190965
"NNF21SA0073760",2021,"Health",FALSE,3.33196440793977
"NNF21SA0073934",2021,"Engineering & Tech",FALSE,3.00068446269678
"NNF21SA0074024",2021,"Other",FALSE,5.24298425735797
"NNF21SA0074038",2021,"Health",FALSE,0.996577686516085
"NNF21SA0074179",2021,"Engineering & Tech",FALSE,2.91581108829569
"NNF21SA0074499",2021,"Health",FALSE,1.99863107460643
"NNF21SA0074503",2021,"Health",FALSE,1.9958932238193
"NNF21SA0074506",2021,"Health",FALSE,2.9596167008898
"NNF21SH0069848",2021,"Health",FALSE,3.3264887063655
"NNF21SH0070250",2021,"Social Sciences",FALSE,5.3305954825462
"NNF21SH0070526",2021,"Social Sciences",FALSE,3.91238877481177
"NNF21SH0070649",2021,"Health",FALSE,2.62559890485969
"NNF22SA0074226",2021,"Engineering & Tech",FALSE,1.74948665297741
"NNF0035558",2020,"Health",FALSE,3.99726214921287
"NNF0035564",2020,"Health",FALSE,3.99726214921287
"NNF20CC0035546",2020,"Health",FALSE,4.84325804243669
"NNF20CC0035580",2020,"Health",FALSE,4.99657768651609
"NNF20OC0059288",2020,"Health",FALSE,4.99657768651609
"NNF20OC0059290",2020,"Health",FALSE,4.99657768651609
"NNF20OC0059301",2020,"Health",FALSE,6.99794661190965
"NNF20OC0059309",2020,"Health",TRUE,6.99520876112252
"NNF20OC0059313",2020,"Health",FALSE,6.99794661190965
"NNF20OC0059377",2020,"Health",FALSE,4.99657768651609
"NNF20OC0059392",2020,"Health",FALSE,6.99794661190965
"NNF20OC0059393",2020,"Health",FALSE,5.49760438056126
"NNF20OC0059404",2020,"Humanities",FALSE,0.416153319644079
"NNF20OC0059410",2020,"Health",FALSE,4.99657768651609
"NNF20OC0059417",2020,"Health",FALSE,5.82614647501711
"NNF20OC0059435",2020,"Humanities",TRUE,2.84736481861739
"NNF20OC0059436",2020,"Health",FALSE,4.99657768651609
"NNF20OC0059462",2020,"Natural Sciences",FALSE,3.99726214921287
"NNF20OC0059465",2020,"Health",FALSE,4.99657768651609
"NNF20OC0059476",2020,"Health",FALSE,4.99657768651609
"NNF20OC0059485",2020,"Health",FALSE,4.41615331964408
"NNF20OC0059487",2020,"Health",FALSE,6.32991101984942
"NNF20OC0059595",2020,"Agriculture & Vet",FALSE,7.83572895277207
"NNF20OC0059614",2020,"Health",FALSE,5.82614647501711
"NNF20OC0059646",2020,"Health",FALSE,4.99657768651609
"NNF20OC0059697",2020,"Agriculture & Vet",FALSE,6.99794661190965
"NNF20OC0059705",2020,"Health",FALSE,6.99794661190965
"NNF20OC0059767",2020,"Health",FALSE,7.49349760438056
"NNF20OC0059796",2020,"Health",FALSE,4.99657768651609
"NNF20OC0059893",2020,"Health",FALSE,6.99520876112252
"NNF20OC0059939",2020,"Other",FALSE,6.99794661190965
"NNF20OC0059948",2020,"Agriculture & Vet",FALSE,6.83367556468172
"NNF20OC0059951",2020,"Health",TRUE,6.49144421629021
"NNF20OC0059959",2020,"Health",FALSE,4.99657768651609
"NNF20OC0060019",2020,"Natural Sciences",FALSE,5.9958932238193
"NNF20OC0060118",2020,"Agriculture & Vet",FALSE,7.33196440793977
"NNF20OC0060141",2020,"Health",FALSE,4.99657768651609
"NNF20OC0060298",2020,"Health",FALSE,5.49486652977413
"NNF20OC0060354",2020,"Humanities",FALSE,1.41273100616016
"NNF20OC0060362",2020,"Health",FALSE,5.66735112936345
"NNF20OC0060468",2020,"Health",FALSE,4.99657768651609
"NNF20OC0060483",2020,"Health",FALSE,4.99657768651609
"NNF20OC0060547",2020,"Health",FALSE,5.9958932238193
"NNF20OC0060561",2020,"Health",FALSE,4.99657768651609
"NNF20OC0060564",2020,"Health",FALSE,4.99657768651609
"NNF20OC0060571",2020,"Humanities",FALSE,3.74811772758385
"NNF20OC0060590",2020,"Health",FALSE,5.9958932238193
"NNF20OC0060610",2020,"Health",FALSE,4.99657768651609
"NNF20OC0060657",2020,"Health",FALSE,4.99657768651609
"NNF20OC0060692",2020,"Health",FALSE,6.58179329226557
"NNF20OC0060694",2020,"Health",FALSE,4.50376454483231
"NNF20OC0060809",2020,"Health",FALSE,4.99657768651609
"NNF20OC0060824",2020,"Health",FALSE,4.99657768651609
"NNF20OC0060969",2020,"Health",FALSE,4.16427104722793
"NNF20OC0060998",2020,"Health",FALSE,4.99657768651609
"NNF20OC0061021",2020,"Health",FALSE,4.99657768651609
"NNF20OC0061029",2020,"Health",FALSE,4.99657768651609
"NNF20OC0061047",2020,"Humanities",FALSE,0.996577686516085
"NNF20OC0061048",2020,"Health",FALSE,7.3264887063655
"NNF20OC0061064",2020,"Health",FALSE,4.41341546885695
"NNF20OC0061149",2020,"Health",FALSE,4.99657768651609
"NNF20OC0061165",2020,"Health",FALSE,6.49418206707734
"NNF20OC0061176",2020,"Natural Sciences",FALSE,5.24298425735797
"NNF20OC0061239",2020,"Health",TRUE,6.33264887063655
"NNF20OC0061306",2020,"Health",FALSE,4.99657768651609
"NNF20OC0061313",2020,"Health",FALSE,5.9958932238193
"NNF20OC0061314",2020,"Humanities",FALSE,1.46748802190281
"NNF20OC0061320",2020,"Humanities",FALSE,1.66187542778919
"NNF20OC0061339",2020,"Humanities",FALSE,4.16153319644079
"NNF20OC0061342",2020,"Humanities",FALSE,2.99520876112252
"NNF20OC0061343",2020,"Health",FALSE,5.9958932238193
"NNF20OC0061394",2020,"Health",FALSE,4.99657768651609
"NNF20OC0061400",2020,"Health",FALSE,5.66735112936345
"NNF20OC0061406",2020,"Humanities",FALSE,2.99520876112252
"NNF20OC0061417",2020,"Natural Sciences",FALSE,6.24777549623546
"NNF20OC0061440",2020,"Health",FALSE,6.16290212183436
"NNF20OC0061469",2020,"Health",FALSE,4.99657768651609
"NNF20OC0061528",2020,"Health",FALSE,4.99657768651609
"NNF20OC0061534",2020,"Health",FALSE,5.57700205338809
"NNF20OC0061552",2020,"Health",FALSE,0.996577686516085
"NNF20OC0061574",2020,"Health",FALSE,6.99520876112252
"NNF20OC0061575",2020,"Health",FALSE,5.492128678987
"NNF20OC0061596",2020,"Health",FALSE,4.98836413415469
"NNF20OC0061607",2020,"Health",FALSE,0.996577686516085
"NNF20OC0061673",2020,"Health",FALSE,6.99520876112252
"NNF20OC0061683",2020,"Health",FALSE,2.99520876112252
"NNF20OC0061734",2020,"Health",TRUE,4.99657768651609
"NNF20OC0061740",2020,"Health",FALSE,6.49418206707734
"NNF20OC0061808",2020,"Natural Sciences",FALSE,4.99110198494182
"NNF20OC0061821",2020,"Health",FALSE,3.99726214921287
"NNF20OC0061866",2020,"Health",FALSE,6.99520876112252
"NNF20OC0061894",2020,"Natural Sciences",TRUE,4.99657768651609
"NNF20OC0061947",2020,"Health",FALSE,1.74948665297741
"NNF20OC0062018",2020,"Health",FALSE,2.03696098562628
"NNF20OC0062032",2020,"Health",FALSE,0.996577686516085
"NNF20OC0062047",2020,"Natural Sciences",TRUE,5.35249828884326
"NNF20OC0062056",2020,"Natural Sciences",TRUE,4.99657768651609
"NNF20OC0062068",2020,"Health",FALSE,7.66050650239562
"NNF20OC0062124",2020,"Health",FALSE,1.99863107460643
"NNF20OC0062131",2020,"Health",FALSE,7.74811772758385
"NNF20OC0062176",2020,"Health",FALSE,6.99520876112252
"NNF20OC0062223",2020,"Health",TRUE,4.99657768651609
"NNF20OC0062239",2020,"Engineering & Tech",FALSE,3.99726214921287
"NNF20OC0062294",2020,"Health",TRUE,5.9958932238193
"NNF20OC0062340",2020,"Natural Sciences",FALSE,5.3305954825462
"NNF20OC0062420",2020,"Health",FALSE,1.91101984941821
"NNF20OC0062428",2020,"Health",FALSE,0.996577686516085
"NNF20OC0062434",2020,"Health",FALSE,3.32922655715264
"NNF20OC0062491",2020,"Natural Sciences",FALSE,4.99657768651609
"NNF20OC0062511",2020,"Natural Sciences",FALSE,3.99726214921287
"NNF20OC0062515",2020,"Health",TRUE,4.99657768651609
"NNF20OC0062536",2020,"Health",FALSE,1.22381930184805
"NNF20OC0062554",2020,"Health",FALSE,0.996577686516085
"NNF20OC0062606",2020,"Natural Sciences",TRUE,5.9958932238193
"NNF20OC0062686",2020,"Health",FALSE,1.9958932238193
"NNF20OC0062750",2020,"Health",FALSE,0.996577686516085
"NNF20OC0062754",2020,"Health",FALSE,0.996577686516085
"NNF20OC0062769",2020,"Health",FALSE,0.996577686516085
"NNF20OC0062772",2020,"Health",FALSE,0.501026694045175
"NNF20OC0062782",2020,"Health",FALSE,1.9958932238193
"NNF20OC0062789",2020,"Health",FALSE,0.996577686516085
"NNF20OC0062825",2020,"Health",FALSE,4.82956878850103
"NNF20OC0062897",2020,"Natural Sciences",FALSE,5.74948665297741
"NNF20OC0062899",2020,"Health",FALSE,3.50171115674196
"NNF20OC0062958",2020,"Natural Sciences",FALSE,6.66392881587953
"NNF20OC0062962",2020,"Health",FALSE,0.996577686516085
"NNF20OC0063145",2020,"Health",FALSE,1.9958932238193
"NNF20OC0063160",2020,"Health",FALSE,1.82614647501711
"NNF20OC0063168",2020,"Health",FALSE,0.996577686516085
"NNF20OC0063177",2020,"Health",FALSE,2.99520876112252
"NNF20OC0063220",2020,"Health",FALSE,0.996577686516085
"NNF20OC0063221",2020,"Health",FALSE,0.996577686516085
"NNF20OC0063226",2020,"Health",FALSE,0.996577686516085
"NNF20OC0063238",2020,"Health",FALSE,0.996577686516085
"NNF20OC0063249",2020,"Health",FALSE,0.996577686516085
"NNF20OC0063268",2020,"Health",TRUE,5.9958932238193
"NNF20OC0063277",2020,"Health",FALSE,6.49144421629021
"NNF20OC0063280",2020,"Health",FALSE,5.492128678987
"NNF20OC0063292",2020,"Health",FALSE,4.99657768651609
"NNF20OC0063431",2020,"Health",FALSE,0.996577686516085
"NNF20OC0063436",2020,"Other",FALSE,4.58316221765914
"NNF20OC0063444",2020,"Health",FALSE,2.99794661190965
"NNF20OC0063462",2020,"Natural Sciences",TRUE,4.99657768651609
"NNF20OC0063465",2020,"Health",FALSE,0.996577686516085
"NNF20OC0063485",2020,"Health",FALSE,0.996577686516085
"NNF20OC0063501",2020,"Health",FALSE,0.996577686516085
"NNF20OC0063502",2020,"Health",FALSE,2.91033538672142
"NNF20OC0063515",2020,"Health",FALSE,0.996577686516085
"NNF20OC0063541",2020,"Health",FALSE,1.9958932238193
"NNF20OC0063569",2020,"Health",FALSE,0.996577686516085
"NNF20OC0063577",2020,"Health",FALSE,1.9958932238193
"NNF20OC0063582",2020,"Health",FALSE,1.9958932238193
"NNF20OC0063597",2020,"Health",FALSE,4.99657768651609
"NNF20OC0063600",2020,"Health",FALSE,1.9958932238193
"NNF20OC0063616",2020,"Health",FALSE,1.9958932238193
"NNF20OC0063624",2020,"Health",FALSE,4.99657768651609
"NNF20OC0063626",2020,"Health",FALSE,2.40930869267625
"NNF20OC0063628",2020,"Health",FALSE,3.99726214921287
"NNF20OC0063654",2020,"Health",FALSE,2.99520876112252
"NNF20OC0063659",2020,"Health",FALSE,2.99520876112252
"NNF20OC0063667",2020,"Health",FALSE,2.99520876112252
"NNF20OC0063671",2020,"Health",FALSE,0.996577686516085
"NNF20OC0063672",2020,"Health",FALSE,0.996577686516085
"NNF20OC0063692",2020,"Health",FALSE,0.996577686516085
"NNF20OC0063707",2020,"Health",FALSE,0.996577686516085
"NNF20OC0063709",2020,"Health",TRUE,4.91170431211499
"NNF20OC0063712",2020,"Health",FALSE,3.66324435318275
"NNF20OC0063744",2020,"Health",FALSE,5.08145106091718
"NNF20OC0063753",2020,"Health",TRUE,0.996577686516085
"NNF20OC0063758",2020,"Health",FALSE,0.996577686516085
"NNF20OC0063791",2020,"Health",FALSE,1.9958932238193
"NNF20OC0063801",2020,"Health",FALSE,1.57700205338809
"NNF20OC0063805",2020,"Health",TRUE,1.9958932238193
"NNF20OC0063808",2020,"Health",FALSE,5.24572210814511
"NNF20OC0063809",2020,"Health",FALSE,4.99657768651609
"NNF20OC0063837",2020,"Health",FALSE,1.492128678987
"NNF20OC0063850",2020,"Health",FALSE,0.996577686516085
"NNF20OC0063853",2020,"Health",FALSE,0.996577686516085
"NNF20OC0063864",2020,"Health",FALSE,2.99520876112252
"NNF20OC0063869",2020,"Health",FALSE,1.9958932238193
"NNF20OC0063872",2020,"Health",FALSE,0.996577686516085
"NNF20OC0063874",2020,"Health",FALSE,4.99657768651609
"NNF20OC0063883",2020,"Health",FALSE,3.99726214921287
"NNF20OC0063886",2020,"Health",TRUE,2.99520876112252
"NNF20OC0063889",2020,"Health",FALSE,3.74537987679671
"NNF20OC0063912",2020,"Health",FALSE,4.99657768651609
"NNF20OC0063916",2020,"Health",FALSE,2.99520876112252
"NNF20OC0063930",2020,"Health",FALSE,0.996577686516085
"NNF20OC0063938",2020,"Health",FALSE,1.9958932238193
"NNF20OC0063944",2020,"Health",FALSE,2.54893908281999
"NNF20OC0063947",2020,"Health",FALSE,4.99657768651609
"NNF20OC0063954",2020,"Health",FALSE,2.99520876112252
"NNF20OC0063964",2020,"Health",FALSE,4.58316221765914
"NNF20OC0063971",2020,"Health",FALSE,1.492128678987
"NNF20OC0063985",2020,"Health",FALSE,4.99657768651609
"NNF20OC0063993",2020,"Health",FALSE,1.9958932238193
"NNF20OC0064000",2020,"Health",FALSE,2.99520876112252
"NNF20OC0064030",2020,"Health",FALSE,5.9958932238193
"NNF20OC0064039",2020,"Health",FALSE,3.99726214921287
"NNF20OC0064043",2020,"Health",FALSE,3.99726214921287
"NNF20OC0064048",2020,"Health",FALSE,3.99726214921287
"NNF20OC0064101",2020,"Health",FALSE,4.24914442162902
"NNF20OC0064104",2020,"Health",TRUE,3.63860369609856
"NNF20OC0064162",2020,"Health",FALSE,2.99794661190965
"NNF20OC0064164",2020,"Engineering & Tech",FALSE,2.99520876112252
"NNF20OC0064182",2020,"Health",FALSE,3.99726214921287
"NNF20OC0064187",2020,"Health",FALSE,3.49349760438056
"NNF20OC0064199",2020,"Engineering & Tech",FALSE,3.99726214921287
"NNF20OC0064207",2020,"Health",FALSE,3.99726214921287
"NNF20OC0064210",2020,"Social Sciences",FALSE,5.492128678987
"NNF20OC0064249",2020,"Engineering & Tech",FALSE,3.74537987679671
"NNF20OC0064283",2020,"Engineering & Tech",FALSE,4.83504449007529
"NNF20OC0064289",2020,"Health",FALSE,3.99726214921287
"NNF20OC0064295",2020,"Engineering & Tech",FALSE,1.16358658453114
"NNF20OC0064301",2020,"Health",FALSE,2.99794661190965
"NNF20OC0064332",2020,"Engineering & Tech",FALSE,4.61875427789186
"NNF20OC0064343",2020,"Engineering & Tech",FALSE,3.99726214921287
"NNF20OC0064347",2020,"Health",FALSE,3.74537987679671
"NNF20OC0064350",2020,"Engineering & Tech",FALSE,2.99520876112252
"NNF20OC0064371",2020,"Engineering & Tech",FALSE,3.3264887063655
"NNF20OC0064376",2020,"Health",FALSE,2.99794661190965
"NNF20OC0064385",2020,"Engineering & Tech",FALSE,3.83572895277207
"NNF20OC0064395",2020,"Health",FALSE,2.99520876112252
"NNF20OC0064423",2020,"Engineering & Tech",FALSE,2.66392881587953
"NNF20OC0064428",2020,"Health",FALSE,2.99520876112252
"NNF20OC0064467",2020,"Health",FALSE,3.33196440793977
"NNF20OC0064472",2020,"Health",FALSE,1.9958932238193
"NNF20OC0064478",2020,"Engineering & Tech",FALSE,1.9958932238193
"NNF20OC0064485",2020,"Health",FALSE,2.99520876112252
"NNF20OC0064500",2020,"Health",FALSE,0.492813141683778
"NNF20OC0064537",2020,"Health",FALSE,3.99726214921287
"NNF20OC0064547",2020,"Engineering & Tech",FALSE,2.91307323750856
"NNF20OC0064550",2020,"Health",FALSE,2.99794661190965
"NNF20OC0064556",2020,"Health",FALSE,3.49349760438056
"NNF20OC0064560",2020,"Health",FALSE,3.4113620807666
"NNF20OC0064565",2020,"Health",FALSE,3.08008213552361
"NNF20OC0064570",2020,"Health",FALSE,5.9958932238193
"NNF20OC0064571",2020,"Health",FALSE,3.4113620807666
"NNF20OC0064589",2020,"Health",FALSE,2.99520876112252
"NNF20OC0064594",2020,"Health",FALSE,2.99520876112252
"NNF20OC0064628",2020,"Health",FALSE,3.41683778234086
"NNF20OC0064637",2020,"Health",FALSE,3.83572895277207
"NNF20OC0064647",2020,"Engineering & Tech",FALSE,3.66872005475702
"NNF20OC0064677",2020,"Health",TRUE,2.99794661190965
"NNF20OC0064680",2020,"Engineering & Tech",FALSE,2.16290212183436
"NNF20OC0064691",2020,"Health",FALSE,3.99726214921287
"NNF20OC0064735",2020,"Health",FALSE,3.41683778234086
"NNF20OC0064744",2020,"Health",FALSE,1.9958932238193
"NNF20OC0064747",2020,"Engineering & Tech",FALSE,4.24640657084189
"NNF20OC0064789",2020,"Engineering & Tech",FALSE,2.99520876112252
"NNF20OC0064799",2020,"Engineering & Tech",FALSE,3.49349760438056
"NNF20OC0064801",2020,"Health",FALSE,3.99726214921287
"NNF20OC0064822",2020,"Engineering & Tech",FALSE,3.49623545516769
"NNF20OC0064829",2020,"Health",FALSE,1.492128678987
"NNF20OC0064869",2020,"Health",FALSE,4.50102669404517
"NNF20OC0064873",2020,"Social Sciences",FALSE,3.49349760438056
"NNF20OC0064890",2020,"Health",FALSE,5.3305954825462
"NNF20OC0064904",2020,"Health",FALSE,3.99726214921287
"NNF20OC0064953",2020,"Health",FALSE,3.99726214921287
"NNF20OC0064958",2020,"Health",FALSE,3.49349760438056
"NNF20OC0064972",2020,"Engineering & Tech",FALSE,2.99520876112252
"NNF20OC0064978",2020,"Health",FALSE,4.41615331964408
"NNF20OC0064981",2020,"Health",FALSE,4.05201916495551
"NNF20OC0064985",2020,"Health",FALSE,2.99794661190965
"NNF20OC0064992",2020,"Health",FALSE,3.49897330595483
"NNF20OC0064993",2020,"Health",TRUE,3.49897330595483
"NNF20OC0065005",2020,"Engineering & Tech",FALSE,4.4435318275154
"NNF20OC0065009",2020,"Health",FALSE,2.99794661190965
"NNF20OC0065017",2020,"Health",FALSE,2.32991101984942
"NNF20OC0065026",2020,"Engineering & Tech",FALSE,2.99794661190965
"NNF20OC0065032",2020,"Engineering & Tech",FALSE,2.23134839151266
"NNF20OC0065061",2020,"Engineering & Tech",FALSE,2.99794661190965
"NNF20OC0065068",2020,"Engineering & Tech",FALSE,2.99794661190965
"NNF20OC0065094",2020,"Health",FALSE,1.9958932238193
"NNF20OC0065096",2020,"Engineering & Tech",FALSE,3.49349760438056
"NNF20OC0065098",2020,"Health",FALSE,3.24709103353867
"NNF20OC0065099",2020,"Health",FALSE,3.41683778234086
"NNF20OC0065103",2020,"Health",FALSE,4.99657768651609
"NNF20OC0065138",2020,"Health",FALSE,4.99657768651609
"NNF20OC0065151",2020,"Health",FALSE,3.81382614647502
"NNF20OC0065157",2020,"Engineering & Tech",FALSE,2.99520876112252
"NNF20OC0065160",2020,"Health",FALSE,2.41478439425051
"NNF20OC0065175",2020,"Health",FALSE,3.50444900752909
"NNF20OC0065183",2020,"Engineering & Tech",TRUE,3.33196440793977
"NNF20OC0065238",2020,"Health",FALSE,3.2498288843258
"NNF20OC0065245",2020,"Health",FALSE,1.9958932238193
"NNF20OC0065260",2020,"Health",FALSE,2.99794661190965
"NNF20OC0065262",2020,"Health",FALSE,4.83504449007529
"NNF20OC0065282",2020,"Health",FALSE,2.99794661190965
"NNF20OC0065300",2020,"Health",FALSE,3.99726214921287
"NNF20OC0065309",2020,"Health",FALSE,2.49144421629021
"NNF20OC0065353",2020,"Health",FALSE,4.82956878850103
"NNF20OC0065357",2020,"Health",FALSE,2.99794661190965
"NNF20OC0065368",2020,"Health",FALSE,4.7501711156742
"NNF20OC0065395",2020,"Health",FALSE,2.99520876112252
"NNF20OC0065400",2020,"Health",FALSE,2.99520876112252
"NNF20OC0065421",2020,"Health",FALSE,5.58247775496235
"NNF20OC0065422",2020,"Health",FALSE,2.99520876112252
"NNF20OC0065425",2020,"Health",FALSE,0.492813141683778
"NNF20OC0065428",2020,"Health",FALSE,3.99726214921287
"NNF20OC0065430",2020,"Health",FALSE,2.99520876112252
"NNF20OC0065431",2020,"Health",FALSE,4.33127994524298
"NNF20OC0065441",2020,"Health",FALSE,4.99657768651609
"NNF20OC0065455",2020,"Health",FALSE,3.99726214921287
"NNF20OC0065479",2020,"Health",FALSE,4.41615331964408
"NNF20OC0065482",2020,"Health",FALSE,4.41615331964408
"NNF20OC0065498",2020,"Health",FALSE,3.99452429842574
"NNF20OC0065510",2020,"Health",FALSE,2.99794661190965
"NNF20OC0065513",2020,"Social Sciences",FALSE,3.73716632443532
"NNF20OC0065517",2020,"Health",FALSE,4.49281314168378
"NNF20OC0065520",2020,"Health",FALSE,4.57768651608487
"NNF20OC0065535",2020,"Health",FALSE,2.6611909650924
"NNF20OC0065548",2020,"Health",FALSE,4.33127994524298
"NNF20OC0065549",2020,"Health",FALSE,4.66803559206023
"NNF20OC0065553",2020,"Health",FALSE,0.996577686516085
"NNF20OC0065559",2020,"Health",FALSE,4.16427104722793
"NNF20OC0065561",2020,"Health",FALSE,4.33401779603012
"NNF20OC0065568",2020,"Health",FALSE,0.996577686516085
"NNF20OC0065569",2020,"Health",FALSE,3.33196440793977
"NNF20OC0065582",2020,"Health",FALSE,2.99794661190965
"NNF20OC0065584",2020,"Health",FALSE,4.57768651608487
"NNF20OC0065592",2020,"Health",FALSE,3.49349760438056
"NNF20OC0065596",2020,"Health",FALSE,2.49418206707734
"NNF20OC0065600",2020,"Health",FALSE,2.99520876112252
"NNF20OC0065610",2020,"Health",FALSE,2.99794661190965
"NNF20OC0065611",2020,"Health",TRUE,3.99726214921287
"NNF20OC0065614",2020,"Health",FALSE,0.996577686516085
"NNF20OC0065631",2020,"Health",FALSE,2.99520876112252
"NNF20OC0065650",2020,"Health",FALSE,1.9958932238193
"NNF20OC0065652",2020,"Health",FALSE,1.42642026009582
"NNF20OC0065693",2020,"Health",FALSE,5.9958932238193
"NNF20OC0065706",2020,"Health",FALSE,3.99726214921287
"NNF20OC0065719",2020,"Social Sciences",FALSE,3.49623545516769
"NNF20OC0065720",2020,"Health",TRUE,1.9958932238193
"NNF20OC0065744",2020,"Health",FALSE,3.66872005475702
"NNF20OC0065745",2020,"Social Sciences",FALSE,4.33127994524298
"NNF20OC0065750",2020,"Health",FALSE,3.49349760438056
"NNF20OC0065755",2020,"Social Sciences",FALSE,2.99794661190965
"NNF20OC0065760",2020,"Health",FALSE,6.99794661190965
"NNF20OC0065767",2020,"Health",FALSE,3.49349760438056
"NNF20OC0065770",2020,"Health",FALSE,3.99726214921287
"NNF20OC0065789",2020,"Health",FALSE,2.66392881587953
"NNF20OC0065798",2020,"Health",FALSE,4.24366872005476
"NNF20OC0065799",2020,"Health",FALSE,4.99657768651609
"NNF20OC0065814",2020,"Health",FALSE,4.06570841889117
"NNF20OC0065836",2020,"Health",FALSE,3.99726214921287
"NNF20OC0065841",2020,"Health",FALSE,3.99726214921287
"NNF20OC0065851",2020,"Health",FALSE,0.996577686516085
"NNF20OC0065858",2020,"Health",FALSE,2.58179329226557
"NNF20OC0065863",2020,"Health",FALSE,4.92813141683778
"NNF20OC0065907",2020,"Health",FALSE,4.66803559206023
"NNF20OC0065926",2020,"Health",FALSE,4.33127994524298
"NNF20OC0065928",2020,"Health",FALSE,4.33127994524298
"NNF20OC0065929",2020,"Health",FALSE,3.58110882956879
"NNF20OC0065957",2020,"Health",FALSE,4.99657768651609
"NNF20OC0065960",2020,"Health",FALSE,5.15811088295688
"NNF20OC0065973",2020,"Health",FALSE,0.996577686516085
"NNF20OC0066005",2020,"Social Sciences",FALSE,5.9958932238193
"NNF20OC0066008",2020,"Health",FALSE,1.24572210814511
"NNF20OC0066029",2020,"Health",FALSE,0.996577686516085
"NNF20OC0066034",2020,"Health",FALSE,2.99794661190965
"NNF20OC0066044",2020,"Health",FALSE,1.36618754277892
"NNF20OC0066061",2020,"Health",FALSE,1.9958932238193
"NNF20OC0066063",2020,"Health",FALSE,0.744695414099932
"NNF20OC0066069",2020,"Health",FALSE,0.49555099247091
"NNF20OC0066074",2020,"Health",FALSE,5.9958932238193
"NNF20OC0066082",2020,"Health",FALSE,0.996577686516085
"NNF20OC0066106",2020,"Health",FALSE,5.08145106091718
"NNF20OC0066156",2020,"Health",FALSE,1.62354551676934
"NNF20OC0066170",2020,"Health",FALSE,0.996577686516085
"NNF20OC0066179",2020,"Health",FALSE,5.54140999315537
"NNF20OC0066193",2020,"Health",FALSE,2.65845311430527
"NNF20OC0066283",2020,"Health",FALSE,1.41273100616016
"NNF20OC0066298",2020,"Natural Sciences",FALSE,3.99726214921287
"NNF20OC0066337",2020,"Health",FALSE,0.996577686516085
"NNF20OC0066397",2020,"Health",FALSE,0.996577686516085
"NNF20OC0066409",2020,"Health",FALSE,0.996577686516085
"NNF20OC0066478",2020,"Health",FALSE,0.996577686516085
"NNF20OC0066541",2020,"Health",FALSE,1.16632443531828
"NNF20OC0066578",2020,"Health",FALSE,1.58247775496235
"NNF20OC0066584",2020,"Health",FALSE,1.4154688569473
"NNF20SA0035552",2020,"Health",FALSE,5.14168377823409
"NNF20SA0035554",2020,"Health",FALSE,5.14168377823409
"NNF20SA0035556",2020,"Health",FALSE,5.14168377823409
"NNF20SA0035560",2020,"Health",FALSE,5.14168377823409
"NNF20SA0035584",2020,"Health",FALSE,4.88980150581793
"NNF20SA0035586",2020,"Health",FALSE,4.88980150581793
"NNF20SA0035588",2020,"Health",FALSE,4.88980150581793
"NNF20SA0035590",2020,"Natural Sciences",FALSE,4.22450376454483
"NNF20SA0062371",2020,"Engineering & Tech",FALSE,0.498288843258042
"NNF20SA0062504",2020,"Engineering & Tech",FALSE,3.74811772758385
"NNF20SA0062653",2020,"Health",FALSE,2.62559890485969
"NNF20SA0062831",2020,"Health",FALSE,0.999315537303217
"NNF20SA0062832",2020,"Health",FALSE,3.2662559890486
"NNF20SA0062833",2020,"Health",FALSE,0.999315537303217
"NNF20SA0062834",2020,"Health",FALSE,1.69199178644764
"NNF20SA0062835",2020,"Health",FALSE,1.44284736481862
"NNF20SA0062870",2020,"Health",FALSE,1.77138945927447
"NNF20SA0062871",2020,"Health",FALSE,1.99863107460643
"NNF20SA0062872",2020,"Health",FALSE,0.999315537303217
"NNF20SA0062873",2020,"Health",FALSE,2.77070499657769
"NNF20SA0062874",2020,"Health",FALSE,1.99863107460643
"NNF20SA0062875",2020,"Health",FALSE,2.41752224503765
"NNF20SA0062879",2020,"Health",TRUE,0.999315537303217
"NNF20SA0062920",2020,"Health",FALSE,0.684462696783025
"NNF20SA0062998",2020,"Health",FALSE,2.79534565366188
"NNF20SA0063089",2020,"Health",FALSE,0.999315537303217
"NNF20SA0063090",2020,"Health",FALSE,1.75222450376454
"NNF20SA0063124",2020,"Natural Sciences",FALSE,0.996577686516085
"NNF20SA0063138",2020,"Health",TRUE,0.999315537303217
"NNF20SA0063179",2020,"Health",FALSE,0.999315537303217
"NNF20SA0063180",2020,"Health",FALSE,0.999315537303217
"NNF20SA0063182",2020,"Health",FALSE,0.999315537303217
"NNF20SA0063186",2020,"Health",FALSE,0.999315537303217
"NNF20SA0064108",2020,"Health",FALSE,0.49555099247091
"NNF20SA0064144",2020,"Health",FALSE,4.99657768651609
"NNF20SA0064145",2020,"Health",FALSE,4.99657768651609
"NNF20SA0064191",2020,"Health",FALSE,4.50102669404517
"NNF20SA0064201",2020,"Health",FALSE,3.49897330595483
"NNF20SA0064214",2020,"Health",FALSE,6.99520876112252
"NNF20SA0064340",2020,"Health",FALSE,5.9958932238193
"NNF20SA0064449",2020,"Health",FALSE,1.00752908966461
"NNF20SA0065939",2020,"Other",FALSE,4.99657768651609
"NNF20SA0066111",2020,"Health",FALSE,4.99657768651609
"NNF20SA0066171",2020,"Health",FALSE,4.99657768651609
"NNF20SA0066173",2020,"Health",FALSE,4.99657768651609
"NNF20SA0066174",2020,"Health",FALSE,4.99657768651609
"NNF20SA0066295",2020,"Health",FALSE,1.24572210814511
"NNF20SA0066296",2020,"Health",FALSE,2.20944558521561
"NNF20SA0066299",2020,"Social Sciences",FALSE,0.996577686516085
"NNF20SA0066401",2020,"Health",FALSE,0.747433264887064
"NNF20SA0066415",2020,"Health",FALSE,0.747433264887064
"NNF20SA0066416",2020,"Health",FALSE,0.747433264887064
"NNF20SA0066417",2020,"Health",FALSE,0.747433264887064
"NNF20SA0066418",2020,"Health",FALSE,0.747433264887064
"NNF20SA0066568",2020,"Health",FALSE,5.492128678987
"NNF20SA0066719",2020,"Other",FALSE,4.99657768651609
"NNF20SA0066784",2020,"Health",FALSE,3.49349760438056
"NNF20SA0067193",2020,"Health",FALSE,5.16358658453114
"NNF20SA0067197",2020,"Health",FALSE,4.66255989048597
"NNF20SA0067242",2020,"Health",FALSE,5.9958932238193
"NNF20SA0067324",2020,"Health",FALSE,4.66255989048597
"NNF20SH0062351",2020,"Health",FALSE,4.58316221765914
"NNF20SH0062553",2020,"Health",FALSE,3.07460643394935
"NNF20SH0062702",2020,"Health",FALSE,4.08213552361396
"NNF20SH0062703",2020,"Health",FALSE,4.99657768651609
"NNF20SH0062727",2020,"Health",FALSE,4.74469541409993
"NNF20SH0062790",2020,"Health",FALSE,2.74880219028063
"NNF20SH0062915",2020,"Health",FALSE,4.99657768651609
"NNF20SH0062922",2020,"Health",FALSE,4.78850102669405
"NNF20SH0062944",2020,"Health",FALSE,2.99520876112252
"NNF20SH0062965",2020,"Health",FALSE,4.99657768651609
"NNF20SH0063005",2020,"Health",FALSE,3.24709103353867
"NNF20SH0063071",2020,"Health",FALSE,2.99520876112252
"NNF20SH0063464",2020,"Health",FALSE,4.74469541409993
"NNF20SH0063466",2020,"Health",FALSE,6.32991101984942
"NNF20SH0068118",2020,"Health",FALSE,4.07939767282683
"NNF21SA0067182",2020,"Health",FALSE,4.99657768651609
"NNF0035440",2019,"Natural Sciences",FALSE,5.96577686516085
"NNF19CC0035452",2019,"Health",FALSE,6.50513347022587
"NNF19OC0053992",2019,"Humanities",FALSE,6.33264887063655
"NNF19OC0054132",2019,"Health",FALSE,4.99931553730322
"NNF19OC0054219",2019,"Health",FALSE,3.66050650239562
"NNF19OC0054248",2019,"Health",FALSE,5.99863107460643
"NNF19OC0054265",2019,"Engineering & Tech",FALSE,4.59137577002053
"NNF19OC0054286",2019,"Health",FALSE,5.99863107460643
"NNF19OC0054296",2019,"Health",FALSE,4.99931553730322
"NNF19OC0054300",2019,"Health",FALSE,5.33333333333333
"NNF19OC0054329",2019,"Engineering & Tech",FALSE,5.58521560574949
"NNF19OC0054340",2019,"Health",FALSE,6.99794661190965
"NNF19OC0054390",2019,"Health",FALSE,6.91581108829569
"NNF19OC0054403",2019,"Humanities",FALSE,0.999315537303217
"NNF19OC0054441",2019,"Health",FALSE,5.49760438056126
"NNF19OC0054454",2019,"Engineering & Tech",FALSE,5.99863107460643
"NNF19OC0054457",2019,"Health",FALSE,4.99931553730322
"NNF19OC0054466",2019,"Humanities",FALSE,3.74537987679671
"NNF19OC0054481",2019,"Health",FALSE,7.66324435318275
"NNF19OC0054504",2019,"Health",FALSE,3.99726214921287
"NNF19OC0054518",2019,"Health",FALSE,4.99931553730322
"NNF19OC0054542",2019,"Humanities",FALSE,4.41067761806982
"NNF19OC0054563",2019,"Engineering & Tech",FALSE,5.99863107460643
"NNF19OC0054575",2019,"Engineering & Tech",FALSE,5.49486652977413
"NNF19OC0054577",2019,"Health",FALSE,5.49486652977413
"NNF19OC0054607",2019,"Humanities",FALSE,1.99863107460643
"NNF19OC0054612",2019,"Health",FALSE,4.99931553730322
"NNF19OC0054632",2019,"Health",FALSE,6.99794661190965
"NNF19OC0054635",2019,"Health",FALSE,4.99931553730322
"NNF19OC0054654",2019,"Health",FALSE,4.99931553730322
"NNF19OC0054674",2019,"Health",FALSE,4.99931553730322
"NNF19OC0054680",2019,"Health",FALSE,3.99726214921287
"NNF19OC0054741",2019,"Health",FALSE,6.99794661190965
"NNF19OC0054782",2019,"Engineering & Tech",FALSE,6.25051334702259
"NNF19OC0054862",2019,"Natural Sciences",FALSE,3.57837097878166
"NNF19OC0054863",2019,"Health",FALSE,5.99863107460643
"NNF19OC0054872",2019,"Humanities",FALSE,1.99863107460643
"NNF19OC0054875",2019,"Health",FALSE,5.99863107460643
"NNF19OC0054890",2019,"Engineering & Tech",FALSE,6.49691991786448
"NNF19OC0054895",2019,"Health",FALSE,5.99863107460643
"NNF19OC0054899",2019,"Health",FALSE,6.99794661190965
"NNF19OC0054908",2019,"Health",FALSE,6.7460643394935
"NNF19OC0054973",2019,"Health",FALSE,4.99931553730322
"NNF19OC0055001",2019,"Health",TRUE,4.99931553730322
"NNF19OC0055002",2019,"Health",FALSE,4.99931553730322
"NNF19OC0055021",2019,"Natural Sciences",FALSE,4.99931553730322
"NNF19OC0055026",2019,"Health",FALSE,4.99931553730322
"NNF19OC0055039",2019,"Health",FALSE,5.99863107460643
"NNF19OC0055044",2019,"Engineering & Tech",FALSE,4.99931553730322
"NNF19OC0055047",2019,"Health",FALSE,5.99863107460643
"NNF19OC0055061",2019,"Health",FALSE,5.67008898015058
"NNF19OC0055072",2019,"Health",FALSE,4.6652977412731
"NNF19OC0055100",2019,"Health",FALSE,5.99863107460643
"NNF19OC0055119",2019,"Humanities",FALSE,4.16427104722793
"NNF19OC0055142",2019,"Health",TRUE,5.25119780971937
"NNF19OC0055163",2019,"Humanities",FALSE,1.66187542778919
"NNF19OC0055183",2019,"Health",TRUE,5.4154688569473
"NNF19OC0055192",2019,"Health",FALSE,3.99726214921287
"NNF19OC0055203",2019,"Health",FALSE,4.99931553730322
"NNF19OC0055204",2019,"Engineering & Tech",FALSE,4.99931553730322
"NNF19OC0055222",2019,"Agriculture & Vet",FALSE,5.99863107460643
"NNF19OC0055250",2019,"Health",FALSE,4.99931553730322
"NNF19OC0055275",2019,"Health",FALSE,7.58384668035592
"NNF19OC0055284",2019,"Health",FALSE,3.99726214921287
"NNF19OC0055296",2019,"Humanities",FALSE,3.99726214921287
"NNF19OC0055341",2019,"Other",FALSE,2.24777549623546
"NNF19OC0055347",2019,"Humanities",FALSE,1.16632443531828
"NNF19OC0055353",2019,"Health",FALSE,5.99863107460643
"NNF19OC0055356",2019,"Engineering & Tech",FALSE,4.99931553730322
"NNF19OC0055357",2019,"Humanities",FALSE,1.9958932238193
"NNF19OC0055374",2019,"Natural Sciences",FALSE,1.08418891170431
"NNF19OC0055419",2019,"Humanities",FALSE,3.24709103353867
"NNF19OC0055422",2019,"Humanities",FALSE,1.16906228610541
"NNF19OC0055462",2019,"Health",FALSE,4.50102669404517
"NNF19OC0055464",2019,"Natural Sciences",FALSE,1.99863107460643
"NNF19OC0055482",2019,"Natural Sciences",FALSE,2.99794661190965
"NNF19OC0055508",2019,"Humanities",FALSE,2.99794661190965
"NNF19OC0055519",2019,"Humanities",FALSE,0.999315537303217
"NNF19OC0055528",2019,"Humanities",FALSE,1.99863107460643
"NNF19OC0055534",2019,"Humanities",FALSE,0.583162217659138
"NNF19OC0055549",2019,"Humanities",FALSE,4
"NNF19OC0055613",2019,"Natural Sciences",TRUE,1.99863107460643
"NNF19OC0055620",2019,"Natural Sciences",FALSE,3.32922655715264
"NNF19OC0055625",2019,"Health",FALSE,4.99931553730322
"NNF19OC0055700",2019,"Health",FALSE,4.82956878850103
"NNF19OC0055736",2019,"Natural Sciences",FALSE,3.73990417522245
"NNF19OC0055799",2019,"Health",FALSE,0.996577686516085
"NNF19OC0055801",2019,"Health",FALSE,6.58179329226557
"NNF19OC0055802",2019,"Health",FALSE,6.99794661190965
"NNF19OC0055818",2019,"Health",FALSE,6.49418206707734
"NNF19OC0055825",2019,"Health",FALSE,5.99863107460643
"NNF19OC0055842",2019,"Health",FALSE,3.33196440793977
"NNF19OC0055857",2019,"Health",FALSE,6.49418206707734
"NNF19OC0055875",2019,"Health",FALSE,6.99520876112252
"NNF19OC0056043",2019,"Health",FALSE,6.99794661190965
"NNF19OC0056047",2019,"Health",FALSE,6.99520876112252
"NNF19OC0056076",2019,"Health",FALSE,6.99520876112252
"NNF19OC0056172",2019,"Health",TRUE,1.41273100616016
"NNF19OC0056184",2019,"Health",FALSE,2.91307323750856
"NNF19OC0056246",2019,"Health",FALSE,6.99794661190965
"NNF19OC0056326",2019,"Health",FALSE,6.99794661190965
"NNF19OC0056358",2019,"Health",FALSE,1.99863107460643
"NNF19OC0056371",2019,"Health",FALSE,0.999315537303217
"NNF19OC0056392",2019,"Health",FALSE,2.7460643394935
"NNF19OC0056399",2019,"Health",FALSE,1.61533196440794
"NNF19OC0056410",2019,"Health",FALSE,0.249144421629021
"NNF19OC0056411",2019,"Health",FALSE,7.49349760438056
"NNF19OC0056416",2019,"Health",FALSE,1.58247775496235
"NNF19OC0056429",2019,"Health",FALSE,0.999315537303217
"NNF19OC0056438",2019,"Health",FALSE,0.49555099247091
"NNF19OC0056446",2019,"Health",FALSE,0.999315537303217
"NNF19OC0056457",2019,"Health",FALSE,6.99794661190965
"NNF19OC0056458",2019,"Health",FALSE,4.99931553730322
"NNF19OC0056462",2019,"Health",FALSE,0.999315537303217
"NNF19OC0056466",2019,"Health",FALSE,0.999315537303217
"NNF19OC0056500",2019,"Health",FALSE,0.501026694045175
"NNF19OC0056536",2019,"Health",FALSE,3.99726214921287
"NNF19OC0056541",2019,"Health",FALSE,0.999315537303217
"NNF19OC0056564",2019,"Health",FALSE,1.99863107460643
"NNF19OC0056571",2019,"Health",FALSE,1.41820670773443
"NNF19OC0056578",2019,"Health",FALSE,4.99657768651609
"NNF19OC0056580",2019,"Health",FALSE,6.99794661190965
"NNF19OC0056601",2019,"Health",FALSE,1.99863107460643
"NNF19OC0056615",2019,"Health",FALSE,2.99794661190965
"NNF19OC0056627",2019,"Health",FALSE,0.999315537303217
"NNF19OC0056647",2019,"Health",FALSE,2.99794661190965
"NNF19OC0056652",2019,"Health",FALSE,0.999315537303217
"NNF19OC0056658",2019,"Health",FALSE,7.91512662559891
"NNF19OC0056694",2019,"Health",FALSE,2.99520876112252
"NNF19OC0056742",2019,"Health",FALSE,0.999315537303217
"NNF19OC0056743",2019,"Health",FALSE,1.99863107460643
"NNF19OC0056748",2019,"Health",FALSE,1.99863107460643
"NNF19OC0056777",2019,"Health",FALSE,1.99863107460643
"NNF19OC0056795",2019,"Other",FALSE,3.41409993155373
"NNF19OC0056819",2019,"Health",FALSE,0.999315537303217
"NNF19OC0056839",2019,"Health",FALSE,1.99863107460643
"NNF19OC0056845",2019,"Other",FALSE,2.83367556468172
"NNF19OC0056870",2019,"Health",FALSE,6.99794661190965
"NNF19OC0056931",2019,"Health",FALSE,1.99863107460643
"NNF19OC0056962",2019,"Other",FALSE,6.32991101984942
"NNF19OC0056963",2019,"Other",FALSE,5.492128678987
"NNF19OC0056973",2019,"Health",FALSE,0.999315537303217
"NNF19OC0057010",2019,"Health",FALSE,4.24914442162902
"NNF19OC0057127",2019,"Health",FALSE,2.57905544147844
"NNF19OC0057136",2019,"Engineering & Tech",FALSE,2.99794661190965
"NNF19OC0057158",2019,"Health",FALSE,0.999315537303217
"NNF19OC0057163",2019,"Health",FALSE,2.99794661190965
"NNF19OC0057169",2019,"Health",FALSE,2.99794661190965
"NNF19OC0057174",2019,"Health",FALSE,2.99794661190965
"NNF19OC0057184",2019,"Health",FALSE,2.99794661190965
"NNF19OC0057194",2019,"Health",FALSE,0.999315537303217
"NNF19OC0057196",2019,"Health",FALSE,0.999315537303217
"NNF19OC0057208",2019,"Engineering & Tech",FALSE,2.99794661190965
"NNF19OC0057218",2019,"Health",FALSE,3.57837097878166
"NNF19OC0057238",2019,"Health",FALSE,1.49760438056126
"NNF19OC0057241",2019,"Health",FALSE,4.70636550308008
"NNF19OC0057258",2019,"Health",FALSE,3.99726214921287
"NNF19OC0057271",2019,"Health",FALSE,0.999315537303217
"NNF19OC0057274",2019,"Health",FALSE,2.99794661190965
"NNF19OC0057286",2019,"Health",FALSE,2.99794661190965
"NNF19OC0057327",2019,"Health",FALSE,1.91649555099247
"NNF19OC0057328",2019,"Health",FALSE,0.999315537303217
"NNF19OC0057331",2019,"Health",FALSE,4.97467488021903
"NNF19OC0057339",2019,"Health",FALSE,0.999315537303217
"NNF19OC0057374",2019,"Other",FALSE,5.4154688569473
"NNF19OC0057393",2019,"Health",FALSE,0.999315537303217
"NNF19OC0057404",2019,"Health",FALSE,0.999315537303217
"NNF19OC0057405",2019,"Health",FALSE,6.99794661190965
"NNF19OC0057408",2019,"Health",FALSE,2.32717316906229
"NNF19OC0057411",2019,"Health",FALSE,2.99794661190965
"NNF19OC0057415",2019,"Health",FALSE,3.99726214921287
"NNF19OC0057417",2019,"Health",FALSE,1.99863107460643
"NNF19OC0057418",2019,"Health",FALSE,1.49486652977413
"NNF19OC0057419",2019,"Health",FALSE,3.2498288843258
"NNF19OC0057423",2019,"Health",FALSE,4.99931553730322
"NNF19OC0057425",2019,"Health",FALSE,0.999315537303217
"NNF19OC0057428",2019,"Health",FALSE,6.49418206707734
"NNF19OC0057445",2019,"Health",FALSE,0.999315537303217
"NNF19OC0057449",2019,"Health",FALSE,4.24914442162902
"NNF19OC0057459",2019,"Health",FALSE,3.57837097878166
"NNF19OC0057462",2019,"Health",FALSE,3.24435318275154
"NNF19OC0057478",2019,"Health",FALSE,1.99863107460643
"NNF19OC0057485",2019,"Engineering & Tech",FALSE,2.99520876112252
"NNF19OC0057503",2019,"Health",FALSE,5.66461327857632
"NNF19OC0057507",2019,"Health",FALSE,1.99863107460643
"NNF19OC0057510",2019,"Health",FALSE,5.9958932238193
"NNF19OC0057511",2019,"Engineering & Tech",FALSE,2.99794661190965
"NNF19OC0057522",2019,"Engineering & Tech",FALSE,4.49555099247091
"NNF19OC0057545",2019,"Health",FALSE,5.50034223134839
"NNF19OC0057587",2019,"Engineering & Tech",FALSE,3.83572895277207
"NNF19OC0057592",2019,"Health",FALSE,6.99520876112252
"NNF19OC0057609",2019,"Health",FALSE,6.99794661190965
"NNF19OC0057633",2019,"Engineering & Tech",FALSE,4.99931553730322
"NNF19OC0057634",2019,"Engineering & Tech",FALSE,3.61396303901437
"NNF19OC0057652",2019,"Engineering & Tech",FALSE,2.99794661190965
"NNF19OC0057660",2019,"Engineering & Tech",FALSE,3.49349760438056
"NNF19OC0057664",2019,"Engineering & Tech",FALSE,2.99520876112252
"NNF19OC0057672",2019,"Engineering & Tech",FALSE,3.83299110198494
"NNF19OC0057673",2019,"Engineering & Tech",FALSE,2.99794661190965
"NNF19OC0057684",2019,"Engineering & Tech",FALSE,3.99726214921287
"NNF19OC0057685",2019,"Engineering & Tech",FALSE,3.3264887063655
"NNF19OC0057720",2019,"Health",FALSE,4.99931553730322
"NNF19OC0057729",2019,"Other",FALSE,2.66666666666667
"NNF19OC0057730",2019,"Health",FALSE,2.49965776865161
"NNF19OC0057739",2019,"Other",FALSE,2.24777549623546
"NNF19OC0057772",2019,"Health",FALSE,1.9958932238193
"NNF19OC0057790",2019,"Other",TRUE,4.16427104722793
"NNF19OC0057822",2019,"Other",TRUE,2.99520876112252
"NNF19OC0057834",2019,"Other",FALSE,3.49897330595483
"NNF19OC0057868",2019,"Health",FALSE,1.99863107460643
"NNF19OC0057887",2019,"Health",FALSE,3.99726214921287
"NNF19OC0057915",2019,"Health",FALSE,5.99863107460643
"NNF19OC0057928",2019,"Health",FALSE,4.90896646132786
"NNF19OC0057934",2019,"Other",TRUE,2.58179329226557
"NNF19OC0057938",2019,"Health",FALSE,4.91170431211499
"NNF19OC0057979",2019,"Health",FALSE,5.99863107460643
"NNF19OC0058005",2019,"Health",FALSE,2.58179329226557
"NNF19OC0058035",2019,"Health",FALSE,4.30116358658453
"NNF19OC0058043",2019,"Health",FALSE,3.58110882956879
"NNF19OC0058058",2019,"Health",FALSE,3.99726214921287
"NNF19OC0058082",2019,"Health",FALSE,2.24777549623546
"NNF19OC0058088",2019,"Health",FALSE,3.41409993155373
"NNF19OC0058098",2019,"Health",FALSE,1.99863107460643
"NNF19OC0058130",2019,"Health",FALSE,3.99726214921287
"NNF19OC0058144",2019,"Health",FALSE,4.24640657084189
"NNF19OC0058145",2019,"Health",FALSE,2.99520876112252
"NNF19OC0058155",2019,"Health",FALSE,4.7501711156742
"NNF19OC0058183",2019,"Health",FALSE,3.24709103353867
"NNF19OC0058222",2019,"Health",FALSE,3.91238877481177
"NNF19OC0058227",2019,"Health",FALSE,3.99726214921287
"NNF19OC0058229",2019,"Health",FALSE,2.99520876112252
"NNF19OC0058238",2019,"Health",FALSE,2.99520876112252
"NNF19OC0058259",2019,"Health",FALSE,5.57973990417522
"NNF19OC0058262",2019,"Health",FALSE,4.83230663928816
"NNF19OC0058266",2019,"Health",FALSE,4.08213552361396
"NNF19OC0058275",2019,"Health",FALSE,3.83025325119781
"NNF19OC0058286",2019,"Other",FALSE,3.00068446269678
"NNF19OC0058287",2019,"Health",FALSE,2.99794661190965
"NNF19OC0058298",2019,"Health",FALSE,1.99863107460643
"NNF19OC0058322",2019,"Health",FALSE,3.99726214921287
"NNF19OC0058327",2019,"Health",FALSE,3.66598220396988
"NNF19OC0058331",2019,"Health",FALSE,1.9958932238193
"NNF19OC0058349",2019,"Health",FALSE,3.74811772758385
"NNF19OC0058354",2019,"Health",FALSE,2.41478439425051
"NNF19OC0058357",2019,"Other",FALSE,2.99520876112252
"NNF19OC0058387",2019,"Health",FALSE,2.99794661190965
"NNF19OC0058399",2019,"Health",TRUE,1.99863107460643
"NNF19OC0058411",2019,"Health",FALSE,0.999315537303217
"NNF19OC0058412",2019,"Health",FALSE,4.99931553730322
"NNF19OC0058413",2019,"Health",FALSE,2.5845311430527
"NNF19OC0058419",2019,"Health",FALSE,2.99794661190965
"NNF19OC0058424",2019,"Health",FALSE,0.996577686516085
"NNF19OC0058427",2019,"Health",FALSE,3.99726214921287
"NNF19OC0058439",2019,"Health",FALSE,2.99520876112252
"NNF19OC0058443",2019,"Health",FALSE,2.99520876112252
"NNF19OC0058454",2019,"Health",FALSE,1.99863107460643
"NNF19OC0058460",2019,"Health",FALSE,0.999315537303217
"NNF19OC0058463",2019,"Health",FALSE,0.999315537303217
"NNF19OC0058468",2019,"Health",FALSE,3.99726214921287
"NNF19OC0058469",2019,"Health",FALSE,4.99931553730322
"NNF19OC0058476",2019,"Health",FALSE,3.99726214921287
"NNF19OC0058479",2019,"Health",FALSE,5.24845995893224
"NNF19OC0058484",2019,"Health",FALSE,3.49897330595483
"NNF19OC0058488",2019,"Health",FALSE,3.99726214921287
"NNF19OC0058493",2019,"Health",FALSE,3.24435318275154
"NNF19OC0058496",2019,"Health",FALSE,2.66392881587953
"NNF19OC0058501",2019,"Health",FALSE,2.99520876112252
"NNF19OC0058504",2019,"Health",FALSE,2.99520876112252
"NNF19OC0058516",2019,"Health",FALSE,2.32991101984942
"NNF19OC0058529",2019,"Health",FALSE,2.99794661190965
"NNF19OC0058534",2019,"Health",FALSE,4.49555099247091
"NNF19OC0058543",2019,"Health",FALSE,3.99726214921287
"NNF19OC0058547",2019,"Health",FALSE,2.41478439425051
"NNF19OC0058553",2019,"Health",FALSE,4.50102669404517
"NNF19OC0058579",2019,"Health",FALSE,3.66324435318275
"NNF19OC0058588",2019,"Health",FALSE,1.99863107460643
"NNF19OC0058592",2019,"Health",FALSE,4.91444216290212
"NNF19OC0058593",2019,"Health",FALSE,2.99794661190965
"NNF19OC0058603",2019,"Health",FALSE,3.99726214921287
"NNF19OC0058609",2019,"Health",FALSE,4.41341546885695
"NNF19OC0058619",2019,"Health",FALSE,2.99794661190965
"NNF19OC0058627",2019,"Health",FALSE,1.28678986995209
"NNF19OC0058628",2019,"Health",FALSE,3.66598220396988
"NNF19OC0058636",2019,"Health",FALSE,2.33264887063655
"NNF19OC0058637",2019,"Health",FALSE,5.99863107460643
"NNF19OC0058646",2019,"Health",FALSE,4.91170431211499
"NNF19OC0058674",2019,"Health",FALSE,5.99863107460643
"NNF19OC0058676",2019,"Health",FALSE,2.99794661190965
"NNF19OC0058681",2019,"Health",FALSE,3.22518822724162
"NNF19OC0058686",2019,"Health",FALSE,3.66324435318275
"NNF19OC0058687",2019,"Health",FALSE,3.99726214921287
"NNF19OC0058710",2019,"Health",FALSE,2.99794661190965
"NNF19OC0058736",2019,"Health",FALSE,3.99726214921287
"NNF19OC0058749",2019,"Health",FALSE,3.58384668035592
"NNF19OC0058756",2019,"Health",FALSE,2.99794661190965
"NNF19OC0058779",2019,"Health",FALSE,2.58179329226557
"NNF19OC0058780",2019,"Health",FALSE,3.49623545516769
"NNF19OC0058796",2019,"Health",FALSE,4.83504449007529
"NNF19OC0058805",2019,"Health",FALSE,5.66735112936345
"NNF19OC0058811",2019,"Health",FALSE,2.99794661190965
"NNF19OC0058812",2019,"Health",FALSE,5.24298425735797
"NNF19OC0058861",2019,"Health",FALSE,1.99863107460643
"NNF19OC0058870",2019,"Health",FALSE,0.999315537303217
"NNF19OC0058872",2019,"Health",FALSE,3.99726214921287
"NNF19OC0058877",2019,"Health",FALSE,3.66598220396988
"NNF19OC0058881",2019,"Health",FALSE,0.996577686516085
"NNF19OC0058883",2019,"Social Sciences",FALSE,3.74811772758385
"NNF19OC0058900",2019,"Health",FALSE,5.99863107460643
"NNF19OC0058906",2019,"Health",FALSE,4.51745379876797
"NNF19OC0058924",2019,"Health",FALSE,3.91512662559891
"NNF19OC0058949",2019,"Health",FALSE,0.999315537303217
"NNF19OC0058958",2019,"Health",FALSE,0.999315537303217
"NNF19OC0058959",2019,"Health",FALSE,0.999315537303217
"NNF19OC0058962",2019,"Health",FALSE,3.91238877481177
"NNF19OC0058964",2019,"Health",FALSE,1.99863107460643
"NNF19OC0058977",2019,"Health",FALSE,0.999315537303217
"NNF19OC0058981",2019,"Health",FALSE,0.999315537303217
"NNF19OC0058982",2019,"Health",FALSE,0.993839835728953
"NNF19OC0058993",2019,"Health",FALSE,0.999315537303217
"NNF19OC0059006",2019,"Health",FALSE,0.498288843258042
"NNF19OC0059007",2019,"Health",FALSE,0.334017796030116
"NNF19OC0059012",2019,"Health",FALSE,0.999315537303217
"NNF19OC0059016",2019,"Health",FALSE,4.91444216290212
"NNF19OC0059033",2019,"Health",FALSE,2.32717316906229
"NNF19OC0059062",2019,"Health",FALSE,2.99520876112252
"NNF19OC0059070",2019,"Health",FALSE,0.999315537303217
"NNF19OC0059071",2019,"Health",FALSE,5.99863107460643
"NNF19OC0059080",2019,"Health",FALSE,3.49349760438056
"NNF19OC0059105",2019,"Health",FALSE,3.83025325119781
"NNF19OC0059119",2019,"Social Sciences",FALSE,4.99931553730322
"NNF19OC0059192",2019,"Health",FALSE,3.06913073237509
"NNF19OC0059275",2019,"Health",FALSE,0.416153319644079
"NNF19OC0059294",2019,"Health",FALSE,1.4154688569473
"NNF19OC0059298",2019,"Health",FALSE,2.83367556468172
"NNF19OC0059299",2019,"Health",FALSE,1.9958932238193
"NNF19OC0059324",2019,"Health",FALSE,2.49691991786448
"NNF19OC0059326",2019,"Health",TRUE,1.54414784394251
"NNF19OC0059369",2019,"Health",FALSE,0.249144421629021
"NNF19OC0059371",2019,"Health",TRUE,1.58521560574949
"NNF19OC0059375",2019,"Health",FALSE,2.66666666666667
"NNF19SA0035404",2019,"Health",FALSE,0.246406570841889
"NNF19SA0035438",2019,"Natural Sciences",FALSE,5.96577686516085
"NNF19SA0035474",2019,"Agriculture & Vet",FALSE,5.99863107460643
"NNF19SA0035476",2019,"Agriculture & Vet",FALSE,7.74537987679671
"NNF19SA0035478",2019,"Health",FALSE,1.91649555099247
"NNF19SA0035482",2019,"Health",FALSE,5.38261464750171
"NNF19SA0035486",2019,"Health",FALSE,5.33333333333333
"NNF19SA0035488",2019,"Health",FALSE,5.37166324435318
"NNF19SA0035496",2019,"Natural Sciences",FALSE,5.37166324435318
"NNF19SA0035500",2019,"Natural Sciences",FALSE,0.0054757015742642
"NNF19SA0035502",2019,"Health",FALSE,4.08213552361396
"NNF19SA0056783",2019,"Health",FALSE,5.41820670773443
"NNF19SA0057745",2019,"Health",FALSE,2.46406570841889
"NNF19SA0057778",2019,"Health",FALSE,0.336755646817248
"NNF19SA0057847",2019,"Engineering & Tech",FALSE,3.2498288843258
"NNF19SA0058974",2019,"Health",FALSE,6.32717316906229
"NNF19SA0058975",2019,"Health",FALSE,5.99863107460643
"NNF19SA0058976",2019,"Health",FALSE,4.99931553730322
"NNF19SA0059041",2019,"Social Sciences",FALSE,7.74537987679671
"NNF19SA0059129",2019,"Health",FALSE,4.72279260780287
"NNF19SA0059305",2019,"Natural Sciences",FALSE,5.49486652977413
"NNF19SA0059348",2019,"Agriculture & Vet",FALSE,7.74537987679671
"NNF19SA0059360",2019,"Agriculture & Vet",FALSE,7.74537987679671
"NNF19SA0059362",2019,"Agriculture & Vet",FALSE,7.74537987679671
"NNF19SA0059372",2019,"Health",FALSE,7.16495550992471
"NNF19SA0060072",2019,"Social Sciences",FALSE,5.49486652977413
"NNF19SA0060518",2019,"Health",FALSE,2.91581108829569
"NNF18OC0030274",2018,"Health",FALSE,5.99863107460643
"NNF18OC0030286",2018,"Health",FALSE,5.99863107460643
"NNF18OC0030446",2018,"Health",FALSE,3.99726214921287
"NNF18OC0030544",2018,"Health",FALSE,3.74537987679671
"NNF18OC0030644",2018,"Humanities",FALSE,3.75085557837098
"NNF18OC0030646",2018,"Health",FALSE,5.91649555099247
"NNF18OC0030656",2018,"Health",FALSE,4.99657768651609
"NNF18OC0030688",2018,"Health",FALSE,5.99863107460643
"NNF18OC0030752",2018,"Health",FALSE,5.99863107460643
"NNF18OC0030788",2018,"Health",FALSE,4.08213552361396
"NNF18OC0030876",2018,"Health",FALSE,4.17796030116359
"NNF18OC0030896",2018,"Engineering & Tech",FALSE,7.26899383983573
"NNF18OC0030954",2018,"Health",FALSE,5.99863107460643
"NNF18OC0030978",2018,"Health",FALSE,6.00136892539357
"NNF18OC0031004",2018,"Health",FALSE,4.99657768651609
"NNF18OC0031006",2018,"Health",FALSE,4.99657768651609
"NNF18OC0031154",2018,"Health",FALSE,4.99657768651609
"NNF18OC0031194",2018,"Health",FALSE,4
"NNF18OC0031204",2018,"Health",FALSE,6.08350444900753
"NNF18OC0031226",2018,"Health",FALSE,5.49486652977413
"NNF18OC0031258",2018,"Health",FALSE,5.24845995893224
"NNF18OC0031288",2018,"Humanities",FALSE,4.11772758384668
"NNF18OC0031414",2018,"Humanities",FALSE,1.3305954825462
"NNF18OC0031526",2018,"Health",FALSE,5.4154688569473
"NNF18OC0031534",2018,"Natural Sciences",FALSE,2.45037645448323
"NNF18OC0031550",2018,"Health",FALSE,3.99726214921287
"NNF18OC0031634",2018,"Health",FALSE,4.99657768651609
"NNF18OC0031650",2018,"Health",FALSE,4.99657768651609
"NNF18OC0031686",2018,"Health",FALSE,5.16358658453114
"NNF18OC0031764",2018,"Health",FALSE,6.66392881587953
"NNF18OC0031766",2018,"Humanities",FALSE,2.58179329226557
"NNF18OC0031804",2018,"Health",FALSE,4.99931553730322
"NNF18OC0031816",2018,"Engineering & Tech",FALSE,5.16358658453114
"NNF18OC0031840",2018,"Health",FALSE,5.50034223134839
"NNF18OC0031864",2018,"Humanities",FALSE,2.91307323750856
"NNF18OC0031872",2018,"Natural Sciences",FALSE,1.99863107460643
"NNF18OC0031902",2018,"Humanities",FALSE,0.999315537303217
"NNF18OC0031954",2018,"Humanities",FALSE,2.41752224503765
"NNF18OC0031974",2018,"Natural Sciences",FALSE,2.49691991786448
"NNF18OC0032002",2018,"Humanities",FALSE,3.00068446269678
"NNF18OC0032010",2018,"Humanities",FALSE,3.99726214921287
"NNF18OC0032024",2018,"Humanities",FALSE,4.33127994524298
"NNF18OC0032032",2018,"Humanities",FALSE,3.91238877481177
"NNF18OC0032046",2018,"Humanities",FALSE,0.996577686516085
"NNF18OC0032058",2018,"Humanities",FALSE,1.99863107460643
"NNF18OC0032062",2018,"Humanities",FALSE,3.33196440793977
"NNF18OC0032064",2018,"Humanities",FALSE,3.66872005475702
"NNF18OC0032082",2018,"Health",FALSE,5.16906228610541
"NNF18OC0032092",2018,"Humanities",FALSE,2.99794661190965
"NNF18OC0032116",2018,"Humanities",FALSE,0.996577686516085
"NNF18OC0032200",2018,"Health",FALSE,4.99657768651609
"NNF18OC0032242",2018,"Natural Sciences",FALSE,1.99863107460643
"NNF18OC0032314",2018,"Natural Sciences",FALSE,4.10130047912389
"NNF18OC0032318",2018,"Natural Sciences",FALSE,2.00136892539357
"NNF18OC0032330",2018,"Health",FALSE,7.41409993155373
"NNF18OC0032334",2018,"Health",FALSE,6.25325119780972
"NNF18OC0032350",2018,"Natural Sciences",FALSE,3.49623545516769
"NNF18OC0032380",2018,"Natural Sciences",FALSE,3.99726214921287
"NNF18OC0032394",2018,"Health",FALSE,5.08145106091718
"NNF18OC0032538",2018,"Natural Sciences",FALSE,0.331279945242984
"NNF18OC0032608",2018,"Health",FALSE,5.99863107460643
"NNF18OC0032628",2018,"Health",FALSE,5.83162217659138
"NNF18OC0032724",2018,"Health",FALSE,4.99657768651609
"NNF18OC0032728",2018,"Health",FALSE,5.99863107460643
"NNF18OC0032758",2018,"Natural Sciences",FALSE,1.00205338809035
"NNF18OC0032854",2018,"Health",FALSE,0.999315537303217
"NNF18OC0032968",2018,"Health",FALSE,0.996577686516085
"NNF18OC0032996",2018,"Health",FALSE,6.99794661190965
"NNF18OC0033026",2018,"Health",FALSE,0.999315537303217
"NNF18OC0033054",2018,"Health",FALSE,0.996577686516085
"NNF18OC0033120",2018,"Health",FALSE,0.950034223134839
"NNF18OC0033132",2018,"Health",FALSE,0.999315537303217
"NNF18OC0033202",2018,"Health",FALSE,0.999315537303217
"NNF18OC0033204",2018,"Health",FALSE,0.999315537303217
"NNF18OC0033206",2018,"Health",FALSE,0.999315537303217
"NNF18OC0033244",2018,"Health",FALSE,0.996577686516085
"NNF18OC0033274",2018,"Health",FALSE,0.999315537303217
"NNF18OC0033304",2018,"Health",FALSE,1.49486652977413
"NNF18OC0033334",2018,"Health",FALSE,0.501026694045175
"NNF18OC0033380",2018,"Natural Sciences",FALSE,6.99794661190965
"NNF18OC0033438",2018,"Health",FALSE,7.00068446269678
"NNF18OC0033444",2018,"Health",FALSE,6.99794661190965
"NNF18OC0033520",2018,"Natural Sciences",FALSE,3.08555783709788
"NNF18OC0033572",2018,"Natural Sciences",FALSE,2.99794661190965
"NNF18OC0033684",2018,"Natural Sciences",FALSE,2.00136892539357
"NNF18OC0033754",2018,"Health",FALSE,6.83641341546886
"NNF18OC0033826",2018,"Health",FALSE,3.00068446269678
"NNF18OC0033864",2018,"Health",FALSE,2.33264887063655
"NNF18OC0033880",2018,"Natural Sciences",FALSE,2.25051334702259
"NNF18OC0033882",2018,"Health",FALSE,3.49349760438056
"NNF18OC0033896",2018,"Natural Sciences",FALSE,2.99794661190965
"NNF18OC0033898",2018,"Health",FALSE,3.00068446269678
"NNF18OC0033920",2018,"Health",FALSE,8.99657768651609
"NNF18OC0033926",2018,"Health",FALSE,7.99726214921287
"NNF18OC0033928",2018,"Health",FALSE,8.91444216290212
"NNF18OC0033946",2018,"Health",FALSE,6.99794661190965
"NNF18OC0033950",2018,"Health",FALSE,8.24640657084189
"NNF18OC0033972",2018,"Health",FALSE,7.00068446269678
"NNF18OC0033978",2018,"Health",FALSE,5.99863107460643
"NNF18OC0033980",2018,"Natural Sciences",FALSE,2.25325119780972
"NNF18OC0033988",2018,"Natural Sciences",FALSE,2.99794661190965
"NNF18OC0033992",2018,"Natural Sciences",FALSE,2.99794661190965
"NNF18OC0034016",2018,"Health",FALSE,6.49418206707734
"NNF18OC0034022",2018,"Natural Sciences",FALSE,3.00068446269678
"NNF18OC0034050",2018,"Natural Sciences",FALSE,3.00068446269678
"NNF18OC0034066",2018,"Health",FALSE,1.91649555099247
"NNF18OC0034070",2018,"Natural Sciences",FALSE,2.99794661190965
"NNF18OC0034072",2018,"Health",FALSE,2.00136892539357
"NNF18OC0034080",2018,"Health",FALSE,0.999315537303217
"NNF18OC0034092",2018,"Natural Sciences",FALSE,3.00068446269678
"NNF18OC0034114",2018,"Natural Sciences",FALSE,1.99863107460643
"NNF18OC0034122",2018,"Natural Sciences",FALSE,2.99794661190965
"NNF18OC0034124",2018,"Health",FALSE,0.999315537303217
"NNF18OC0034130",2018,"Natural Sciences",FALSE,2.99794661190965
"NNF18OC0034136",2018,"Natural Sciences",FALSE,2.99794661190965
"NNF18OC0034146",2018,"Natural Sciences",FALSE,0.999315537303217
"NNF18OC0034152",2018,"Natural Sciences",FALSE,1.99863107460643
"NNF18OC0034158",2018,"Health",FALSE,3.99726214921287
"NNF18OC0034164",2018,"Health",FALSE,3.00068446269678
"NNF18OC0034186",2018,"Natural Sciences",FALSE,2.99794661190965
"NNF18OC0034188",2018,"Natural Sciences",FALSE,2.99794661190965
"NNF18OC0034200",2018,"Natural Sciences",FALSE,1.57973990417522
"NNF18OC0034210",2018,"Health",FALSE,3.99726214921287
"NNF18OC0034212",2018,"Health",FALSE,3.00068446269678
"NNF18OC0034224",2018,"Natural Sciences",FALSE,0.999315537303217
"NNF18OC0034226",2018,"Health",FALSE,3.95893223819302
"NNF18OC0034238",2018,"Natural Sciences",FALSE,2.99794661190965
"NNF18OC0034248",2018,"Natural Sciences",FALSE,3.2498288843258
"NNF18OC0034250",2018,"Natural Sciences",FALSE,2.99794661190965
"NNF18OC0034256",2018,"Natural Sciences",FALSE,1.99863107460643
"NNF18OC0034270",2018,"Natural Sciences",FALSE,2.99794661190965
"NNF18OC0034296",2018,"Health",FALSE,7.2498288843258
"NNF18OC0034348",2018,"Health",FALSE,2.00136892539357
"NNF18OC0034364",2018,"Natural Sciences",FALSE,3.00068446269678
"NNF18OC0034366",2018,"Natural Sciences",FALSE,2.00136892539357
"NNF18OC0034370",2018,"Natural Sciences",FALSE,3.49897330595483
"NNF18OC0034378",2018,"Natural Sciences",FALSE,2.99794661190965
"NNF18OC0034384",2018,"Health",FALSE,7.00068446269678
"NNF18OC0034386",2018,"Natural Sciences",FALSE,2.99794661190965
"NNF18OC0034388",2018,"Natural Sciences",FALSE,2.25051334702259
"NNF18OC0034392",2018,"Health",FALSE,0.999315537303217
"NNF18OC0034406",2018,"Natural Sciences",FALSE,2.99794661190965
"NNF18OC0034408",2018,"Natural Sciences",FALSE,2.99794661190965
"NNF18OC0034410",2018,"Natural Sciences",FALSE,1.99863107460643
"NNF18OC0034422",2018,"Health",FALSE,4.49007529089665
"NNF18OC0034440",2018,"Health",FALSE,2.00136892539357
"NNF18OC0034448",2018,"Health",FALSE,0.999315537303217
"NNF18OC0034450",2018,"Natural Sciences",FALSE,1.99863107460643
"NNF18OC0034464",2018,"Natural Sciences",FALSE,3.99726214921287
"NNF18OC0034482",2018,"Health",FALSE,7.00068446269678
"NNF18OC0034506",2018,"Natural Sciences",FALSE,2.99794661190965
"NNF18OC0034518",2018,"Natural Sciences",FALSE,2.99794661190965
"NNF18OC0034532",2018,"Natural Sciences",FALSE,3.66598220396988
"NNF18OC0034582",2018,"Health",FALSE,8
"NNF18OC0034598",2018,"Health",FALSE,3.50171115674196
"NNF18OC0034612",2018,"Health",FALSE,6.32717316906229
"NNF18OC0034614",2018,"Health",FALSE,5.32785763175907
"NNF18OC0034622",2018,"Health",FALSE,3.49623545516769
"NNF18OC0034632",2018,"Health",FALSE,6.00136892539357
"NNF18OC0034636",2018,"Health",TRUE,6.99794661190965
"NNF18OC0034654",2018,"Health",FALSE,4.99931553730322
"NNF18OC0034666",2018,"Health",FALSE,5.99863107460643
"NNF18OC0034718",2018,"Health",FALSE,4.61875427789186
"NNF18OC0034734",2018,"Health",FALSE,3.38945927446954
"NNF18OC0034744",2018,"Health",FALSE,3.24709103353867
"NNF18OC0034784",2018,"Health",FALSE,2.99794661190965
"NNF18OC0034792",2018,"Health",FALSE,4
"NNF18OC0034818",2018,"Health",FALSE,3.66598220396988
"NNF18OC0034822",2018,"Health",FALSE,3.97535934291581
"NNF18OC0034838",2018,"Health",FALSE,3.99726214921287
"NNF18OC0034840",2018,"Health",FALSE,3.00068446269678
"NNF18OC0034844",2018,"Health",FALSE,3.00068446269678
"NNF18OC0034918",2018,"Health",FALSE,5.08145106091718
"NNF18OC0034936",2018,"Health",FALSE,5.58521560574949
"NNF18OC0034948",2018,"Health",FALSE,3.83025325119781
"NNF18OC0034952",2018,"Health",FALSE,4
"NNF18OC0034982",2018,"Health",FALSE,4.08213552361396
"NNF18OC0051995",2018,"Health",FALSE,3.99726214921287
"NNF18OC0052000",2018,"Health",TRUE,4.41615331964408
"NNF18OC0052008",2018,"Health",FALSE,4.91170431211499
"NNF18OC0052020",2018,"Health",FALSE,4.99657768651609
"NNF18OC0052021",2018,"Health",FALSE,3.99726214921287
"NNF18OC0052029",2018,"Health",FALSE,3.99726214921287
"NNF18OC0052038",2018,"Health",FALSE,4.99657768651609
"NNF18OC0052045",2018,"Health",FALSE,3.99726214921287
"NNF18OC0052046",2018,"Health",FALSE,3.99726214921287
"NNF18OC0052060",2018,"Health",FALSE,3.57837097878166
"NNF18OC0052068",2018,"Health",FALSE,2.99794661190965
"NNF18OC0052083",2018,"Health",FALSE,3.99726214921287
"NNF18OC0052089",2018,"Health",FALSE,1.99863107460643
"NNF18OC0052105",2018,"Health",FALSE,1.99863107460643
"NNF18OC0052125",2018,"Health",FALSE,1.99863107460643
"NNF18OC0052136",2018,"Health",FALSE,3.35934291581109
"NNF18OC0052150",2018,"Health",FALSE,2.99794661190965
"NNF18OC0052177",2018,"Health",FALSE,2.6694045174538
"NNF18OC0052198",2018,"Health",FALSE,2.99794661190965
"NNF18OC0052220",2018,"Health",FALSE,3.26078028747433
"NNF18OC0052223",2018,"Health",FALSE,1.99863107460643
"NNF18OC0052256",2018,"Health",FALSE,4.6652977412731
"NNF18OC0052301",2018,"Health",FALSE,3.41409993155373
"NNF18OC0052303",2018,"Health",FALSE,1.99863107460643
"NNF18OC0052334",2018,"Health",FALSE,0.996577686516085
"NNF18OC0052346",2018,"Health",FALSE,1.24572210814511
"NNF18OC0052354",2018,"Health",FALSE,1.99863107460643
"NNF18OC0052369",2018,"Health",FALSE,2.99794661190965
"NNF18OC0052371",2018,"Health",FALSE,2.49144421629021
"NNF18OC0052373",2018,"Health",FALSE,5.66735112936345
"NNF18OC0052422",2018,"Health",FALSE,2.50239561943874
"NNF18OC0052441",2018,"Health",FALSE,2.99794661190965
"NNF18OC0052451",2018,"Health",FALSE,2.99794661190965
"NNF18OC0052483",2018,"Health",FALSE,2.49418206707734
"NNF18OC0052491",2018,"Health",FALSE,3.2498288843258
"NNF18OC0052504",2018,"Health",FALSE,4.99931553730322
"NNF18OC0052509",2018,"Health",FALSE,2.99794661190965
"NNF18OC0052512",2018,"Health",FALSE,4.66255989048597
"NNF18OC0052536",2018,"Health",FALSE,0.999315537303217
"NNF18OC0052543",2018,"Health",FALSE,4.99657768651609
"NNF18OC0052545",2018,"Health",FALSE,4.24640657084189
"NNF18OC0052561",2018,"Health",FALSE,3.40862422997947
"NNF18OC0052570",2018,"Health",TRUE,3.58384668035592
"NNF18OC0052571",2018,"Health",FALSE,1.99863107460643
"NNF18OC0052576",2018,"Health",FALSE,0.996577686516085
"NNF18OC0052595",2018,"Health",TRUE,4.24914442162902
"NNF18OC0052630",2018,"Health",FALSE,2.99794661190965
"NNF18OC0052641",2018,"Health",FALSE,1.99863107460643
"NNF18OC0052643",2018,"Health",FALSE,0.999315537303217
"NNF18OC0052647",2018,"Health",FALSE,2.49418206707734
"NNF18OC0052692",2018,"Health",FALSE,3.41683778234086
"NNF18OC0052699",2018,"Health",FALSE,3.66324435318275
"NNF18OC0052719",2018,"Health",TRUE,3.99726214921287
"NNF18OC0052728",2018,"Health",FALSE,3.41683778234086
"NNF18OC0052742",2018,"Health",FALSE,0.996577686516085
"NNF18OC0052768",2018,"Health",FALSE,3.49349760438056
"NNF18OC0052770",2018,"Health",FALSE,1.99863107460643
"NNF18OC0052776",2018,"Health",FALSE,2.99794661190965
"NNF18OC0052789",2018,"Health",FALSE,6.08350444900753
"NNF18OC0052801",2018,"Health",FALSE,4.49281314168378
"NNF18OC0052813",2018,"Health",FALSE,2.99794661190965
"NNF18OC0052826",2018,"Health",FALSE,4.99657768651609
"NNF18OC0052832",2018,"Health",FALSE,0.999315537303217
"NNF18OC0052834",2018,"Health",FALSE,1.83162217659138
"NNF18OC0052844",2018,"Health",FALSE,3.16495550992471
"NNF18OC0052855",2018,"Health",FALSE,3.50171115674196
"NNF18OC0052863",2018,"Health",FALSE,0.996577686516085
"NNF18OC0052871",2018,"Health",FALSE,0.996577686516085
"NNF18OC0052874",2018,"Health",FALSE,1.99863107460643
"NNF18OC0052882",2018,"Health",FALSE,4.91170431211499
"NNF18OC0052883",2018,"Health",FALSE,2.66392881587953
"NNF18OC0052893",2018,"Health",FALSE,2.99794661190965
"NNF18OC0052896",2018,"Health",FALSE,3.24435318275154
"NNF18OC0052911",2018,"Health",FALSE,1.83162217659138
"NNF18OC0052917",2018,"Health",FALSE,1.99863107460643
"NNF18OC0052924",2018,"Health",FALSE,3.99726214921287
"NNF18OC0052931",2018,"Health",FALSE,3.50171115674196
"NNF18OC0052951",2018,"Health",FALSE,5.78781656399726
"NNF18OC0052953",2018,"Health",FALSE,4.75290896646133
"NNF18OC0052954",2018,"Health",FALSE,2.99794661190965
"NNF18OC0052955",2018,"Health",FALSE,1.99863107460643
"NNF18OC0052965",2018,"Health",FALSE,2.99794661190965
"NNF18OC0052967",2018,"Health",FALSE,1.99863107460643
"NNF18OC0052973",2018,"Health",FALSE,1.74674880219028
"NNF18OC0052974",2018,"Health",FALSE,3.89869952087611
"NNF18OC0052979",2018,"Health",FALSE,3.3264887063655
"NNF18OC0052988",2018,"Health",FALSE,5.74674880219028
"NNF18OC0052992",2018,"Health",FALSE,1.99863107460643
"NNF18OC0053006",2018,"Health",FALSE,5.99863107460643
"NNF18OC0053008",2018,"Health",FALSE,3.83846680355921
"NNF18OC0053013",2018,"Health",FALSE,0.996577686516085
"NNF18OC0053024",2018,"Health",FALSE,3.74537987679671
"NNF18OC0053032",2018,"Health",FALSE,2.08350444900753
"NNF18OC0053037",2018,"Health",FALSE,2.99794661190965
"NNF18OC0053048",2018,"Health",FALSE,1.99863107460643
"NNF18OC0053079",2018,"Health",FALSE,0.996577686516085
"NNF18OC0053080",2018,"Health",FALSE,1.83162217659138
"NNF18OC0053086",2018,"Health",FALSE,4.99657768651609
"NNF18OC0053094",2018,"Health",FALSE,0.999315537303217
"NNF18OC0053124",2018,"Health",FALSE,1.99863107460643
"NNF18OC0053129",2018,"Health",FALSE,5.49486652977413
"NNF18OC0053139",2018,"Health",FALSE,3.24435318275154
"NNF18OC0053140",2018,"Health",FALSE,4.09034907597536
"NNF18OC0053172",2018,"Health",FALSE,3.99726214921287
"NNF18OC0053213",2018,"Health",FALSE,2.99794661190965
"NNF18OC0053222",2018,"Health",FALSE,5.66461327857632
"NNF18OC0053227",2018,"Health",FALSE,0.577686516084873
"NNF18OC0053228",2018,"Health",FALSE,1.99863107460643
"NNF18OC0053231",2018,"Health",FALSE,2.50239561943874
"NNF18OC0053254",2018,"Health",FALSE,4.99657768651609
"NNF18OC0053276",2018,"Health",FALSE,1.99863107460643
"NNF18OC0053594",2018,"Social Sciences",FALSE,6.99794661190965
"NNF18OC0054057",2018,"Health",FALSE,0.0136892539356605
"NNF18OC0054084",2018,"Health",FALSE,0.999315537303217
"NNF18OC0054114",2018,"Health",FALSE,3.14852840520192
"NNF18OC0054118",2018,"Health",FALSE,0.0054757015742642
"NNF18OC0054122",2018,"Health",FALSE,0.416153319644079
"NNF18SA0032630",2018,"Natural Sciences",FALSE,0.832306639288159
"NNF18SA0032824",2018,"Natural Sciences",FALSE,1.79329226557153
"NNF18SA0032826",2018,"Health",FALSE,0.793976728268309
"NNF18SA0032850",2018,"Health",FALSE,0.251882272416153
"NNF18SA0032928",2018,"Health",FALSE,4.99657768651609
"NNF18SA0033256",2018,"Health",FALSE,0.0054757015742642
"NNF18SA0033264",2018,"Health",FALSE,0.996577686516085
"NNF18SA0033394",2018,"Natural Sciences",FALSE,0.722792607802875
"NNF18SA0033478",2018,"Health",FALSE,0.752908966461328
"NNF18SA0033564",2018,"Health",FALSE,0.752908966461328
"NNF18SA0033664",2018,"Natural Sciences",FALSE,3.99726214921287
"NNF18SA0033666",2018,"Health",FALSE,7.00068446269678
"NNF18SA0033668",2018,"Health",FALSE,3.99726214921287
"NNF18SA0033876",2018,"Natural Sciences",FALSE,4.68172484599589
"NNF18SA0034896",2018,"Health",FALSE,5.24572210814511
"NNF18SA0034900",2018,"Health",FALSE,8.84052019164955
"NNF18SA0034902",2018,"Natural Sciences",FALSE,0.996577686516085
"NNF18SA0034956",2018,"Health",FALSE,4.57768651608487
"NNF18SA0034964",2018,"Engineering & Tech",FALSE,2.70499657768652
"NNF18SA0034986",2018,"Health",FALSE,0.265571526351814
"NNF18SA0034990",2018,"Natural Sciences",FALSE,5.24845995893224
"NNF18SA0035006",2018,"Health",FALSE,4.74469541409993
"NNF18SA0035066",2018,"Natural Sciences",FALSE,3.04722792607803
"NNF18SA0035142",2018,"Natural Sciences",FALSE,12.2436687200548
"NNF18SA0035194",2018,"Health",FALSE,9.99863107460643
"NNF18SA0035306",2018,"Health",FALSE,5.99863107460643
"NNF18SA0035334",2018,"Health",FALSE,2.00136892539357
"NNF18SA0035346",2018,"Natural Sciences",FALSE,0.996577686516085
"NNF18SA0035348",2018,"Natural Sciences",FALSE,0.996577686516085
"NNF18SA0055896",2018,"Health",FALSE,8.83504449007529
"NNF18SA0055918",2018,"Health",FALSE,5.33333333333333
"NNF18SH0035228",2018,"Social Sciences",FALSE,0.999315537303217
"NNF19OC0052064",2018,"Health",FALSE,4.33127994524298
"NNF19OC0052289",2018,"Health",FALSE,3.74811772758385
"NNF19OC0052457",2018,"Health",FALSE,5.4154688569473
"NNF19OC0052550",2018,"Health",FALSE,1.99863107460643
"NNF19OC0052966",2018,"Health",FALSE,1.00205338809035
"NNF19OC0053091",2018,"Health",FALSE,3.33196440793977
"NNF15CC0018344",2017,"Health",FALSE,3.41683778234086
"NNF17OC0024328",2017,"Health",FALSE,3.99726214921287
"NNF17OC0024384",2017,"Humanities",FALSE,3.00068446269678
"NNF17OC0024410",2017,"Health",FALSE,4
"NNF17OC0024422",2017,"Health",FALSE,1.9958932238193
"NNF17OC0024454",2017,"Humanities",FALSE,1.9958932238193
"NNF17OC0024464",2017,"Health",FALSE,4.99657768651609
"NNF17OC0024636",2017,"Health",FALSE,6.32991101984942
"NNF17OC0024718",2017,"Health",FALSE,6.66392881587953
"NNF17OC0024808",2017,"Humanities",FALSE,0.451745379876797
"NNF17OC0024830",2017,"Health",FALSE,4.99657768651609
"NNF17OC0024834",2017,"Humanities",FALSE,1.99863107460643
"NNF17OC0024868",2017,"Health",FALSE,6.49965776865161
"NNF17OC0024884",2017,"Natural Sciences",FALSE,1.99863107460643
"NNF17OC0024886",2017,"Natural Sciences",FALSE,1.99863107460643
"NNF17OC0024962",2017,"Humanities",FALSE,2.57905544147844
"NNF17OC0024988",2017,"Humanities",FALSE,1.9958932238193
"NNF17OC0025014",2017,"Health",FALSE,4.99657768651609
"NNF17OC0025052",2017,"Health",FALSE,3.99726214921287
"NNF17OC0025068",2017,"Humanities",FALSE,3.00068446269678
"NNF17OC0025070",2017,"Humanities",FALSE,0.996577686516085
"NNF17OC0025074",2017,"Health",FALSE,4.99931553730322
"NNF17OC0025092",2017,"Natural Sciences",FALSE,1.99863107460643
"NNF17OC0025100",2017,"Health",FALSE,7.91238877481177
"NNF17OC0025124",2017,"Humanities",FALSE,2.99794661190965
"NNF17OC0025224",2017,"Health",FALSE,4
"NNF17OC0025252",2017,"Health",FALSE,3.99726214921287
"NNF17OC0025284",2017,"Humanities",FALSE,4.07939767282683
"NNF17OC0025318",2017,"Humanities",FALSE,4.13141683778234
"NNF17OC0025322",2017,"Humanities",FALSE,3.00068446269678
"NNF17OC0025334",2017,"Humanities",FALSE,1.9958932238193
"NNF17OC0025368",2017,"Humanities",FALSE,1.99863107460643
"NNF17OC0025386",2017,"Humanities",FALSE,0.49555099247091
"NNF17OC0025402",2017,"Natural Sciences",FALSE,1.99863107460643
"NNF17OC0025404",2017,"Health",FALSE,3.99726214921287
"NNF17OC0025408",2017,"Humanities",FALSE,1.24572210814511
"NNF17OC0025478",2017,"Humanities",FALSE,4.65160848733744
"NNF17OC0025642",2017,"Natural Sciences",FALSE,1.9958932238193
"NNF17OC0025660",2017,"Natural Sciences",FALSE,1.9958932238193
"NNF17OC0025686",2017,"Natural Sciences",FALSE,1.99863107460643
"NNF17OC0025722",2017,"Natural Sciences",FALSE,1.99863107460643
"NNF17OC0025726",2017,"Natural Sciences",FALSE,2.33264887063655
"NNF17OC0025806",2017,"Health",FALSE,6.22313483915127
"NNF17OC0025858",2017,"Natural Sciences",FALSE,0.999315537303217
"NNF17OC0026030",2017,"Health",FALSE,5.67008898015058
"NNF17OC0026046",2017,"Health",FALSE,5.82888432580424
"NNF17OC0026056",2017,"Health",FALSE,5.50034223134839
"NNF17OC0026062",2017,"Health",FALSE,5.67008898015058
"NNF17OC0026096",2017,"Health",FALSE,4.99931553730322
"NNF17OC0026114",2017,"Health",FALSE,5.41820670773443
"NNF17OC0026186",2017,"Health",FALSE,0.999315537303217
"NNF17OC0026198",2017,"Health",FALSE,0.999315537303217
"NNF17OC0026208",2017,"Natural Sciences",FALSE,0.91170431211499
"NNF17OC0026246",2017,"Health",FALSE,0.999315537303217
"NNF17OC0026286",2017,"Health",FALSE,0.999315537303217
"NNF17OC0026342",2017,"Health",FALSE,0.999315537303217
"NNF17OC0026346",2017,"Health",FALSE,0.999315537303217
"NNF17OC0026362",2017,"Health",FALSE,0.999315537303217
"NNF17OC0026368",2017,"Health",FALSE,0.999315537303217
"NNF17OC0026414",2017,"Health",FALSE,0.999315537303217
"NNF17OC0026418",2017,"Health",FALSE,0.996577686516085
"NNF17OC0026426",2017,"Health",FALSE,1.49486652977413
"NNF17OC0026434",2017,"Health",FALSE,0.996577686516085
"NNF17OC0026466",2017,"Social Sciences",FALSE,6.99794661190965
"NNF17OC0026542",2017,"Social Sciences",FALSE,6.99794661190965
"NNF17OC0026590",2017,"Social Sciences",FALSE,6.99794661190965
"NNF17OC0026678",2017,"Natural Sciences",FALSE,0.999315537303217
"NNF17OC0026694",2017,"Natural Sciences",FALSE,2.99794661190965
"NNF17OC0026698",2017,"Health",FALSE,3.99726214921287
"NNF17OC0026712",2017,"Natural Sciences",FALSE,3.00068446269678
"NNF17OC0026724",2017,"Natural Sciences",FALSE,0.999315537303217
"NNF17OC0026726",2017,"Natural Sciences",FALSE,0.999315537303217
"NNF17OC0026774",2017,"Health",FALSE,6.99794661190965
"NNF17OC0026778",2017,"Health",FALSE,6.99794661190965
"NNF17OC0026782",2017,"Natural Sciences",FALSE,7.00068446269678
"NNF17OC0026790",2017,"Natural Sciences",FALSE,0.996577686516085
"NNF17OC0026794",2017,"Natural Sciences",FALSE,0.996577686516085
"NNF17OC0026820",2017,"Natural Sciences",FALSE,2.99794661190965
"NNF17OC0026826",2017,"Natural Sciences",FALSE,0.999315537303217
"NNF17OC0026828",2017,"Natural Sciences",FALSE,0.999315537303217
"NNF17OC0026844",2017,"Natural Sciences",FALSE,2.99794661190965
"NNF17OC0026848",2017,"Natural Sciences",FALSE,2.24503764544832
"NNF17OC0026868",2017,"Natural Sciences",FALSE,2.99794661190965
"NNF17OC0026874",2017,"Health",FALSE,3.99726214921287
"NNF17OC0026882",2017,"Natural Sciences",FALSE,2.99794661190965
"NNF17OC0026888",2017,"Natural Sciences",FALSE,2.99794661190965
"NNF17OC0026896",2017,"Natural Sciences",FALSE,0.999315537303217
"NNF17OC0026900",2017,"Natural Sciences",FALSE,3.16769336071184
"NNF17OC0026910",2017,"Natural Sciences",FALSE,3.50444900752909
"NNF17OC0026924",2017,"Natural Sciences",FALSE,2.99794661190965
"NNF17OC0026936",2017,"Natural Sciences",FALSE,3.00068446269678
"NNF17OC0026938",2017,"Natural Sciences",FALSE,1.99863107460643
"NNF17OC0026940",2017,"Natural Sciences",FALSE,3.00068446269678
"NNF17OC0026942",2017,"Natural Sciences",FALSE,3.00068446269678
"NNF17OC0026964",2017,"Natural Sciences",FALSE,0.996577686516085
"NNF17OC0026978",2017,"Natural Sciences",FALSE,0.996577686516085
"NNF17OC0026982",2017,"Natural Sciences",FALSE,0.999315537303217
"NNF17OC0027004",2017,"Natural Sciences",FALSE,0.999315537303217
"NNF17OC0027034",2017,"Health",FALSE,3.99726214921287
"NNF17OC0027038",2017,"Health",FALSE,8.20533880903491
"NNF17OC0027054",2017,"Natural Sciences",FALSE,0.999315537303217
"NNF17OC0027058",2017,"Natural Sciences",FALSE,2.99794661190965
"NNF17OC0027072",2017,"Natural Sciences",FALSE,2.99794661190965
"NNF17OC0027126",2017,"Natural Sciences",FALSE,3.00068446269678
"NNF17OC0027132",2017,"Natural Sciences",FALSE,0.999315537303217
"NNF17OC0027158",2017,"Natural Sciences",FALSE,2.99794661190965
"NNF17OC0027164",2017,"Natural Sciences",FALSE,0.999315537303217
"NNF17OC0027184",2017,"Natural Sciences",FALSE,1.58795345653662
"NNF17OC0027206",2017,"Natural Sciences",FALSE,2.99794661190965
"NNF17OC0027220",2017,"Natural Sciences",FALSE,1.9958932238193
"NNF17OC0027224",2017,"Natural Sciences",FALSE,1.9958932238193
"NNF17OC0027226",2017,"Natural Sciences",FALSE,0.999315537303217
"NNF17OC0027232",2017,"Natural Sciences",FALSE,2.99794661190965
"NNF17OC0027234",2017,"Natural Sciences",FALSE,0.999315537303217
"NNF17OC0027242",2017,"Natural Sciences",FALSE,4.33401779603012
"NNF17OC0027248",2017,"Natural Sciences",FALSE,2.99794661190965
"NNF17OC0027254",2017,"Natural Sciences",FALSE,2.99794661190965
"NNF17OC0027258",2017,"Natural Sciences",FALSE,0.999315537303217
"NNF17OC0027260",2017,"Natural Sciences",FALSE,4.7501711156742
"NNF17OC0027274",2017,"Natural Sciences",FALSE,2.99794661190965
"NNF17OC0027294",2017,"Natural Sciences",FALSE,3.00068446269678
"NNF17OC0027314",2017,"Natural Sciences",FALSE,2.99794661190965
"NNF17OC0027344",2017,"Natural Sciences",FALSE,2.99794661190965
"NNF17OC0027348",2017,"Natural Sciences",FALSE,0.999315537303217
"NNF17OC0027396",2017,"Natural Sciences",FALSE,2.99794661190965
"NNF17OC0027400",2017,"Natural Sciences",FALSE,2.99794661190965
"NNF17OC0027420",2017,"Natural Sciences",FALSE,2.99794661190965
"NNF17OC0027440",2017,"Natural Sciences",FALSE,0.999315537303217
"NNF17OC0027444",2017,"Natural Sciences",FALSE,2.83093771389459
"NNF17OC0027446",2017,"Natural Sciences",FALSE,3.00068446269678
"NNF17OC0027448",2017,"Natural Sciences",FALSE,1.9958932238193
"NNF17OC0027456",2017,"Natural Sciences",FALSE,0.999315537303217
"NNF17OC0027458",2017,"Natural Sciences",FALSE,2.99794661190965
"NNF17OC0027492",2017,"Natural Sciences",FALSE,0.996577686516085
"NNF17OC0027494",2017,"Natural Sciences",FALSE,2.99794661190965
"NNF17OC0027498",2017,"Natural Sciences",FALSE,2.99794661190965
"NNF17OC0027528",2017,"Natural Sciences",FALSE,2.99794661190965
"NNF17OC0027550",2017,"Health",FALSE,3.99726214921287
"NNF17OC0027554",2017,"Natural Sciences",FALSE,4
"NNF17OC0027580",2017,"Health",FALSE,4.99657768651609
"NNF17OC0027588",2017,"Health",FALSE,3.66324435318275
"NNF17OC0027594",2017,"Health",FALSE,6.99520876112252
"NNF17OC0027598",2017,"Health",FALSE,3.16769336071184
"NNF17OC0027616",2017,"Health",FALSE,4.74469541409993
"NNF17OC0027620",2017,"Health",FALSE,3.99726214921287
"NNF17OC0027646",2017,"Health",FALSE,3.00068446269678
"NNF17OC0027648",2017,"Health",FALSE,2.99794661190965
"NNF17OC0027650",2017,"Health",FALSE,1.82888432580424
"NNF17OC0027658",2017,"Health",FALSE,2.99794661190965
"NNF17OC0027692",2017,"Health",FALSE,3.66324435318275
"NNF17OC0027698",2017,"Health",FALSE,3.49349760438056
"NNF17OC0027710",2017,"Health",FALSE,2.99794661190965
"NNF17OC0027742",2017,"Health",FALSE,3.99726214921287
"NNF17OC0027744",2017,"Health",FALSE,3.3347022587269
"NNF17OC0027752",2017,"Health",FALSE,3.3264887063655
"NNF17OC0027780",2017,"Health",FALSE,6.00136892539357
"NNF17OC0027794",2017,"Health",FALSE,3.99726214921287
"NNF17OC0027812",2017,"Health",FALSE,6.99794661190965
"NNF17OC0027822",2017,"Health",FALSE,4.32580424366872
"NNF17OC0027826",2017,"Health",FALSE,6.41204654346338
"NNF17OC0027864",2017,"Health",FALSE,7.49075975359343
"NNF17OC0027872",2017,"Health",FALSE,6.00136892539357
"NNF17OC0027914",2017,"Health",FALSE,2.99794661190965
"NNF17OC0027940",2017,"Health",FALSE,4.16427104722793
"NNF17OC0027944",2017,"Health",FALSE,3.00068446269678
"NNF17OC0027962",2017,"Health",FALSE,2.99794661190965
"NNF17OC0027968",2017,"Natural Sciences",FALSE,3.00068446269678
"NNF17OC0028028",2017,"Health",FALSE,3.49349760438056
"NNF17OC0028070",2017,"Natural Sciences",FALSE,7.66050650239562
"NNF17OC0028072",2017,"Health",FALSE,2.99794661190965
"NNF17OC0028080",2017,"Health",FALSE,2.99794661190965
"NNF17OC0028086",2017,"Natural Sciences",FALSE,4.08213552361396
"NNF17OC0028136",2017,"Health",FALSE,2.99794661190965
"NNF17OC0028160",2017,"Health",FALSE,2.99794661190965
"NNF17OC0028172",2017,"Health",FALSE,3.99452429842574
"NNF17OC0028176",2017,"Health",FALSE,7.99726214921287
"NNF17OC0028184",2017,"Health",FALSE,1.9958932238193
"NNF17OC0028218",2017,"Health",FALSE,2.99794661190965
"NNF17OC0028222",2017,"Health",FALSE,0.999315537303217
"NNF17OC0028230",2017,"Health",FALSE,2.99794661190965
"NNF17OC0028232",2017,"Health",FALSE,6.99794661190965
"NNF17OC0028262",2017,"Health",FALSE,1.9958932238193
"NNF17OC0028274",2017,"Health",FALSE,3.99726214921287
"NNF17OC0028276",2017,"Health",FALSE,3.00068446269678
"NNF17OC0028278",2017,"Health",FALSE,0.996577686516085
"NNF17OC0028300",2017,"Health",FALSE,2.99794661190965
"NNF17OC0028328",2017,"Health",FALSE,5.83436002737851
"NNF17OC0028336",2017,"Health",FALSE,1.9958932238193
"NNF17OC0028338",2017,"Health",FALSE,4.40793976728268
"NNF17OC0028358",2017,"Health",FALSE,4.99931553730322
"NNF17OC0028360",2017,"Health",FALSE,1.57973990417522
"NNF17OC0028366",2017,"Health",FALSE,3.66872005475702
"NNF17OC0028380",2017,"Health",FALSE,2.99794661190965
"NNF17OC0028406",2017,"Health",FALSE,0.577686516084873
"NNF17OC0028412",2017,"Health",FALSE,2.99794661190965
"NNF17OC0028416",2017,"Health",FALSE,2.49418206707734
"NNF17OC0028462",2017,"Health",FALSE,2.5845311430527
"NNF17OC0028476",2017,"Health",FALSE,5.99863107460643
"NNF17OC0028516",2017,"Health",FALSE,2.49418206707734
"NNF17OC0028520",2017,"Health",FALSE,1.9958932238193
"NNF17OC0028528",2017,"Health",FALSE,1.9958932238193
"NNF17OC0028544",2017,"Health",FALSE,3.41683778234086
"NNF17OC0028570",2017,"Health",FALSE,0.49555099247091
"NNF17OC0028580",2017,"Health",FALSE,1.99863107460643
"NNF17OC0028582",2017,"Health",FALSE,2.99794661190965
"NNF17OC0028584",2017,"Health",FALSE,1.9958932238193
"NNF17OC0028608",2017,"Health",FALSE,5.66735112936345
"NNF17OC0028620",2017,"Health",FALSE,1.9958932238193
"NNF17OC0028636",2017,"Health",FALSE,2.99794661190965
"NNF17OC0028664",2017,"Health",FALSE,2.99794661190965
"NNF17OC0028678",2017,"Health",FALSE,1.99863107460643
"NNF17OC0028702",2017,"Health",FALSE,4.7501711156742
"NNF17OC0028706",2017,"Health",FALSE,5.40999315537303
"NNF17OC0028720",2017,"Health",FALSE,2.99794661190965
"NNF17OC0028730",2017,"Health",FALSE,2.99794661190965
"NNF17OC0028764",2017,"Health",FALSE,1.9958932238193
"NNF17OC0028766",2017,"Health",FALSE,3.99726214921287
"NNF17OC0028804",2017,"Health",FALSE,1.9958932238193
"NNF17OC0028806",2017,"Health",FALSE,2.99794661190965
"NNF17OC0028812",2017,"Health",FALSE,2.99794661190965
"NNF17OC0028842",2017,"Health",FALSE,1.99863107460643
"NNF17OC0028846",2017,"Health",FALSE,0.410677618069815
"NNF17OC0028860",2017,"Health",FALSE,2.33264887063655
"NNF17OC0028866",2017,"Health",FALSE,3.00068446269678
"NNF17OC0028886",2017,"Health",FALSE,0.999315537303217
"NNF17OC0028894",2017,"Health",FALSE,2.00136892539357
"NNF17OC0028928",2017,"Health",FALSE,2.99794661190965
"NNF17OC0028930",2017,"Health",FALSE,0.996577686516085
"NNF17OC0028936",2017,"Health",FALSE,2.57905544147844
"NNF17OC0028972",2017,"Health",FALSE,2.24503764544832
"NNF17OC0028990",2017,"Health",FALSE,3.08281998631075
"NNF17OC0029010",2017,"Health",FALSE,2.99794661190965
"NNF17OC0029042",2017,"Health",FALSE,4.32580424366872
"NNF17OC0029054",2017,"Health",FALSE,0.999315537303217
"NNF17OC0029064",2017,"Health",FALSE,3.66324435318275
"NNF17OC0029076",2017,"Health",FALSE,3.99726214921287
"NNF17OC0029134",2017,"Health",FALSE,0.996577686516085
"NNF17OC0029148",2017,"Health",FALSE,6.00136892539357
"NNF17OC0029194",2017,"Health",FALSE,2.99794661190965
"NNF17OC0029222",2017,"Health",FALSE,1.9958932238193
"NNF17OC0029236",2017,"Health",FALSE,0.996577686516085
"NNF17OC0029240",2017,"Health",FALSE,1.9958932238193
"NNF17OC0029268",2017,"Health",FALSE,0.999315537303217
"NNF17OC0029290",2017,"Health",FALSE,2.66392881587953
"NNF17OC0029322",2017,"Health",FALSE,3.00068446269678
"NNF17OC0029324",2017,"Health",FALSE,2.99794661190965
"NNF17OC0029344",2017,"Health",FALSE,0.996577686516085
"NNF17OC0029370",2017,"Health",FALSE,0.996577686516085
"NNF17OC0029372",2017,"Health",FALSE,2.99794661190965
"NNF17OC0029404",2017,"Health",FALSE,2.49418206707734
"NNF17OC0029418",2017,"Health",FALSE,2.99794661190965
"NNF17OC0029426",2017,"Health",FALSE,7.58384668035592
"NNF17OC0029432",2017,"Health",FALSE,2.99794661190965
"NNF17OC0029434",2017,"Health",FALSE,0.996577686516085
"NNF17OC0029438",2017,"Health",FALSE,0.999315537303217
"NNF17OC0029446",2017,"Health",FALSE,3.55920602327173
"NNF17OC0029464",2017,"Health",FALSE,2.49691991786448
"NNF17OC0029488",2017,"Health",FALSE,1.99863107460643
"NNF17OC0029508",2017,"Health",FALSE,2.91307323750856
"NNF17OC0029510",2017,"Health",FALSE,7.08281998631075
"NNF17OC0029520",2017,"Health",FALSE,7.08281998631075
"NNF17OC0029524",2017,"Health",FALSE,3.15947980835044
"NNF17OC0029532",2017,"Health",FALSE,4.74743326488706
"NNF17OC0029534",2017,"Health",FALSE,1.9958932238193
"NNF17OC0029546",2017,"Health",FALSE,2.99794661190965
"NNF17OC0029548",2017,"Health",FALSE,2.99794661190965
"NNF17OC0029584",2017,"Health",FALSE,2.99794661190965
"NNF17OC0029596",2017,"Health",FALSE,1.9958932238193
"NNF17OC0029602",2017,"Health",FALSE,0.999315537303217
"NNF17OC0029616",2017,"Health",FALSE,1.9958932238193
"NNF17OC0029620",2017,"Health",FALSE,1.9958932238193
"NNF17OC0029622",2017,"Health",FALSE,2.99794661190965
"NNF17OC0029670",2017,"Health",FALSE,0.49555099247091
"NNF17OC0029698",2017,"Health",FALSE,2.99794661190965
"NNF17OC0029702",2017,"Health",FALSE,2.49418206707734
"NNF17OC0029710",2017,"Health",FALSE,3.49623545516769
"NNF17OC0029724",2017,"Health",FALSE,1.99863107460643
"NNF17OC0029748",2017,"Health",FALSE,4.58316221765914
"NNF17OC0029756",2017,"Health",FALSE,3.66324435318275
"NNF17OC0029768",2017,"Health",FALSE,2.66392881587953
"NNF17OC0029774",2017,"Health",FALSE,0.996577686516085
"NNF17OC0029778",2017,"Natural Sciences",FALSE,5.32511978097194
"NNF17OC0029800",2017,"Health",FALSE,3.65229295003422
"NNF17OC0029848",2017,"Health",FALSE,1.99863107460643
"NNF17OC0029860",2017,"Health",FALSE,2.99794661190965
"NNF17OC0029864",2017,"Health",FALSE,3.00068446269678
"NNF17OC0029872",2017,"Health",FALSE,0.996577686516085
"NNF17OC0029884",2017,"Health",FALSE,1.492128678987
"NNF17OC0029894",2017,"Health",FALSE,5.9958932238193
"NNF17OC0029918",2017,"Health",FALSE,3.24709103353867
"NNF17OC0029962",2017,"Health",FALSE,0.999315537303217
"NNF17OC0029966",2017,"Health",FALSE,2.99794661190965
"NNF17OC0029978",2017,"Health",FALSE,1.9958932238193
"NNF17OC0030072",2017,"Health",FALSE,2.58179329226557
"NNF17OC0030080",2017,"Health",FALSE,0.996577686516085
"NNF17OC0030088",2017,"Health",FALSE,5.492128678987
"NNF17OC0030126",2017,"Natural Sciences",FALSE,3.80287474332649
"NNF17OC0030130",2017,"Health",FALSE,0.577686516084873
"NNF17OC0030144",2017,"Health",FALSE,1.492128678987
"NNF17SA0026264",2017,"Natural Sciences",FALSE,0.791238877481177
"NNF17SA0026294",2017,"Social Sciences",FALSE,0.996577686516085
"NNF17SA0026658",2017,"Health",FALSE,0.752908966461328
"NNF17SA0026688",2017,"Health",FALSE,0.733744010951403
"NNF17SA0026748",2017,"Health",FALSE,3.99726214921287
"NNF17SA0026756",2017,"Health",FALSE,7.99726214921287
"NNF17SA0026760",2017,"Health",FALSE,7.99726214921287
"NNF17SA0026768",2017,"Health",FALSE,3.99726214921287
"NNF17SA0026988",2017,"Natural Sciences",FALSE,7.33196440793977
"NNF17SA0027704",2017,"Natural Sciences",FALSE,5.3305954825462
"NNF17SA0027784",2017,"Health",FALSE,5.492128678987
"NNF17SA0027830",2017,"Natural Sciences",FALSE,0.996577686516085
"NNF17SA0028352",2017,"Health",FALSE,0.580424366872005
"NNF17SA0028392",2017,"Natural Sciences",FALSE,7.00068446269678
"NNF17SA0028586",2017,"Natural Sciences",FALSE,0.996577686516085
"NNF17SA0028700",2017,"Natural Sciences",FALSE,0.249144421629021
"NNF17SA0030066",2017,"Natural Sciences",FALSE,2.99794661190965
"NNF17SA0030176",2017,"Health",FALSE,0.665297741273101
"NNF17SA0030202",2017,"Natural Sciences",FALSE,4.31211498973306
"NNF17SA0030214",2017,"Natural Sciences",FALSE,4.47364818617385
"NNF17SA0030364",2017,"Health",FALSE,7.43326488706365
"NNF17SA0030394",2017,"Social Sciences",FALSE,5.75222450376454
"NNF17SA0030576",2017,"Health",FALSE,5.99863107460643
"NNF17SA0030666",2017,"Natural Sciences",FALSE,14.1464750171116
"NNF17SA0030962",2017,"Health",FALSE,9.9958932238193
"NNF17SA0031230",2017,"Health",FALSE,9.9958932238193
"NNF17SA0031264",2017,"Social Sciences",FALSE,0.0082135523613963
"NNF17SA0031308",2017,"Health",FALSE,2.16563997262149
"NNF17SA0031362",2017,"Natural Sciences",FALSE,9.3305954825462
"NNF17SA0031368",2017,"Social Sciences",FALSE,4.91170431211499
"NNF17SA0031396",2017,"Social Sciences",FALSE,0.999315537303217
"NNF17SA0031402",2017,"Health",FALSE,6.41752224503765
"NNF17SA0031404",2017,"Health",FALSE,9.9958932238193
"NNF17SA0031406",2017,"Health",FALSE,4.99657768651609
"NNF17SA0031454",2017,"Health",FALSE,0.027378507871321
"NNF17SA0031462",2017,"Natural Sciences",FALSE,0.996577686516085
