"from","to","weight","width","title","color"
"learning","machine",146,5,"learning + machine: 146 co-occurrences","#cccccc"
"learning","methods",99,3.46739130434783,"learning + methods: 99 co-occurrences","#cccccc"
"artificial","intelligence",79,2.81521739130435,"artificial + intelligence: 79 co-occurrences","#cccccc"
"deep","learning",72,2.58695652173913,"deep + learning: 72 co-occurrences","#cccccc"
"cell","cells",71,2.55434782608696,"cell + cells: 71 co-occurrences","#cccccc"
"cancer","cells",60,2.19565217391304,"cancer + cells: 60 co-occurrences","#cccccc"
"machine","methods",55,2.03260869565217,"machine + methods: 55 co-occurrences","#cccccc"
"learning","science",54,2,"learning + science: 54 co-occurrences","#cccccc"
"develop","methods",53,1.96739130434783,"develop + methods: 53 co-occurrences","#cccccc"
"develop","learning",50,1.8695652173913,"develop + learning: 50 co-occurrences","#cccccc"
"clinical","quality",49,1.83695652173913,"clinical + quality: 49 co-occurrences","#cccccc"
"disease","risk",49,1.83695652173913,"disease + risk: 49 co-occurrences","#cccccc"
"learning","models",48,1.80434782608696,"learning + models: 48 co-occurrences","#cccccc"
"disease","health",46,1.73913043478261,"disease + health: 46 co-occurrences","#cccccc"
"networks","social",46,1.73913043478261,"networks + social: 46 co-occurrences","#cccccc"
"protein","proteins",45,1.70652173913043,"protein + proteins: 45 co-occurrences","#cccccc"
"deep","methods",44,1.67391304347826,"deep + methods: 44 co-occurrences","#cccccc"
"learning","time",42,1.60869565217391,"learning + time: 42 co-occurrences","#cccccc"
"methods","time",39,1.51086956521739,"methods + time: 39 co-occurrences","#cccccc"
"energy","materials",38,1.47826086956522,"energy + materials: 38 co-occurrences","#cccccc"
"health","patient",38,1.47826086956522,"health + patient: 38 co-occurrences","#cccccc"
"machine","science",38,1.47826086956522,"machine + science: 38 co-occurrences","#cccccc"
"diabetes","disease",37,1.44565217391304,"diabetes + disease: 37 co-occurrences","#cccccc"
"health","risk",37,1.44565217391304,"health + risk: 37 co-occurrences","#cccccc"
"healthcare","quality",37,1.44565217391304,"healthcare + quality: 37 co-occurrences","#cccccc"
"images","learning",37,1.44565217391304,"images + learning: 37 co-occurrences","#cccccc"
"develop","machine",36,1.41304347826087,"develop + machine: 36 co-occurrences","#cccccc"
"health","individuals",36,1.41304347826087,"health + individuals: 36 co-occurrences","#cccccc"
"health","science",36,1.41304347826087,"health + science: 36 co-occurrences","#cccccc"
"health","system",36,1.41304347826087,"health + system: 36 co-occurrences","#cccccc"
"learning","tools",36,1.41304347826087,"learning + tools: 36 co-occurrences","#cccccc"
"obesity","risk",36,1.41304347826087,"obesity + risk: 36 co-occurrences","#cccccc"
"care","health",35,1.3804347826087,"care + health: 35 co-occurrences","#cccccc"
"develop","diseases",35,1.3804347826087,"develop + diseases: 35 co-occurrences","#cccccc"
"develop","models",35,1.3804347826087,"develop + models: 35 co-occurrences","#cccccc"
"methods","models",35,1.3804347826087,"methods + models: 35 co-occurrences","#cccccc"
"genetic","risk",34,1.34782608695652,"genetic + risk: 34 co-occurrences","#cccccc"
"diabetes","screening",33,1.31521739130435,"diabetes + screening: 33 co-occurrences","#cccccc"
"learning","medical",33,1.31521739130435,"learning + medical: 33 co-occurrences","#cccccc"
"disease","obesity",32,1.28260869565217,"disease + obesity: 32 co-occurrences","#cccccc"
"health","immune",32,1.28260869565217,"health + immune: 32 co-occurrences","#cccccc"
"health","learning",32,1.28260869565217,"health + learning: 32 co-occurrences","#cccccc"
"methods","tools",32,1.28260869565217,"methods + tools: 32 co-occurrences","#cccccc"
"cancer","drug",31,1.25,"cancer + drug: 31 co-occurrences","#cccccc"
"develop","science",31,1.25,"develop + science: 31 co-occurrences","#cccccc"
"development","learning",31,1.25,"development + learning: 31 co-occurrences","#cccccc"
"identify","risk",31,1.25,"identify + risk: 31 co-occurrences","#cccccc"
"machine","models",31,1.25,"machine + models: 31 co-occurrences","#cccccc"
"artificial","develop",30,1.21739130434783,"artificial + develop: 30 co-occurrences","#cccccc"
"cell","genetic",30,1.21739130434783,"cell + genetic: 30 co-occurrences","#cccccc"
"diabetes","risk",30,1.21739130434783,"diabetes + risk: 30 co-occurrences","#cccccc"
"human","learning",30,1.21739130434783,"human + learning: 30 co-occurrences","#cccccc"
"deep","images",29,1.18478260869565,"deep + images: 29 co-occurrences","#cccccc"
"develop","health",29,1.18478260869565,"develop + health: 29 co-occurrences","#cccccc"
"develop","intelligence",29,1.18478260869565,"develop + intelligence: 29 co-occurrences","#cccccc"
"disease","individuals",29,1.18478260869565,"disease + individuals: 29 co-occurrences","#cccccc"
"disease","methods",29,1.18478260869565,"disease + methods: 29 co-occurrences","#cccccc"
"diseases","human",29,1.18478260869565,"diseases + human: 29 co-occurrences","#cccccc"
"health","information",29,1.18478260869565,"health + information: 29 co-occurrences","#cccccc"
"patients","risk",29,1.18478260869565,"patients + risk: 29 co-occurrences","#cccccc"
"researchers","science",29,1.18478260869565,"researchers + science: 29 co-occurrences","#cccccc"
"science","systems",29,1.18478260869565,"science + systems: 29 co-occurrences","#cccccc"
"artificial","methods",28,1.15217391304348,"artificial + methods: 28 co-occurrences","#cccccc"
"cells","mutations",28,1.15217391304348,"cells + mutations: 28 co-occurrences","#cccccc"
"clinical","healthcare",28,1.15217391304348,"clinical + healthcare: 28 co-occurrences","#cccccc"
"clinical","patient",28,1.15217391304348,"clinical + patient: 28 co-occurrences","#cccccc"
"complex","learning",28,1.15217391304348,"complex + learning: 28 co-occurrences","#cccccc"
"diseases","risk",28,1.15217391304348,"diseases + risk: 28 co-occurrences","#cccccc"
"health","methods",28,1.15217391304348,"health + methods: 28 co-occurrences","#cccccc"
"learning","researchers",28,1.15217391304348,"learning + researchers: 28 co-occurrences","#cccccc"
"machine","tools",28,1.15217391304348,"machine + tools: 28 co-occurrences","#cccccc"
"aims","learning",27,1.1195652173913,"aims + learning: 27 co-occurrences","#cccccc"
"challenges","learning",27,1.1195652173913,"challenges + learning: 27 co-occurrences","#cccccc"
"clinical","learning",27,1.1195652173913,"clinical + learning: 27 co-occurrences","#cccccc"
"develop","systems",27,1.1195652173913,"develop + systems: 27 co-occurrences","#cccccc"
"disease","models",27,1.1195652173913,"disease + models: 27 co-occurrences","#cccccc"
"diseases","plant",27,1.1195652173913,"diseases + plant: 27 co-occurrences","#cccccc"
"human","science",27,1.1195652173913,"human + science: 27 co-occurrences","#cccccc"
"intelligence","methods",27,1.1195652173913,"intelligence + methods: 27 co-occurrences","#cccccc"
"knowledge","methods",27,1.1195652173913,"knowledge + methods: 27 co-occurrences","#cccccc"
"methods","science",27,1.1195652173913,"methods + science: 27 co-occurrences","#cccccc"
"applications","learning",26,1.08695652173913,"applications + learning: 26 co-occurrences","#cccccc"
"cells","proteins",26,1.08695652173913,"cells + proteins: 26 co-occurrences","#cccccc"
"develop","time",26,1.08695652173913,"develop + time: 26 co-occurrences","#cccccc"
"disease","human",26,1.08695652173913,"disease + human: 26 co-occurrences","#cccccc"
"disease","screening",26,1.08695652173913,"disease + screening: 26 co-occurrences","#cccccc"
"health","machine",26,1.08695652173913,"health + machine: 26 co-occurrences","#cccccc"
"learning","networks",26,1.08695652173913,"learning + networks: 26 co-occurrences","#cccccc"
"methods","systems",26,1.08695652173913,"methods + systems: 26 co-occurrences","#cccccc"
"science","understanding",26,1.08695652173913,"science + understanding: 26 co-occurrences","#cccccc"
"analysis","science",25,1.05434782608696,"analysis + science: 25 co-occurrences","#cccccc"
"artificial","learning",25,1.05434782608696,"artificial + learning: 25 co-occurrences","#cccccc"
"cell","protein",25,1.05434782608696,"cell + protein: 25 co-occurrences","#cccccc"
"cells","drug",25,1.05434782608696,"cells + drug: 25 co-occurrences","#cccccc"
"diabetes","individuals",25,1.05434782608696,"diabetes + individuals: 25 co-occurrences","#cccccc"
"factors","risk",25,1.05434782608696,"factors + risk: 25 co-occurrences","#cccccc"
"food","tools",25,1.05434782608696,"food + tools: 25 co-occurrences","#cccccc"
"health","life",25,1.05434782608696,"health + life: 25 co-occurrences","#cccccc"
"health","patients",25,1.05434782608696,"health + patients: 25 co-occurrences","#cccccc"
"immune","system",25,1.05434782608696,"immune + system: 25 co-occurrences","#cccccc"
"intelligence","learning",25,1.05434782608696,"intelligence + learning: 25 co-occurrences","#cccccc"
"algorithms","learning",24,1.02173913043478,"algorithms + learning: 24 co-occurrences","#cccccc"
"artificial","health",24,1.02173913043478,"artificial + health: 24 co-occurrences","#cccccc"
"development","health",24,1.02173913043478,"development + health: 24 co-occurrences","#cccccc"
"disease","patients",24,1.02173913043478,"disease + patients: 24 co-occurrences","#cccccc"
"diseases","methods",24,1.02173913043478,"diseases + methods: 24 co-occurrences","#cccccc"
"healthcare","patient",24,1.02173913043478,"healthcare + patient: 24 co-occurrences","#cccccc"
"information","science",24,1.02173913043478,"information + science: 24 co-occurrences","#cccccc"
"learning","real",24,1.02173913043478,"learning + real: 24 co-occurrences","#cccccc"
"life","science",24,1.02173913043478,"life + science: 24 co-occurrences","#cccccc"
"medical","science",24,1.02173913043478,"medical + science: 24 co-occurrences","#cccccc"
"methods","understanding",24,1.02173913043478,"methods + understanding: 24 co-occurrences","#cccccc"
"patient","patients",24,1.02173913043478,"patient + patients: 24 co-occurrences","#cccccc"
"patient","time",24,1.02173913043478,"patient + time: 24 co-occurrences","#cccccc"
"artificial","diseases",23,0.989130434782609,"artificial + diseases: 23 co-occurrences","#cccccc"
"cancer","screening",23,0.989130434782609,"cancer + screening: 23 co-occurrences","#cccccc"
"care","disease",23,0.989130434782609,"care + disease: 23 co-occurrences","#cccccc"
"cells","specific",23,0.989130434782609,"cells + specific: 23 co-occurrences","#cccccc"
"challenges","machine",23,0.989130434782609,"challenges + machine: 23 co-occurrences","#cccccc"
"develop","risk",23,0.989130434782609,"develop + risk: 23 co-occurrences","#cccccc"
"develop","tools",23,0.989130434782609,"develop + tools: 23 co-occurrences","#cccccc"
"diabetes","methods",23,0.989130434782609,"diabetes + methods: 23 co-occurrences","#cccccc"
"disease","diseases",23,0.989130434782609,"disease + diseases: 23 co-occurrences","#cccccc"
"diseases","intelligence",23,0.989130434782609,"diseases + intelligence: 23 co-occurrences","#cccccc"
"health","intelligence",23,0.989130434782609,"health + intelligence: 23 co-occurrences","#cccccc"
"health","time",23,0.989130434782609,"health + time: 23 co-occurrences","#cccccc"
"learning","quality",23,0.989130434782609,"learning + quality: 23 co-occurrences","#cccccc"
"learning","world",23,0.989130434782609,"learning + world: 23 co-occurrences","#cccccc"
"machine","real",23,0.989130434782609,"machine + real: 23 co-occurrences","#cccccc"
"major","screening",23,0.989130434782609,"major + screening: 23 co-occurrences","#cccccc"
"method","screening",23,0.989130434782609,"method + screening: 23 co-occurrences","#cccccc"
"methods","real",23,0.989130434782609,"methods + real: 23 co-occurrences","#cccccc"
"methods","screening",23,0.989130434782609,"methods + screening: 23 co-occurrences","#cccccc"
"methods","treatment",23,0.989130434782609,"methods + treatment: 23 co-occurrences","#cccccc"
"patient","quality",23,0.989130434782609,"patient + quality: 23 co-occurrences","#cccccc"
"algorithms","develop",22,0.956521739130435,"algorithms + develop: 22 co-occurrences","#cccccc"
"algorithms","methods",22,0.956521739130435,"algorithms + methods: 22 co-occurrences","#cccccc"
"artificial","energy",22,0.956521739130435,"artificial + energy: 22 co-occurrences","#cccccc"
"artificial","models",22,0.956521739130435,"artificial + models: 22 co-occurrences","#cccccc"
"cancer","treatment",22,0.956521739130435,"cancer + treatment: 22 co-occurrences","#cccccc"
"cells","immune",22,0.956521739130435,"cells + immune: 22 co-occurrences","#cccccc"
"computer","science",22,0.956521739130435,"computer + science: 22 co-occurrences","#cccccc"
"development","understanding",22,0.956521739130435,"development + understanding: 22 co-occurrences","#cccccc"
"diseases","health",22,0.956521739130435,"diseases + health: 22 co-occurrences","#cccccc"
"genetic","learning",22,0.956521739130435,"genetic + learning: 22 co-occurrences","#cccccc"
"health","medical",22,0.956521739130435,"health + medical: 22 co-occurrences","#cccccc"
"health","real",22,0.956521739130435,"health + real: 22 co-occurrences","#cccccc"
"information","learning",22,0.956521739130435,"information + learning: 22 co-occurrences","#cccccc"
"learning","method",22,0.956521739130435,"learning + method: 22 co-occurrences","#cccccc"
"learning","model",22,0.956521739130435,"learning + model: 22 co-occurrences","#cccccc"
"learning","techniques",22,0.956521739130435,"learning + techniques: 22 co-occurrences","#cccccc"
"machine","time",22,0.956521739130435,"machine + time: 22 co-occurrences","#cccccc"
"machine","world",22,0.956521739130435,"machine + world: 22 co-occurrences","#cccccc"
"methods","networks",22,0.956521739130435,"methods + networks: 22 co-occurrences","#cccccc"
"analysis","develop",21,0.923913043478261,"analysis + develop: 21 co-occurrences","#cccccc"
"artificial","cells",21,0.923913043478261,"artificial + cells: 21 co-occurrences","#cccccc"
"artificial","protein",21,0.923913043478261,"artificial + protein: 21 co-occurrences","#cccccc"
"cell","learning",21,0.923913043478261,"cell + learning: 21 co-occurrences","#cccccc"
"cells","intelligence",21,0.923913043478261,"cells + intelligence: 21 co-occurrences","#cccccc"
"cells","process",21,0.923913043478261,"cells + process: 21 co-occurrences","#cccccc"
"clinical","health",21,0.923913043478261,"clinical + health: 21 co-occurrences","#cccccc"
"clinical","medical",21,0.923913043478261,"clinical + medical: 21 co-occurrences","#cccccc"
"clinical","patients",21,0.923913043478261,"clinical + patients: 21 co-occurrences","#cccccc"
"complex","methods",21,0.923913043478261,"complex + methods: 21 co-occurrences","#cccccc"
"computational","materials",21,0.923913043478261,"computational + materials: 21 co-occurrences","#cccccc"
"cost","learning",21,0.923913043478261,"cost + learning: 21 co-occurrences","#cccccc"
"develop","disease",21,0.923913043478261,"develop + disease: 21 co-occurrences","#cccccc"
"development","future",21,0.923913043478261,"development + future: 21 co-occurrences","#cccccc"
"diabetes","obesity",21,0.923913043478261,"diabetes + obesity: 21 co-occurrences","#cccccc"
"diabetes","patients",21,0.923913043478261,"diabetes + patients: 21 co-occurrences","#cccccc"
"diseases","understanding",21,0.923913043478261,"diseases + understanding: 21 co-occurrences","#cccccc"
"effective","screening",21,0.923913043478261,"effective + screening: 21 co-occurrences","#cccccc"
"energy","intelligence",21,0.923913043478261,"energy + intelligence: 21 co-occurrences","#cccccc"
"health","improve",21,0.923913043478261,"health + improve: 21 co-occurrences","#cccccc"
"health","treatment",21,0.923913043478261,"health + treatment: 21 co-occurrences","#cccccc"
"improve","patient",21,0.923913043478261,"improve + patient: 21 co-occurrences","#cccccc"
"intelligence","models",21,0.923913043478261,"intelligence + models: 21 co-occurrences","#cccccc"
"intelligence","protein",21,0.923913043478261,"intelligence + protein: 21 co-occurrences","#cccccc"
"learning","quantum",21,0.923913043478261,"learning + quantum: 21 co-occurrences","#cccccc"
"learning","specific",21,0.923913043478261,"learning + specific: 21 co-occurrences","#cccccc"
"learning","understanding",21,0.923913043478261,"learning + understanding: 21 co-occurrences","#cccccc"
"machine","researchers",21,0.923913043478261,"machine + researchers: 21 co-occurrences","#cccccc"
"screening","time",21,0.923913043478261,"screening + time: 21 co-occurrences","#cccccc"
"aims","machine",20,0.891304347826087,"aims + machine: 20 co-occurrences","#cccccc"
"algorithms","science",20,0.891304347826087,"algorithms + science: 20 co-occurrences","#cccccc"
"applications","machine",20,0.891304347826087,"applications + machine: 20 co-occurrences","#cccccc"
"artificial","human",20,0.891304347826087,"artificial + human: 20 co-occurrences","#cccccc"
"biology","cells",20,0.891304347826087,"biology + cells: 20 co-occurrences","#cccccc"
"cell","process",20,0.891304347826087,"cell + process: 20 co-occurrences","#cccccc"
"cells","learning",20,0.891304347826087,"cells + learning: 20 co-occurrences","#cccccc"
"cells","structures",20,0.891304347826087,"cells + structures: 20 co-occurrences","#cccccc"
"cells","understand",20,0.891304347826087,"cells + understand: 20 co-occurrences","#cccccc"
"develop","food",20,0.891304347826087,"develop + food: 20 co-occurrences","#cccccc"
"develop","treatment",20,0.891304347826087,"develop + treatment: 20 co-occurrences","#cccccc"
"development","immune",20,0.891304347826087,"development + immune: 20 co-occurrences","#cccccc"
"development","methods",20,0.891304347826087,"development + methods: 20 co-occurrences","#cccccc"
"diabetes","health",20,0.891304347826087,"diabetes + health: 20 co-occurrences","#cccccc"
"disease","learning",20,0.891304347826087,"disease + learning: 20 co-occurrences","#cccccc"
"disease","patient",20,0.891304347826087,"disease + patient: 20 co-occurrences","#cccccc"
"disease","shape",20,0.891304347826087,"disease + shape: 20 co-occurrences","#cccccc"
"energy","system",20,0.891304347826087,"energy + system: 20 co-occurrences","#cccccc"
"food","methods",20,0.891304347826087,"food + methods: 20 co-occurrences","#cccccc"
"future","health",20,0.891304347826087,"future + health: 20 co-occurrences","#cccccc"
"healthcare","models",20,0.891304347826087,"healthcare + models: 20 co-occurrences","#cccccc"
"human","intelligence",20,0.891304347826087,"human + intelligence: 20 co-occurrences","#cccccc"
"human","methods",20,0.891304347826087,"human + methods: 20 co-occurrences","#cccccc"
"immune","understanding",20,0.891304347826087,"immune + understanding: 20 co-occurrences","#cccccc"
"individuals","obesity",20,0.891304347826087,"individuals + obesity: 20 co-occurrences","#cccccc"
"lead","methods",20,0.891304347826087,"lead + methods: 20 co-occurrences","#cccccc"
"learning","patient",20,0.891304347826087,"learning + patient: 20 co-occurrences","#cccccc"
"learning","structures",20,0.891304347826087,"learning + structures: 20 co-occurrences","#cccccc"
"network","social",20,0.891304347826087,"network + social: 20 co-occurrences","#cccccc"
"networks","properties",20,0.891304347826087,"networks + properties: 20 co-occurrences","#cccccc"
"quality","system",20,0.891304347826087,"quality + system: 20 co-occurrences","#cccccc"
"science","scientific",20,0.891304347826087,"science + scientific: 20 co-occurrences","#cccccc"
"advanced","disease",19,0.858695652173913,"advanced + disease: 19 co-occurrences","#cccccc"
"aims","develop",19,0.858695652173913,"aims + develop: 19 co-occurrences","#cccccc"
"algorithms","machine",19,0.858695652173913,"algorithms + machine: 19 co-occurrences","#cccccc"
"analysis","learning",19,0.858695652173913,"analysis + learning: 19 co-occurrences","#cccccc"
"analysis","methods",19,0.858695652173913,"analysis + methods: 19 co-occurrences","#cccccc"
"approach","cancer",19,0.858695652173913,"approach + cancer: 19 co-occurrences","#cccccc"
"artificial","life",19,0.858695652173913,"artificial + life: 19 co-occurrences","#cccccc"
"artificial","screening",19,0.858695652173913,"artificial + screening: 19 co-occurrences","#cccccc"
"care","individuals",19,0.858695652173913,"care + individuals: 19 co-occurrences","#cccccc"
"cell","specific",19,0.858695652173913,"cell + specific: 19 co-occurrences","#cccccc"
"complex","machine",19,0.858695652173913,"complex + machine: 19 co-occurrences","#cccccc"
"current","learning",19,0.858695652173913,"current + learning: 19 co-occurrences","#cccccc"
"current","methods",19,0.858695652173913,"current + methods: 19 co-occurrences","#cccccc"
"deep","time",19,0.858695652173913,"deep + time: 19 co-occurrences","#cccccc"
"develop","human",19,0.858695652173913,"develop + human: 19 co-occurrences","#cccccc"
"develop","understanding",19,0.858695652173913,"develop + understanding: 19 co-occurrences","#cccccc"
"disease","mechanisms",19,0.858695652173913,"disease + mechanisms: 19 co-occurrences","#cccccc"
"disease","system",19,0.858695652173913,"disease + system: 19 co-occurrences","#cccccc"
"disease","understanding",19,0.858695652173913,"disease + understanding: 19 co-occurrences","#cccccc"
"diseases","life",19,0.858695652173913,"diseases + life: 19 co-occurrences","#cccccc"
"driven","patient",19,0.858695652173913,"driven + patient: 19 co-occurrences","#cccccc"
"health","tools",19,0.858695652173913,"health + tools: 19 co-occurrences","#cccccc"
"human","machine",19,0.858695652173913,"human + machine: 19 co-occurrences","#cccccc"
"images","science",19,0.858695652173913,"images + science: 19 co-occurrences","#cccccc"
"intelligence","life",19,0.858695652173913,"intelligence + life: 19 co-occurrences","#cccccc"
"intelligence","screening",19,0.858695652173913,"intelligence + screening: 19 co-occurrences","#cccccc"
"knowledge","learning",19,0.858695652173913,"knowledge + learning: 19 co-occurrences","#cccccc"
"learning","privacy",19,0.858695652173913,"learning + privacy: 19 co-occurrences","#cccccc"
"life","methods",19,0.858695652173913,"life + methods: 19 co-occurrences","#cccccc"
"machine","systems",19,0.858695652173913,"machine + systems: 19 co-occurrences","#cccccc"
"machine","techniques",19,0.858695652173913,"machine + techniques: 19 co-occurrences","#cccccc"
"methods","researchers",19,0.858695652173913,"methods + researchers: 19 co-occurrences","#cccccc"
"models","risk",19,0.858695652173913,"models + risk: 19 co-occurrences","#cccccc"
"models","shape",19,0.858695652173913,"models + shape: 19 co-occurrences","#cccccc"
"network","networks",19,0.858695652173913,"network + networks: 19 co-occurrences","#cccccc"
"patient","treatment",19,0.858695652173913,"patient + treatment: 19 co-occurrences","#cccccc"
"relevant","science",19,0.858695652173913,"relevant + science: 19 co-occurrences","#cccccc"
"science","tools",19,0.858695652173913,"science + tools: 19 co-occurrences","#cccccc"
"scientists","tools",19,0.858695652173913,"scientists + tools: 19 co-occurrences","#cccccc"
"analysis","diseases",18,0.826086956521739,"analysis + diseases: 18 co-occurrences","#cccccc"
"analysis","shape",18,0.826086956521739,"analysis + shape: 18 co-occurrences","#cccccc"
"analysis","understanding",18,0.826086956521739,"analysis + understanding: 18 co-occurrences","#cccccc"
"approaches","learning",18,0.826086956521739,"approaches + learning: 18 co-occurrences","#cccccc"
"artificial","proteins",18,0.826086956521739,"artificial + proteins: 18 co-occurrences","#cccccc"
"artificial","science",18,0.826086956521739,"artificial + science: 18 co-occurrences","#cccccc"
"artificial","understanding",18,0.826086956521739,"artificial + understanding: 18 co-occurrences","#cccccc"
"cancer","method",18,0.826086956521739,"cancer + method: 18 co-occurrences","#cccccc"
"care","patient",18,0.826086956521739,"care + patient: 18 co-occurrences","#cccccc"
"cell","structures",18,0.826086956521739,"cell + structures: 18 co-occurrences","#cccccc"
"cells","disease",18,0.826086956521739,"cells + disease: 18 co-occurrences","#cccccc"
"cells","diseases",18,0.826086956521739,"cells + diseases: 18 co-occurrences","#cccccc"
"cells","mechanisms",18,0.826086956521739,"cells + mechanisms: 18 co-occurrences","#cccccc"
"control","quantum",18,0.826086956521739,"control + quantum: 18 co-occurrences","#cccccc"
"deep","networks",18,0.826086956521739,"deep + networks: 18 co-occurrences","#cccccc"
"design","materials",18,0.826086956521739,"design + materials: 18 co-occurrences","#cccccc"
"develop","patients",18,0.826086956521739,"develop + patients: 18 co-occurrences","#cccccc"
"diseases","science",18,0.826086956521739,"diseases + science: 18 co-occurrences","#cccccc"
"fields","learning",18,0.826086956521739,"fields + learning: 18 co-occurrences","#cccccc"
"food","plant",18,0.826086956521739,"food + plant: 18 co-occurrences","#cccccc"
"human","risk",18,0.826086956521739,"human + risk: 18 co-occurrences","#cccccc"
"human","understanding",18,0.826086956521739,"human + understanding: 18 co-occurrences","#cccccc"
"identify","learning",18,0.826086956521739,"identify + learning: 18 co-occurrences","#cccccc"
"individuals","risk",18,0.826086956521739,"individuals + risk: 18 co-occurrences","#cccccc"
"individuals","social",18,0.826086956521739,"individuals + social: 18 co-occurrences","#cccccc"
"information","machine",18,0.826086956521739,"information + machine: 18 co-occurrences","#cccccc"
"information","patient",18,0.826086956521739,"information + patient: 18 co-occurrences","#cccccc"
"information","risk",18,0.826086956521739,"information + risk: 18 co-occurrences","#cccccc"
"intelligence","proteins",18,0.826086956521739,"intelligence + proteins: 18 co-occurrences","#cccccc"
"intelligence","understanding",18,0.826086956521739,"intelligence + understanding: 18 co-occurrences","#cccccc"
"learning","predict",18,0.826086956521739,"learning + predict: 18 co-occurrences","#cccccc"
"learning","recent",18,0.826086956521739,"learning + recent: 18 co-occurrences","#cccccc"
"learning","structure",18,0.826086956521739,"learning + structure: 18 co-occurrences","#cccccc"
"learning","systems",18,0.826086956521739,"learning + systems: 18 co-occurrences","#cccccc"
"learning","treatment",18,0.826086956521739,"learning + treatment: 18 co-occurrences","#cccccc"
"machine","patient",18,0.826086956521739,"machine + patient: 18 co-occurrences","#cccccc"
"machine","quantum",18,0.826086956521739,"machine + quantum: 18 co-occurrences","#cccccc"
"materials","quantum",18,0.826086956521739,"materials + quantum: 18 co-occurrences","#cccccc"
"patient","system",18,0.826086956521739,"patient + system: 18 co-occurrences","#cccccc"
"patients","treatment",18,0.826086956521739,"patients + treatment: 18 co-occurrences","#cccccc"
"researchers","tools",18,0.826086956521739,"researchers + tools: 18 co-occurrences","#cccccc"
"science","world",18,0.826086956521739,"science + world: 18 co-occurrences","#cccccc"
"social","structures",18,0.826086956521739,"social + structures: 18 co-occurrences","#cccccc"
"social","understanding",18,0.826086956521739,"social + understanding: 18 co-occurrences","#cccccc"
"advanced","learning",17,0.793478260869565,"advanced + learning: 17 co-occurrences","#cccccc"
"analysis","plant",17,0.793478260869565,"analysis + plant: 17 co-occurrences","#cccccc"
"artificial","future",17,0.793478260869565,"artificial + future: 17 co-occurrences","#cccccc"
"artificial","systems",17,0.793478260869565,"artificial + systems: 17 co-occurrences","#cccccc"
"artificial","tools",17,0.793478260869565,"artificial + tools: 17 co-occurrences","#cccccc"
"artificial","treatment",17,0.793478260869565,"artificial + treatment: 17 co-occurrences","#cccccc"
"biology","learning",17,0.793478260869565,"biology + learning: 17 co-occurrences","#cccccc"
"cancer","cell",17,0.793478260869565,"cancer + cell: 17 co-occurrences","#cccccc"
"cancer","learning",17,0.793478260869565,"cancer + learning: 17 co-occurrences","#cccccc"
"cancer","understand",17,0.793478260869565,"cancer + understand: 17 co-occurrences","#cccccc"
"cell","predict",17,0.793478260869565,"cell + predict: 17 co-occurrences","#cccccc"
"cell","proteins",17,0.793478260869565,"cell + proteins: 17 co-occurrences","#cccccc"
"cells","genetic",17,0.793478260869565,"cells + genetic: 17 co-occurrences","#cccccc"
"cells","individual",17,0.793478260869565,"cells + individual: 17 co-occurrences","#cccccc"
"cells","molecular",17,0.793478260869565,"cells + molecular: 17 co-occurrences","#cccccc"
"challenges","materials",17,0.793478260869565,"challenges + materials: 17 co-occurrences","#cccccc"
"clinical","system",17,0.793478260869565,"clinical + system: 17 co-occurrences","#cccccc"
"clinical","time",17,0.793478260869565,"clinical + time: 17 co-occurrences","#cccccc"
"computational","tools",17,0.793478260869565,"computational + tools: 17 co-occurrences","#cccccc"
"develop","researchers",17,0.793478260869565,"develop + researchers: 17 co-occurrences","#cccccc"
"development","machine",17,0.793478260869565,"development + machine: 17 co-occurrences","#cccccc"
"diabetes","mechanisms",17,0.793478260869565,"diabetes + mechanisms: 17 co-occurrences","#cccccc"
"disease","life",17,0.793478260869565,"disease + life: 17 co-occurrences","#cccccc"
"disease","machine",17,0.793478260869565,"disease + machine: 17 co-occurrences","#cccccc"
"diseases","genetic",17,0.793478260869565,"diseases + genetic: 17 co-occurrences","#cccccc"
"focus","science",17,0.793478260869565,"focus + science: 17 co-occurrences","#cccccc"
"future","learning",17,0.793478260869565,"future + learning: 17 co-occurrences","#cccccc"
"genetic","machine",17,0.793478260869565,"genetic + machine: 17 co-occurrences","#cccccc"
"health","human",17,0.793478260869565,"health + human: 17 co-occurrences","#cccccc"
"health","medicine",17,0.793478260869565,"health + medicine: 17 co-occurrences","#cccccc"
"health","technology",17,0.793478260869565,"health + technology: 17 co-occurrences","#cccccc"
"identify","methods",17,0.793478260869565,"identify + methods: 17 co-occurrences","#cccccc"
"images","methods",17,0.793478260869565,"images + methods: 17 co-occurrences","#cccccc"
"imaging","science",17,0.793478260869565,"imaging + science: 17 co-occurrences","#cccccc"
"impact","learning",17,0.793478260869565,"impact + learning: 17 co-occurrences","#cccccc"
"improve","system",17,0.793478260869565,"improve + system: 17 co-occurrences","#cccccc"
"intelligence","science",17,0.793478260869565,"intelligence + science: 17 co-occurrences","#cccccc"
"intelligence","systems",17,0.793478260869565,"intelligence + systems: 17 co-occurrences","#cccccc"
"intelligence","tools",17,0.793478260869565,"intelligence + tools: 17 co-occurrences","#cccccc"
"intelligence","treatment",17,0.793478260869565,"intelligence + treatment: 17 co-occurrences","#cccccc"
"knowledge","science",17,0.793478260869565,"knowledge + science: 17 co-occurrences","#cccccc"
"lead","learning",17,0.793478260869565,"lead + learning: 17 co-occurrences","#cccccc"
"learning","risk",17,0.793478260869565,"learning + risk: 17 co-occurrences","#cccccc"
"learning","scale",17,0.793478260869565,"learning + scale: 17 co-occurrences","#cccccc"
"machine","medical",17,0.793478260869565,"machine + medical: 17 co-occurrences","#cccccc"
"machine","networks",17,0.793478260869565,"machine + networks: 17 co-occurrences","#cccccc"
"medical","patient",17,0.793478260869565,"medical + patient: 17 co-occurrences","#cccccc"
"method","methods",17,0.793478260869565,"method + methods: 17 co-occurrences","#cccccc"
"models","time",17,0.793478260869565,"models + time: 17 co-occurrences","#cccccc"
"networks","structures",17,0.793478260869565,"networks + structures: 17 co-occurrences","#cccccc"
"patients","screening",17,0.793478260869565,"patients + screening: 17 co-occurrences","#cccccc"
"prediction","risk",17,0.793478260869565,"prediction + risk: 17 co-occurrences","#cccccc"
"advanced","machine",16,0.760869565217391,"advanced + machine: 16 co-occurrences","#cccccc"
"advanced","risk",16,0.760869565217391,"advanced + risk: 16 co-occurrences","#cccccc"
"aims","tools",16,0.760869565217391,"aims + tools: 16 co-occurrences","#cccccc"
"algorithms","privacy",16,0.760869565217391,"algorithms + privacy: 16 co-occurrences","#cccccc"
"applications","science",16,0.760869565217391,"applications + science: 16 co-occurrences","#cccccc"
"approaches","risk",16,0.760869565217391,"approaches + risk: 16 co-occurrences","#cccccc"
"artificial","improve",16,0.760869565217391,"artificial + improve: 16 co-occurrences","#cccccc"
"artificial","patient",16,0.760869565217391,"artificial + patient: 16 co-occurrences","#cccccc"
"artificial","researchers",16,0.760869565217391,"artificial + researchers: 16 co-occurrences","#cccccc"
"artificial","system",16,0.760869565217391,"artificial + system: 16 co-occurrences","#cccccc"
"biology","science",16,0.760869565217391,"biology + science: 16 co-occurrences","#cccccc"
"brain","diabetes",16,0.760869565217391,"brain + diabetes: 16 co-occurrences","#cccccc"
"care","system",16,0.760869565217391,"care + system: 16 co-occurrences","#cccccc"
"cell","mutations",16,0.760869565217391,"cell + mutations: 16 co-occurrences","#cccccc"
"challenges","methods",16,0.760869565217391,"challenges + methods: 16 co-occurrences","#cccccc"
"clinical","treatment",16,0.760869565217391,"clinical + treatment: 16 co-occurrences","#cccccc"
"computational","scientists",16,0.760869565217391,"computational + scientists: 16 co-occurrences","#cccccc"
"develop","future",16,0.760869565217391,"develop + future: 16 co-occurrences","#cccccc"
"develop","improve",16,0.760869565217391,"develop + improve: 16 co-occurrences","#cccccc"
"develop","information",16,0.760869565217391,"develop + information: 16 co-occurrences","#cccccc"
"develop","patient",16,0.760869565217391,"develop + patient: 16 co-occurrences","#cccccc"
"disease","genetic",16,0.760869565217391,"disease + genetic: 16 co-occurrences","#cccccc"
"disease","global",16,0.760869565217391,"disease + global: 16 co-occurrences","#cccccc"
"disease","mutations",16,0.760869565217391,"disease + mutations: 16 co-occurrences","#cccccc"
"disease","time",16,0.760869565217391,"disease + time: 16 co-occurrences","#cccccc"
"diseases","treatment",16,0.760869565217391,"diseases + treatment: 16 co-occurrences","#cccccc"
"driven","methods",16,0.760869565217391,"driven + methods: 16 co-occurrences","#cccccc"
"drug","infrastructure",16,0.760869565217391,"drug + infrastructure: 16 co-occurrences","#cccccc"
"energy","focus",16,0.760869565217391,"energy + focus: 16 co-occurrences","#cccccc"
"existing","tools",16,0.760869565217391,"existing + tools: 16 co-occurrences","#cccccc"
"food","gene",16,0.760869565217391,"food + gene: 16 co-occurrences","#cccccc"
"future","intelligence",16,0.760869565217391,"future + intelligence: 16 co-occurrences","#cccccc"
"future","science",16,0.760869565217391,"future + science: 16 co-occurrences","#cccccc"
"future","understanding",16,0.760869565217391,"future + understanding: 16 co-occurrences","#cccccc"
"genetic","human",16,0.760869565217391,"genetic + human: 16 co-occurrences","#cccccc"
"health","infrastructure",16,0.760869565217391,"health + infrastructure: 16 co-occurrences","#cccccc"
"health","models",16,0.760869565217391,"health + models: 16 co-occurrences","#cccccc"
"health","obesity",16,0.760869565217391,"health + obesity: 16 co-occurrences","#cccccc"
"healthcare","learning",16,0.760869565217391,"healthcare + learning: 16 co-occurrences","#cccccc"
"imaging","learning",16,0.760869565217391,"imaging + learning: 16 co-occurrences","#cccccc"
"improve","intelligence",16,0.760869565217391,"improve + intelligence: 16 co-occurrences","#cccccc"
"information","methods",16,0.760869565217391,"information + methods: 16 co-occurrences","#cccccc"
"information","treatment",16,0.760869565217391,"information + treatment: 16 co-occurrences","#cccccc"
"infrastructure","tools",16,0.760869565217391,"infrastructure + tools: 16 co-occurrences","#cccccc"
"intelligence","patient",16,0.760869565217391,"intelligence + patient: 16 co-occurrences","#cccccc"
"intelligence","researchers",16,0.760869565217391,"intelligence + researchers: 16 co-occurrences","#cccccc"
"intelligence","system",16,0.760869565217391,"intelligence + system: 16 co-occurrences","#cccccc"
"investigate","risk",16,0.760869565217391,"investigate + risk: 16 co-occurrences","#cccccc"
"leading","science",16,0.760869565217391,"leading + science: 16 co-occurrences","#cccccc"
"learning","materials",16,0.760869565217391,"learning + materials: 16 co-occurrences","#cccccc"
"life","proteins",16,0.760869565217391,"life + proteins: 16 co-occurrences","#cccccc"
"life","risk",16,0.760869565217391,"life + risk: 16 co-occurrences","#cccccc"
"machine","privacy",16,0.760869565217391,"machine + privacy: 16 co-occurrences","#cccccc"
"materials","techniques",16,0.760869565217391,"materials + techniques: 16 co-occurrences","#cccccc"
"mechanisms","obesity",16,0.760869565217391,"mechanisms + obesity: 16 co-occurrences","#cccccc"
"medical","methods",16,0.760869565217391,"medical + methods: 16 co-occurrences","#cccccc"
"methods","patients",16,0.760869565217391,"methods + patients: 16 co-occurrences","#cccccc"
"methods","specific",16,0.760869565217391,"methods + specific: 16 co-occurrences","#cccccc"
"methods","world",16,0.760869565217391,"methods + world: 16 co-occurrences","#cccccc"
"networks","quantum",16,0.760869565217391,"networks + quantum: 16 co-occurrences","#cccccc"
"patient","risk",16,0.760869565217391,"patient + risk: 16 co-occurrences","#cccccc"
"risk","role",16,0.760869565217391,"risk + role: 16 co-occurrences","#cccccc"
"screening","tools",16,0.760869565217391,"screening + tools: 16 co-occurrences","#cccccc"
"tools","world",16,0.760869565217391,"tools + world: 16 co-occurrences","#cccccc"
"aims","methods",15,0.728260869565217,"aims + methods: 15 co-occurrences","#cccccc"
"aims","science",15,0.728260869565217,"aims + science: 15 co-occurrences","#cccccc"
"analysis","tools",15,0.728260869565217,"analysis + tools: 15 co-occurrences","#cccccc"
"artificial","clinical",15,0.728260869565217,"artificial + clinical: 15 co-occurrences","#cccccc"
"artificial","technology",15,0.728260869565217,"artificial + technology: 15 co-occurrences","#cccccc"
"biological","cell",15,0.728260869565217,"biological + cell: 15 co-occurrences","#cccccc"
"carbon","global",15,0.728260869565217,"carbon + global: 15 co-occurrences","#cccccc"
"care","patients",15,0.728260869565217,"care + patients: 15 co-occurrences","#cccccc"
"cell","understanding",15,0.728260869565217,"cell + understanding: 15 co-occurrences","#cccccc"
"cells","develop",15,0.728260869565217,"cells + develop: 15 co-occurrences","#cccccc"
"cells","development",15,0.728260869565217,"cells + development: 15 co-occurrences","#cccccc"
"cells","gene",15,0.728260869565217,"cells + gene: 15 co-occurrences","#cccccc"
"challenges","develop",15,0.728260869565217,"challenges + develop: 15 co-occurrences","#cccccc"
"clinical","intelligence",15,0.728260869565217,"clinical + intelligence: 15 co-occurrences","#cccccc"
"crop","disease",15,0.728260869565217,"crop + disease: 15 co-occurrences","#cccccc"
"develop","mechanisms",15,0.728260869565217,"develop + mechanisms: 15 co-occurrences","#cccccc"
"develop","medical",15,0.728260869565217,"develop + medical: 15 co-occurrences","#cccccc"
"develop","system",15,0.728260869565217,"develop + system: 15 co-occurrences","#cccccc"
"diabetes","models",15,0.728260869565217,"diabetes + models: 15 co-occurrences","#cccccc"
"digital","science",15,0.728260869565217,"digital + science: 15 co-occurrences","#cccccc"
"disease","identify",15,0.728260869565217,"disease + identify: 15 co-occurrences","#cccccc"
"driven","materials",15,0.728260869565217,"driven + materials: 15 co-occurrences","#cccccc"
"environmental","health",15,0.728260869565217,"environmental + health: 15 co-occurrences","#cccccc"
"existing","screening",15,0.728260869565217,"existing + screening: 15 co-occurrences","#cccccc"
"expertise","learning",15,0.728260869565217,"expertise + learning: 15 co-occurrences","#cccccc"
"expertise","science",15,0.728260869565217,"expertise + science: 15 co-occurrences","#cccccc"
"fundamental","science",15,0.728260869565217,"fundamental + science: 15 co-occurrences","#cccccc"
"future","improve",15,0.728260869565217,"future + improve: 15 co-occurrences","#cccccc"
"gene","genes",15,0.728260869565217,"gene + genes: 15 co-occurrences","#cccccc"
"health","images",15,0.728260869565217,"health + images: 15 co-occurrences","#cccccc"
"health","understanding",15,0.728260869565217,"health + understanding: 15 co-occurrences","#cccccc"
"healthcare","system",15,0.728260869565217,"healthcare + system: 15 co-occurrences","#cccccc"
"human","tools",15,0.728260869565217,"human + tools: 15 co-occurrences","#cccccc"
"impact","machine",15,0.728260869565217,"impact + machine: 15 co-occurrences","#cccccc"
"improve","learning",15,0.728260869565217,"improve + learning: 15 co-occurrences","#cccccc"
"information","time",15,0.728260869565217,"information + time: 15 co-occurrences","#cccccc"
"investigate","learning",15,0.728260869565217,"investigate + learning: 15 co-occurrences","#cccccc"
"knowledge","risk",15,0.728260869565217,"knowledge + risk: 15 co-occurrences","#cccccc"
"knowledge","systems",15,0.728260869565217,"knowledge + systems: 15 co-occurrences","#cccccc"
"lead","networks",15,0.728260869565217,"lead + networks: 15 co-occurrences","#cccccc"
"learning","life",15,0.728260869565217,"learning + life: 15 co-occurrences","#cccccc"
"learning","potential",15,0.728260869565217,"learning + potential: 15 co-occurrences","#cccccc"
"learning","process",15,0.728260869565217,"learning + process: 15 co-occurrences","#cccccc"
"learning","protein",15,0.728260869565217,"learning + protein: 15 co-occurrences","#cccccc"
"learning","proteins",15,0.728260869565217,"learning + proteins: 15 co-occurrences","#cccccc"
"learning","shape",15,0.728260869565217,"learning + shape: 15 co-occurrences","#cccccc"
"machine","understanding",15,0.728260869565217,"machine + understanding: 15 co-occurrences","#cccccc"
"major","tools",15,0.728260869565217,"major + tools: 15 co-occurrences","#cccccc"
"materials","sustainable",15,0.728260869565217,"materials + sustainable: 15 co-occurrences","#cccccc"
"methods","patient",15,0.728260869565217,"methods + patient: 15 co-occurrences","#cccccc"
"methods","structures",15,0.728260869565217,"methods + structures: 15 co-occurrences","#cccccc"
"model","treatment",15,0.728260869565217,"model + treatment: 15 co-occurrences","#cccccc"
"patient","science",15,0.728260869565217,"patient + science: 15 co-occurrences","#cccccc"
"potential","science",15,0.728260869565217,"potential + science: 15 co-occurrences","#cccccc"
"predict","protein",15,0.728260869565217,"predict + protein: 15 co-occurrences","#cccccc"
"process","scale",15,0.728260869565217,"process + scale: 15 co-occurrences","#cccccc"
"proteins","understand",15,0.728260869565217,"proteins + understand: 15 co-occurrences","#cccccc"
"researchers","scientists",15,0.728260869565217,"researchers + scientists: 15 co-occurrences","#cccccc"
"systems","understanding",15,0.728260869565217,"systems + understanding: 15 co-occurrences","#cccccc"
"aims","artificial",14,0.695652173913043,"aims + artificial: 14 co-occurrences","#cccccc"
"aims","intelligence",14,0.695652173913043,"aims + intelligence: 14 co-occurrences","#cccccc"
"aims","risk",14,0.695652173913043,"aims + risk: 14 co-occurrences","#cccccc"
"analysis","brain",14,0.695652173913043,"analysis + brain: 14 co-occurrences","#cccccc"
"artificial","risk",14,0.695652173913043,"artificial + risk: 14 co-occurrences","#cccccc"
"artificial","time",14,0.695652173913043,"artificial + time: 14 co-occurrences","#cccccc"
"biology","machine",14,0.695652173913043,"biology + machine: 14 co-occurrences","#cccccc"
"cancer","machine",14,0.695652173913043,"cancer + machine: 14 co-occurrences","#cccccc"
"cancer","patients",14,0.695652173913043,"cancer + patients: 14 co-occurrences","#cccccc"
"cancer","tools",14,0.695652173913043,"cancer + tools: 14 co-occurrences","#cccccc"
"cell","life",14,0.695652173913043,"cell + life: 14 co-occurrences","#cccccc"
"cell","machine",14,0.695652173913043,"cell + machine: 14 co-occurrences","#cccccc"
"cells","machine",14,0.695652173913043,"cells + machine: 14 co-occurrences","#cccccc"
"clinical","development",14,0.695652173913043,"clinical + development: 14 co-occurrences","#cccccc"
"clinical","diseases",14,0.695652173913043,"clinical + diseases: 14 co-occurrences","#cccccc"
"clinical","researchers",14,0.695652173913043,"clinical + researchers: 14 co-occurrences","#cccccc"
"clinical","science",14,0.695652173913043,"clinical + science: 14 co-occurrences","#cccccc"
"clinical","understanding",14,0.695652173913043,"clinical + understanding: 14 co-occurrences","#cccccc"
"computer","learning",14,0.695652173913043,"computer + learning: 14 co-occurrences","#cccccc"
"copenhagen","science",14,0.695652173913043,"copenhagen + science: 14 co-occurrences","#cccccc"
"cost","effective",14,0.695652173913043,"cost + effective: 14 co-occurrences","#cccccc"
"create","health",14,0.695652173913043,"create + health: 14 co-occurrences","#cccccc"
"cutting","immune",14,0.695652173913043,"cutting + immune: 14 co-occurrences","#cccccc"
"design","learning",14,0.695652173913043,"design + learning: 14 co-occurrences","#cccccc"
"develop","genetic",14,0.695652173913043,"develop + genetic: 14 co-occurrences","#cccccc"
"develop","identify",14,0.695652173913043,"develop + identify: 14 co-occurrences","#cccccc"
"development","disease",14,0.695652173913043,"development + disease: 14 co-occurrences","#cccccc"
"development","potential",14,0.695652173913043,"development + potential: 14 co-occurrences","#cccccc"
"development","risk",14,0.695652173913043,"development + risk: 14 co-occurrences","#cccccc"
"digital","tools",14,0.695652173913043,"digital + tools: 14 co-occurrences","#cccccc"
"disease","improve",14,0.695652173913043,"disease + improve: 14 co-occurrences","#cccccc"
"diseases","individuals",14,0.695652173913043,"diseases + individuals: 14 co-occurrences","#cccccc"
"diseases","proteins",14,0.695652173913043,"diseases + proteins: 14 co-occurrences","#cccccc"
"diseases","tools",14,0.695652173913043,"diseases + tools: 14 co-occurrences","#cccccc"
"drug","methods",14,0.695652173913043,"drug + methods: 14 co-occurrences","#cccccc"
"drug","understand",14,0.695652173913043,"drug + understand: 14 co-occurrences","#cccccc"
"food","life",14,0.695652173913043,"food + life: 14 co-occurrences","#cccccc"
"future","machine",14,0.695652173913043,"future + machine: 14 co-occurrences","#cccccc"
"genetic","mutations",14,0.695652173913043,"genetic + mutations: 14 co-occurrences","#cccccc"
"goal","learning",14,0.695652173913043,"goal + learning: 14 co-occurrences","#cccccc"
"health","individual",14,0.695652173913043,"health + individual: 14 co-occurrences","#cccccc"
"health","knowledge",14,0.695652173913043,"health + knowledge: 14 co-occurrences","#cccccc"
"health","specific",14,0.695652173913043,"health + specific: 14 co-occurrences","#cccccc"
"human","identify",14,0.695652173913043,"human + identify: 14 co-occurrences","#cccccc"
"human","models",14,0.695652173913043,"human + models: 14 co-occurrences","#cccccc"
"identify","screening",14,0.695652173913043,"identify + screening: 14 co-occurrences","#cccccc"
"identify","time",14,0.695652173913043,"identify + time: 14 co-occurrences","#cccccc"
"images","medical",14,0.695652173913043,"images + medical: 14 co-occurrences","#cccccc"
"immune","individual",14,0.695652173913043,"immune + individual: 14 co-occurrences","#cccccc"
"improve","science",14,0.695652173913043,"improve + science: 14 co-occurrences","#cccccc"
"information","real",14,0.695652173913043,"information + real: 14 co-occurrences","#cccccc"
"information","systems",14,0.695652173913043,"information + systems: 14 co-occurrences","#cccccc"
"infrastructure","science",14,0.695652173913043,"infrastructure + science: 14 co-occurrences","#cccccc"
"intelligence","risk",14,0.695652173913043,"intelligence + risk: 14 co-occurrences","#cccccc"
"intelligence","time",14,0.695652173913043,"intelligence + time: 14 co-occurrences","#cccccc"
"knowledge","machine",14,0.695652173913043,"knowledge + machine: 14 co-occurrences","#cccccc"
"knowledge","tools",14,0.695652173913043,"knowledge + tools: 14 co-occurrences","#cccccc"
"life","machine",14,0.695652173913043,"life + machine: 14 co-occurrences","#cccccc"
"machine","predict",14,0.695652173913043,"machine + predict: 14 co-occurrences","#cccccc"
"machine","process",14,0.695652173913043,"machine + process: 14 co-occurrences","#cccccc"
"mechanisms","methods",14,0.695652173913043,"mechanisms + methods: 14 co-occurrences","#cccccc"
"medical","time",14,0.695652173913043,"medical + time: 14 co-occurrences","#cccccc"
"medical","treatment",14,0.695652173913043,"medical + treatment: 14 co-occurrences","#cccccc"
"medicine","science",14,0.695652173913043,"medicine + science: 14 co-occurrences","#cccccc"
"models","process",14,0.695652173913043,"models + process: 14 co-occurrences","#cccccc"
"models","tools",14,0.695652173913043,"models + tools: 14 co-occurrences","#cccccc"
"networks","systems",14,0.695652173913043,"networks + systems: 14 co-occurrences","#cccccc"
"patient","real",14,0.695652173913043,"patient + real: 14 co-occurrences","#cccccc"
"predict","proteins",14,0.695652173913043,"predict + proteins: 14 co-occurrences","#cccccc"
"predict","risk",14,0.695652173913043,"predict + risk: 14 co-occurrences","#cccccc"
"privacy","propose",14,0.695652173913043,"privacy + propose: 14 co-occurrences","#cccccc"
"privacy","science",14,0.695652173913043,"privacy + science: 14 co-occurrences","#cccccc"
"production","sustainable",14,0.695652173913043,"production + sustainable: 14 co-occurrences","#cccccc"
"properties","structure",14,0.695652173913043,"properties + structure: 14 co-occurrences","#cccccc"
"protein","understanding",14,0.695652173913043,"protein + understanding: 14 co-occurrences","#cccccc"
"proteins","structure",14,0.695652173913043,"proteins + structure: 14 co-occurrences","#cccccc"
"risk","world",14,0.695652173913043,"risk + world: 14 co-occurrences","#cccccc"
"screening","test",14,0.695652173913043,"screening + test: 14 co-occurrences","#cccccc"
"social","systems",14,0.695652173913043,"social + systems: 14 co-occurrences","#cccccc"
"aims","health",13,0.66304347826087,"aims + health: 13 co-occurrences","#cccccc"
"analysis","cells",13,0.66304347826087,"analysis + cells: 13 co-occurrences","#cccccc"
"analysis","disease",13,0.66304347826087,"analysis + disease: 13 co-occurrences","#cccccc"
"analysis","imaging",13,0.66304347826087,"analysis + imaging: 13 co-occurrences","#cccccc"
"analysis","machine",13,0.66304347826087,"analysis + machine: 13 co-occurrences","#cccccc"
"approach","cells",13,0.66304347826087,"approach + cells: 13 co-occurrences","#cccccc"
"approaches","machine",13,0.66304347826087,"approaches + machine: 13 co-occurrences","#cccccc"
"artificial","disease",13,0.66304347826087,"artificial + disease: 13 co-occurrences","#cccccc"
"artificial","food",13,0.66304347826087,"artificial + food: 13 co-occurrences","#cccccc"
"artificial","machine",13,0.66304347826087,"artificial + machine: 13 co-occurrences","#cccccc"
"bioinformatics","tools",13,0.66304347826087,"bioinformatics + tools: 13 co-occurrences","#cccccc"
"biological","methods",13,0.66304347826087,"biological + methods: 13 co-occurrences","#cccccc"
"biology","cell",13,0.66304347826087,"biology + cell: 13 co-occurrences","#cccccc"
"biology","molecular",13,0.66304347826087,"biology + molecular: 13 co-occurrences","#cccccc"
"cancer","disease",13,0.66304347826087,"cancer + disease: 13 co-occurrences","#cccccc"
"cancer","individual",13,0.66304347826087,"cancer + individual: 13 co-occurrences","#cccccc"
"cancer","patient",13,0.66304347826087,"cancer + patient: 13 co-occurrences","#cccccc"
"care","risk",13,0.66304347826087,"care + risk: 13 co-occurrences","#cccccc"
"cell","genes",13,0.66304347826087,"cell + genes: 13 co-occurrences","#cccccc"
"cells","life",13,0.66304347826087,"cells + life: 13 co-occurrences","#cccccc"
"cells","tool",13,0.66304347826087,"cells + tool: 13 co-occurrences","#cccccc"
"cells","tools",13,0.66304347826087,"cells + tools: 13 co-occurrences","#cccccc"
"cells","understanding",13,0.66304347826087,"cells + understanding: 13 co-occurrences","#cccccc"
"challenges","models",13,0.66304347826087,"challenges + models: 13 co-occurrences","#cccccc"
"challenges","systems",13,0.66304347826087,"challenges + systems: 13 co-occurrences","#cccccc"
"climate","future",13,0.66304347826087,"climate + future: 13 co-occurrences","#cccccc"
"clinical","risk",13,0.66304347826087,"clinical + risk: 13 co-occurrences","#cccccc"
"common","disease",13,0.66304347826087,"common + disease: 13 co-occurrences","#cccccc"
"copenhagen","learning",13,0.66304347826087,"copenhagen + learning: 13 co-occurrences","#cccccc"
"cost","develop",13,0.66304347826087,"cost + develop: 13 co-occurrences","#cccccc"
"cost","methods",13,0.66304347826087,"cost + methods: 13 co-occurrences","#cccccc"
"crop","diseases",13,0.66304347826087,"crop + diseases: 13 co-occurrences","#cccccc"
"crop","environmental",13,0.66304347826087,"crop + environmental: 13 co-occurrences","#cccccc"
"crop","global",13,0.66304347826087,"crop + global: 13 co-occurrences","#cccccc"
"deep","development",13,0.66304347826087,"deep + development: 13 co-occurrences","#cccccc"
"deep","models",13,0.66304347826087,"deep + models: 13 co-occurrences","#cccccc"
"design","protein",13,0.66304347826087,"design + protein: 13 co-occurrences","#cccccc"
"develop","driven",13,0.66304347826087,"develop + driven: 13 co-occurrences","#cccccc"
"develop","individuals",13,0.66304347826087,"develop + individuals: 13 co-occurrences","#cccccc"
"develop","shape",13,0.66304347826087,"develop + shape: 13 co-occurrences","#cccccc"
"develop","specific",13,0.66304347826087,"develop + specific: 13 co-occurrences","#cccccc"
"developed","learning",13,0.66304347826087,"developed + learning: 13 co-occurrences","#cccccc"
"development","tools",13,0.66304347826087,"development + tools: 13 co-occurrences","#cccccc"
"digital","machine",13,0.66304347826087,"digital + machine: 13 co-occurrences","#cccccc"
"disease","factors",13,0.66304347826087,"disease + factors: 13 co-occurrences","#cccccc"
"disease","intelligence",13,0.66304347826087,"disease + intelligence: 13 co-occurrences","#cccccc"
"diseases","information",13,0.66304347826087,"diseases + information: 13 co-occurrences","#cccccc"
"diseases","learning",13,0.66304347826087,"diseases + learning: 13 co-occurrences","#cccccc"
"diseases","mutations",13,0.66304347826087,"diseases + mutations: 13 co-occurrences","#cccccc"
"diseases","system",13,0.66304347826087,"diseases + system: 13 co-occurrences","#cccccc"
"diseases","time",13,0.66304347826087,"diseases + time: 13 co-occurrences","#cccccc"
"driven","systems",13,0.66304347826087,"driven + systems: 13 co-occurrences","#cccccc"
"drug","learning",13,0.66304347826087,"drug + learning: 13 co-occurrences","#cccccc"
"drug","machine",13,0.66304347826087,"drug + machine: 13 co-occurrences","#cccccc"
"environment","health",13,0.66304347826087,"environment + health: 13 co-occurrences","#cccccc"
"factors","genetic",13,0.66304347826087,"factors + genetic: 13 co-occurrences","#cccccc"
"food","intelligence",13,0.66304347826087,"food + intelligence: 13 co-occurrences","#cccccc"
"food","major",13,0.66304347826087,"food + major: 13 co-occurrences","#cccccc"
"fundamental","learning",13,0.66304347826087,"fundamental + learning: 13 co-occurrences","#cccccc"
"future","risk",13,0.66304347826087,"future + risk: 13 co-occurrences","#cccccc"
"future","tools",13,0.66304347826087,"future + tools: 13 co-occurrences","#cccccc"
"genetic","identify",13,0.66304347826087,"genetic + identify: 13 co-occurrences","#cccccc"
"genetic","obesity",13,0.66304347826087,"genetic + obesity: 13 co-occurrences","#cccccc"
"genetic","protein",13,0.66304347826087,"genetic + protein: 13 co-occurrences","#cccccc"
"health","proteins",13,0.66304347826087,"health + proteins: 13 co-occurrences","#cccccc"
"human","mutations",13,0.66304347826087,"human + mutations: 13 co-occurrences","#cccccc"
"identify","obesity",13,0.66304347826087,"identify + obesity: 13 co-occurrences","#cccccc"
"imaging","medical",13,0.66304347826087,"imaging + medical: 13 co-occurrences","#cccccc"
"imaging","tools",13,0.66304347826087,"imaging + tools: 13 co-occurrences","#cccccc"
"improve","methods",13,0.66304347826087,"improve + methods: 13 co-occurrences","#cccccc"
"improve","treatment",13,0.66304347826087,"improve + treatment: 13 co-occurrences","#cccccc"
"individual","life",13,0.66304347826087,"individual + life: 13 co-occurrences","#cccccc"
"individuals","models",13,0.66304347826087,"individuals + models: 13 co-occurrences","#cccccc"
"individuals","patients",13,0.66304347826087,"individuals + patients: 13 co-occurrences","#cccccc"
"individuals","specific",13,0.66304347826087,"individuals + specific: 13 co-occurrences","#cccccc"
"intelligence","machine",13,0.66304347826087,"intelligence + machine: 13 co-occurrences","#cccccc"
"knowledge","specific",13,0.66304347826087,"knowledge + specific: 13 co-occurrences","#cccccc"
"learning","mechanisms",13,0.66304347826087,"learning + mechanisms: 13 co-occurrences","#cccccc"
"learning","propose",13,0.66304347826087,"learning + propose: 13 co-occurrences","#cccccc"
"learning","scientists",13,0.66304347826087,"learning + scientists: 13 co-occurrences","#cccccc"
"learning","understand",13,0.66304347826087,"learning + understand: 13 co-occurrences","#cccccc"
"life","patients",13,0.66304347826087,"life + patients: 13 co-occurrences","#cccccc"
"machine","risk",13,0.66304347826087,"machine + risk: 13 co-occurrences","#cccccc"
"materials","methods",13,0.66304347826087,"materials + methods: 13 co-occurrences","#cccccc"
"materials","science",13,0.66304347826087,"materials + science: 13 co-occurrences","#cccccc"
"mechanisms","risk",13,0.66304347826087,"mechanisms + risk: 13 co-occurrences","#cccccc"
"medical","researchers",13,0.66304347826087,"medical + researchers: 13 co-occurrences","#cccccc"
"medical","scientists",13,0.66304347826087,"medical + scientists: 13 co-occurrences","#cccccc"
"method","protein",13,0.66304347826087,"method + protein: 13 co-occurrences","#cccccc"
"methods","understand",13,0.66304347826087,"methods + understand: 13 co-occurrences","#cccccc"
"mutations","understanding",13,0.66304347826087,"mutations + understanding: 13 co-occurrences","#cccccc"
"networks","understanding",13,0.66304347826087,"networks + understanding: 13 co-occurrences","#cccccc"
"potential","tools",13,0.66304347826087,"potential + tools: 13 co-occurrences","#cccccc"
"process","protein",13,0.66304347826087,"process + protein: 13 co-occurrences","#cccccc"
"process","time",13,0.66304347826087,"process + time: 13 co-occurrences","#cccccc"
"process","tools",13,0.66304347826087,"process + tools: 13 co-occurrences","#cccccc"
"process","understanding",13,0.66304347826087,"process + understanding: 13 co-occurrences","#cccccc"
"proteins","understanding",13,0.66304347826087,"proteins + understanding: 13 co-occurrences","#cccccc"
"real","time",13,0.66304347826087,"real + time: 13 co-occurrences","#cccccc"
"researchers","screening",13,0.66304347826087,"researchers + screening: 13 co-occurrences","#cccccc"
"results","risk",13,0.66304347826087,"results + risk: 13 co-occurrences","#cccccc"
"science","techniques",13,0.66304347826087,"science + techniques: 13 co-occurrences","#cccccc"
"science","treatment",13,0.66304347826087,"science + treatment: 13 co-occurrences","#cccccc"
"system","understanding",13,0.66304347826087,"system + understanding: 13 co-occurrences","#cccccc"
"tool","treatment",13,0.66304347826087,"tool + treatment: 13 co-occurrences","#cccccc"
"advanced","tools",12,0.630434782608696,"advanced + tools: 12 co-occurrences","#cccccc"
"aims","analysis",12,0.630434782608696,"aims + analysis: 12 co-occurrences","#cccccc"
"aims","knowledge",12,0.630434782608696,"aims + knowledge: 12 co-occurrences","#cccccc"
"aims","models",12,0.630434782608696,"aims + models: 12 co-occurrences","#cccccc"
"algorithms","challenges",12,0.630434782608696,"algorithms + challenges: 12 co-occurrences","#cccccc"
"analysis","image",12,0.630434782608696,"analysis + image: 12 co-occurrences","#cccccc"
"analysis","researchers",12,0.630434782608696,"analysis + researchers: 12 co-occurrences","#cccccc"
"applications","methods",12,0.630434782608696,"applications + methods: 12 co-occurrences","#cccccc"
"approaches","quality",12,0.630434782608696,"approaches + quality: 12 co-occurrences","#cccccc"
"artificial","computer",12,0.630434782608696,"artificial + computer: 12 co-occurrences","#cccccc"
"artificial","information",12,0.630434782608696,"artificial + information: 12 co-occurrences","#cccccc"
"artificial","patients",12,0.630434782608696,"artificial + patients: 12 co-occurrences","#cccccc"
"artificial","predict",12,0.630434782608696,"artificial + predict: 12 co-occurrences","#cccccc"
"artificial","structure",12,0.630434782608696,"artificial + structure: 12 co-occurrences","#cccccc"
"biological","model",12,0.630434782608696,"biological + model: 12 co-occurrences","#cccccc"
"biology","life",12,0.630434782608696,"biology + life: 12 co-occurrences","#cccccc"
"biology","methods",12,0.630434782608696,"biology + methods: 12 co-occurrences","#cccccc"
"biology","plant",12,0.630434782608696,"biology + plant: 12 co-occurrences","#cccccc"
"cancer","existing",12,0.630434782608696,"cancer + existing: 12 co-occurrences","#cccccc"
"cancer","health",12,0.630434782608696,"cancer + health: 12 co-occurrences","#cccccc"
"cancer","immune",12,0.630434782608696,"cancer + immune: 12 co-occurrences","#cccccc"
"cancer","major",12,0.630434782608696,"cancer + major: 12 co-occurrences","#cccccc"
"cancer","mechanisms",12,0.630434782608696,"cancer + mechanisms: 12 co-occurrences","#cccccc"
"cancer","models",12,0.630434782608696,"cancer + models: 12 co-occurrences","#cccccc"
"cancer","risk",12,0.630434782608696,"cancer + risk: 12 co-occurrences","#cccccc"
"care","diabetes",12,0.630434782608696,"care + diabetes: 12 co-occurrences","#cccccc"
"cell","diseases",12,0.630434782608696,"cell + diseases: 12 co-occurrences","#cccccc"
"cell","gene",12,0.630434782608696,"cell + gene: 12 co-occurrences","#cccccc"
"cell","obesity",12,0.630434782608696,"cell + obesity: 12 co-occurrences","#cccccc"
"cell","tool",12,0.630434782608696,"cell + tool: 12 co-occurrences","#cccccc"
"cells","methods",12,0.630434782608696,"cells + methods: 12 co-occurrences","#cccccc"
"cells","protein",12,0.630434782608696,"cells + protein: 12 co-occurrences","#cccccc"
"cells","system",12,0.630434782608696,"cells + system: 12 co-occurrences","#cccccc"
"challenge","models",12,0.630434782608696,"challenge + models: 12 co-occurrences","#cccccc"
"challenges","future",12,0.630434782608696,"challenges + future: 12 co-occurrences","#cccccc"
"challenges","science",12,0.630434782608696,"challenges + science: 12 co-occurrences","#cccccc"
"challenges","tools",12,0.630434782608696,"challenges + tools: 12 co-occurrences","#cccccc"
"clinical","develop",12,0.630434782608696,"clinical + develop: 12 co-occurrences","#cccccc"
"clinical","methods",12,0.630434782608696,"clinical + methods: 12 co-occurrences","#cccccc"
"computational","disease",12,0.630434782608696,"computational + disease: 12 co-occurrences","#cccccc"
"computational","learning",12,0.630434782608696,"computational + learning: 12 co-occurrences","#cccccc"
"computer","methods",12,0.630434782608696,"computer + methods: 12 co-occurrences","#cccccc"
"control","process",12,0.630434782608696,"control + process: 12 co-occurrences","#cccccc"
"cost","deep",12,0.630434782608696,"cost + deep: 12 co-occurrences","#cccccc"
"cost","screening",12,0.630434782608696,"cost + screening: 12 co-occurrences","#cccccc"
"create","tools",12,0.630434782608696,"create + tools: 12 co-occurrences","#cccccc"
"crop","digital",12,0.630434782608696,"crop + digital: 12 co-occurrences","#cccccc"
"current","deep",12,0.630434782608696,"current + deep: 12 co-occurrences","#cccccc"
"deep","properties",12,0.630434782608696,"deep + properties: 12 co-occurrences","#cccccc"
"deep","specific",12,0.630434782608696,"deep + specific: 12 co-occurrences","#cccccc"
"develop","life",12,0.630434782608696,"develop + life: 12 co-occurrences","#cccccc"
"develop","materials",12,0.630434782608696,"develop + materials: 12 co-occurrences","#cccccc"
"develop","networks",12,0.630434782608696,"develop + networks: 12 co-occurrences","#cccccc"
"develop","real",12,0.630434782608696,"develop + real: 12 co-occurrences","#cccccc"
"developed","methods",12,0.630434782608696,"developed + methods: 12 co-occurrences","#cccccc"
"development","diabetes",12,0.630434782608696,"development + diabetes: 12 co-occurrences","#cccccc"
"development","healthcare",12,0.630434782608696,"development + healthcare: 12 co-occurrences","#cccccc"
"development","screening",12,0.630434782608696,"development + screening: 12 co-occurrences","#cccccc"
"digital","learning",12,0.630434782608696,"digital + learning: 12 co-occurrences","#cccccc"
"disease","results",12,0.630434782608696,"disease + results: 12 co-occurrences","#cccccc"
"disease","science",12,0.630434782608696,"disease + science: 12 co-occurrences","#cccccc"
"diseases","field",12,0.630434782608696,"diseases + field: 12 co-occurrences","#cccccc"
"diseases","systems",12,0.630434782608696,"diseases + systems: 12 co-occurrences","#cccccc"
"driven","learning",12,0.630434782608696,"driven + learning: 12 co-occurrences","#cccccc"
"drug","treatment",12,0.630434782608696,"drug + treatment: 12 co-occurrences","#cccccc"
"energy","plant",12,0.630434782608696,"energy + plant: 12 co-occurrences","#cccccc"
"energy","recent",12,0.630434782608696,"energy + recent: 12 co-occurrences","#cccccc"
"energy","results",12,0.630434782608696,"energy + results: 12 co-occurrences","#cccccc"
"energy","sustainable",12,0.630434782608696,"energy + sustainable: 12 co-occurrences","#cccccc"
"focus","materials",12,0.630434782608696,"focus + materials: 12 co-occurrences","#cccccc"
"fundamental","quantum",12,0.630434782608696,"fundamental + quantum: 12 co-occurrences","#cccccc"
"future","methods",12,0.630434782608696,"future + methods: 12 co-occurrences","#cccccc"
"future","sustainable",12,0.630434782608696,"future + sustainable: 12 co-occurrences","#cccccc"
"future","systems",12,0.630434782608696,"future + systems: 12 co-occurrences","#cccccc"
"gene","genetic",12,0.630434782608696,"gene + genetic: 12 co-occurrences","#cccccc"
"gene","specific",12,0.630434782608696,"gene + specific: 12 co-occurrences","#cccccc"
"genes","researchers",12,0.630434782608696,"genes + researchers: 12 co-occurrences","#cccccc"
"genetic","understanding",12,0.630434782608696,"genetic + understanding: 12 co-occurrences","#cccccc"
"goal","machine",12,0.630434782608696,"goal + machine: 12 co-occurrences","#cccccc"
"health","researchers",12,0.630434782608696,"health + researchers: 12 co-occurrences","#cccccc"
"human","life",12,0.630434782608696,"human + life: 12 co-occurrences","#cccccc"
"human","techniques",12,0.630434782608696,"human + techniques: 12 co-occurrences","#cccccc"
"human","time",12,0.630434782608696,"human + time: 12 co-occurrences","#cccccc"
"identify","machine",12,0.630434782608696,"identify + machine: 12 co-occurrences","#cccccc"
"identify","patients",12,0.630434782608696,"identify + patients: 12 co-occurrences","#cccccc"
"immune","methods",12,0.630434782608696,"immune + methods: 12 co-occurrences","#cccccc"
"immune","tools",12,0.630434782608696,"immune + tools: 12 co-occurrences","#cccccc"
"improve","life",12,0.630434782608696,"improve + life: 12 co-occurrences","#cccccc"
"individual","learning",12,0.630434782608696,"individual + learning: 12 co-occurrences","#cccccc"
"individuals","knowledge",12,0.630434782608696,"individuals + knowledge: 12 co-occurrences","#cccccc"
"information","life",12,0.630434782608696,"information + life: 12 co-occurrences","#cccccc"
"information","social",12,0.630434782608696,"information + social: 12 co-occurrences","#cccccc"
"intelligence","patients",12,0.630434782608696,"intelligence + patients: 12 co-occurrences","#cccccc"
"intelligence","predict",12,0.630434782608696,"intelligence + predict: 12 co-occurrences","#cccccc"
"intelligence","structure",12,0.630434782608696,"intelligence + structure: 12 co-occurrences","#cccccc"
"intelligence","technology",12,0.630434782608696,"intelligence + technology: 12 co-occurrences","#cccccc"
"knowledge","obesity",12,0.630434782608696,"knowledge + obesity: 12 co-occurrences","#cccccc"
"learning","patients",12,0.630434782608696,"learning + patients: 12 co-occurrences","#cccccc"
"learning","screening",12,0.630434782608696,"learning + screening: 12 co-occurrences","#cccccc"
"life","time",12,0.630434782608696,"life + time: 12 co-occurrences","#cccccc"
"machine","potential",12,0.630434782608696,"machine + potential: 12 co-occurrences","#cccccc"
"machine","treatment",12,0.630434782608696,"machine + treatment: 12 co-occurrences","#cccccc"
"major","risk",12,0.630434782608696,"major + risk: 12 co-occurrences","#cccccc"
"materials","modern",12,0.630434782608696,"materials + modern: 12 co-occurrences","#cccccc"
"materials","networks",12,0.630434782608696,"materials + networks: 12 co-occurrences","#cccccc"
"materials","properties",12,0.630434782608696,"materials + properties: 12 co-occurrences","#cccccc"
"materials","structure",12,0.630434782608696,"materials + structure: 12 co-occurrences","#cccccc"
"methods","risk",12,0.630434782608696,"methods + risk: 12 co-occurrences","#cccccc"
"methods","techniques",12,0.630434782608696,"methods + techniques: 12 co-occurrences","#cccccc"
"model","models",12,0.630434782608696,"model + models: 12 co-occurrences","#cccccc"
"models","systems",12,0.630434782608696,"models + systems: 12 co-occurrences","#cccccc"
"networks","science",12,0.630434782608696,"networks + science: 12 co-occurrences","#cccccc"
"patients","quality",12,0.630434782608696,"patients + quality: 12 co-occurrences","#cccccc"
"patients","science",12,0.630434782608696,"patients + science: 12 co-occurrences","#cccccc"
"patients","time",12,0.630434782608696,"patients + time: 12 co-occurrences","#cccccc"
"proteins","scientists",12,0.630434782608696,"proteins + scientists: 12 co-occurrences","#cccccc"
"proteins","specific",12,0.630434782608696,"proteins + specific: 12 co-occurrences","#cccccc"
"quality","time",12,0.630434782608696,"quality + time: 12 co-occurrences","#cccccc"
"risk","time",12,0.630434782608696,"risk + time: 12 co-occurrences","#cccccc"
"role","social",12,0.630434782608696,"role + social: 12 co-occurrences","#cccccc"
"science","scientists",12,0.630434782608696,"science + scientists: 12 co-occurrences","#cccccc"
"tools","understanding",12,0.630434782608696,"tools + understanding: 12 co-occurrences","#cccccc"
"advanced","analysis",11,0.597826086956522,"advanced + analysis: 11 co-occurrences","#cccccc"
"advanced","imaging",11,0.597826086956522,"advanced + imaging: 11 co-occurrences","#cccccc"
"advanced","models",11,0.597826086956522,"advanced + models: 11 co-occurrences","#cccccc"
"advanced","understanding",11,0.597826086956522,"advanced + understanding: 11 co-occurrences","#cccccc"
"aims","time",11,0.597826086956522,"aims + time: 11 co-occurrences","#cccccc"
"algorithms","patient",11,0.597826086956522,"algorithms + patient: 11 co-occurrences","#cccccc"
"algorithms","techniques",11,0.597826086956522,"algorithms + techniques: 11 co-occurrences","#cccccc"
"analysis","blood",11,0.597826086956522,"analysis + blood: 11 co-occurrences","#cccccc"
"analysis","cancer",11,0.597826086956522,"analysis + cancer: 11 co-occurrences","#cccccc"
"applications","health",11,0.597826086956522,"applications + health: 11 co-occurrences","#cccccc"
"applications","human",11,0.597826086956522,"applications + human: 11 co-occurrences","#cccccc"
"applications","models",11,0.597826086956522,"applications + models: 11 co-occurrences","#cccccc"
"approach","blood",11,0.597826086956522,"approach + blood: 11 co-occurrences","#cccccc"
"approaches","driven",11,0.597826086956522,"approaches + driven: 11 co-occurrences","#cccccc"
"artificial","challenge",11,0.597826086956522,"artificial + challenge: 11 co-occurrences","#cccccc"
"artificial","deep",11,0.597826086956522,"artificial + deep: 11 co-occurrences","#cccccc"
"artificial","healthcare",11,0.597826086956522,"artificial + healthcare: 11 co-occurrences","#cccccc"
"artificial","tool",11,0.597826086956522,"artificial + tool: 11 co-occurrences","#cccccc"
"bioinformatics","biology",11,0.597826086956522,"bioinformatics + biology: 11 co-occurrences","#cccccc"
"biological","learning",11,0.597826086956522,"biological + learning: 11 co-occurrences","#cccccc"
"biological","science",11,0.597826086956522,"biological + science: 11 co-occurrences","#cccccc"
"biology","researchers",11,0.597826086956522,"biology + researchers: 11 co-occurrences","#cccccc"
"biology","understanding",11,0.597826086956522,"biology + understanding: 11 co-occurrences","#cccccc"
"blood","improve",11,0.597826086956522,"blood + improve: 11 co-occurrences","#cccccc"
"blood","patients",11,0.597826086956522,"blood + patients: 11 co-occurrences","#cccccc"
"blood","treatment",11,0.597826086956522,"blood + treatment: 11 co-occurrences","#cccccc"
"cancer","development",11,0.597826086956522,"cancer + development: 11 co-occurrences","#cccccc"
"cancer","diseases",11,0.597826086956522,"cancer + diseases: 11 co-occurrences","#cccccc"
"cancer","specific",11,0.597826086956522,"cancer + specific: 11 co-occurrences","#cccccc"
"carbon","process",11,0.597826086956522,"carbon + process: 11 co-occurrences","#cccccc"
"cells","cutting",11,0.597826086956522,"cells + cutting: 11 co-occurrences","#cccccc"
"cells","patients",11,0.597826086956522,"cells + patients: 11 co-occurrences","#cccccc"
"cells","structure",11,0.597826086956522,"cells + structure: 11 co-occurrences","#cccccc"
"challenge","intelligence",11,0.597826086956522,"challenge + intelligence: 11 co-occurrences","#cccccc"
"challenge","learning",11,0.597826086956522,"challenge + learning: 11 co-occurrences","#cccccc"
"challenges","computational",11,0.597826086956522,"challenges + computational: 11 co-occurrences","#cccccc"
"challenges","energy",11,0.597826086956522,"challenges + energy: 11 co-occurrences","#cccccc"
"challenges","techniques",11,0.597826086956522,"challenges + techniques: 11 co-occurrences","#cccccc"
"chemical","develop",11,0.597826086956522,"chemical + develop: 11 co-occurrences","#cccccc"
"clinical","machine",11,0.597826086956522,"clinical + machine: 11 co-occurrences","#cccccc"
"clinical","models",11,0.597826086956522,"clinical + models: 11 co-occurrences","#cccccc"
"clinical","potential",11,0.597826086956522,"clinical + potential: 11 co-occurrences","#cccccc"
"complex","develop",11,0.597826086956522,"complex + develop: 11 co-occurrences","#cccccc"
"complex","networks",11,0.597826086956522,"complex + networks: 11 co-occurrences","#cccccc"
"computational","researchers",11,0.597826086956522,"computational + researchers: 11 co-occurrences","#cccccc"
"create","methods",11,0.597826086956522,"create + methods: 11 co-occurrences","#cccccc"
"crop","health",11,0.597826086956522,"crop + health: 11 co-occurrences","#cccccc"
"crop","plant",11,0.597826086956522,"crop + plant: 11 co-occurrences","#cccccc"
"crop","systems",11,0.597826086956522,"crop + systems: 11 co-occurrences","#cccccc"
"crucial","science",11,0.597826086956522,"crucial + science: 11 co-occurrences","#cccccc"
"deep","develop",11,0.597826086956522,"deep + develop: 11 co-occurrences","#cccccc"
"deep","human",11,0.597826086956522,"deep + human: 11 co-occurrences","#cccccc"
"deep","intelligence",11,0.597826086956522,"deep + intelligence: 11 co-occurrences","#cccccc"
"deep","method",11,0.597826086956522,"deep + method: 11 co-occurrences","#cccccc"
"deep","structures",11,0.597826086956522,"deep + structures: 11 co-occurrences","#cccccc"
"design","developing",11,0.597826086956522,"design + developing: 11 co-occurrences","#cccccc"
"develop","developing",11,0.597826086956522,"develop + developing: 11 co-occurrences","#cccccc"
"develop","development",11,0.597826086956522,"develop + development: 11 co-occurrences","#cccccc"
"develop","energy",11,0.597826086956522,"develop + energy: 11 co-occurrences","#cccccc"
"develop","field",11,0.597826086956522,"develop + field: 11 co-occurrences","#cccccc"
"develop","focus",11,0.597826086956522,"develop + focus: 11 co-occurrences","#cccccc"
"develop","growth",11,0.597826086956522,"develop + growth: 11 co-occurrences","#cccccc"
"develop","plant",11,0.597826086956522,"develop + plant: 11 co-occurrences","#cccccc"
"develop","results",11,0.597826086956522,"develop + results: 11 co-occurrences","#cccccc"
"developing","learning",11,0.597826086956522,"developing + learning: 11 co-occurrences","#cccccc"
"developing","models",11,0.597826086956522,"developing + models: 11 co-occurrences","#cccccc"
"developing","risk",11,0.597826086956522,"developing + risk: 11 co-occurrences","#cccccc"
"developing","science",11,0.597826086956522,"developing + science: 11 co-occurrences","#cccccc"
"developing","understanding",11,0.597826086956522,"developing + understanding: 11 co-occurrences","#cccccc"
"development","images",11,0.597826086956522,"development + images: 11 co-occurrences","#cccccc"
"development","materials",11,0.597826086956522,"development + materials: 11 co-occurrences","#cccccc"
"development","models",11,0.597826086956522,"development + models: 11 co-occurrences","#cccccc"
"development","science",11,0.597826086956522,"development + science: 11 co-occurrences","#cccccc"
"development","specific",11,0.597826086956522,"development + specific: 11 co-occurrences","#cccccc"
"diabetes","identify",11,0.597826086956522,"diabetes + identify: 11 co-occurrences","#cccccc"
"diabetes","society",11,0.597826086956522,"diabetes + society: 11 co-occurrences","#cccccc"
"disease","healthcare",11,0.597826086956522,"disease + healthcare: 11 co-occurrences","#cccccc"
"disease","information",11,0.597826086956522,"disease + information: 11 co-occurrences","#cccccc"
"disease","understand",11,0.597826086956522,"disease + understand: 11 co-occurrences","#cccccc"
"diseases","improve",11,0.597826086956522,"diseases + improve: 11 co-occurrences","#cccccc"
"diseases","potential",11,0.597826086956522,"diseases + potential: 11 co-occurrences","#cccccc"
"diseases","quality",11,0.597826086956522,"diseases + quality: 11 co-occurrences","#cccccc"
"driven","future",11,0.597826086956522,"driven + future: 11 co-occurrences","#cccccc"
"driven","healthcare",11,0.597826086956522,"driven + healthcare: 11 co-occurrences","#cccccc"
"driven","social",11,0.597826086956522,"driven + social: 11 co-occurrences","#cccccc"
"drug","individual",11,0.597826086956522,"drug + individual: 11 co-occurrences","#cccccc"
"drug","patients",11,0.597826086956522,"drug + patients: 11 co-occurrences","#cccccc"
"effective","methods",11,0.597826086956522,"effective + methods: 11 co-occurrences","#cccccc"
"environment","tools",11,0.597826086956522,"environment + tools: 11 co-occurrences","#cccccc"
"existing","risk",11,0.597826086956522,"existing + risk: 11 co-occurrences","#cccccc"
"factors","patients",11,0.597826086956522,"factors + patients: 11 co-occurrences","#cccccc"
"focus","health",11,0.597826086956522,"focus + health: 11 co-occurrences","#cccccc"
"focus","human",11,0.597826086956522,"focus + human: 11 co-occurrences","#cccccc"
"food","learning",11,0.597826086956522,"food + learning: 11 co-occurrences","#cccccc"
"food","results",11,0.597826086956522,"food + results: 11 co-occurrences","#cccccc"
"food","systems",11,0.597826086956522,"food + systems: 11 co-occurrences","#cccccc"
"fundamental","machine",11,0.597826086956522,"fundamental + machine: 11 co-occurrences","#cccccc"
"future","images",11,0.597826086956522,"future + images: 11 co-occurrences","#cccccc"
"future","researchers",11,0.597826086956522,"future + researchers: 11 co-occurrences","#cccccc"
"future","technology",11,0.597826086956522,"future + technology: 11 co-occurrences","#cccccc"
"genes","human",11,0.597826086956522,"genes + human: 11 co-occurrences","#cccccc"
"genetic","methods",11,0.597826086956522,"genetic + methods: 11 co-occurrences","#cccccc"
"genetic","role",11,0.597826086956522,"genetic + role: 11 co-occurrences","#cccccc"
"growth","improve",11,0.597826086956522,"growth + improve: 11 co-occurrences","#cccccc"
"growth","learning",11,0.597826086956522,"growth + learning: 11 co-occurrences","#cccccc"
"growth","tools",11,0.597826086956522,"growth + tools: 11 co-occurrences","#cccccc"
"health","mechanisms",11,0.597826086956522,"health + mechanisms: 11 co-occurrences","#cccccc"
"health","sustainable",11,0.597826086956522,"health + sustainable: 11 co-occurrences","#cccccc"
"health","world",11,0.597826086956522,"health + world: 11 co-occurrences","#cccccc"
"healthcare","intelligence",11,0.597826086956522,"healthcare + intelligence: 11 co-occurrences","#cccccc"
"human","systems",11,0.597826086956522,"human + systems: 11 co-occurrences","#cccccc"
"human","type",11,0.597826086956522,"human + type: 11 co-occurrences","#cccccc"
"identify","mechanisms",11,0.597826086956522,"identify + mechanisms: 11 co-occurrences","#cccccc"
"image","learning",11,0.597826086956522,"image + learning: 11 co-occurrences","#cccccc"
"images","imaging",11,0.597826086956522,"images + imaging: 11 co-occurrences","#cccccc"
"images","time",11,0.597826086956522,"images + time: 11 co-occurrences","#cccccc"
"improve","individuals",11,0.597826086956522,"improve + individuals: 11 co-occurrences","#cccccc"
"individuals","networks",11,0.597826086956522,"individuals + networks: 11 co-occurrences","#cccccc"
"individuals","treatment",11,0.597826086956522,"individuals + treatment: 11 co-occurrences","#cccccc"
"information","intelligence",11,0.597826086956522,"information + intelligence: 11 co-occurrences","#cccccc"
"information","knowledge",11,0.597826086956522,"information + knowledge: 11 co-occurrences","#cccccc"
"information","researchers",11,0.597826086956522,"information + researchers: 11 co-occurrences","#cccccc"
"information","system",11,0.597826086956522,"information + system: 11 co-occurrences","#cccccc"
"intelligence","tool",11,0.597826086956522,"intelligence + tool: 11 co-occurrences","#cccccc"
"lack","treatment",11,0.597826086956522,"lack + treatment: 11 co-occurrences","#cccccc"
"lead","screening",11,0.597826086956522,"lead + screening: 11 co-occurrences","#cccccc"
"leading","methods",11,0.597826086956522,"leading + methods: 11 co-occurrences","#cccccc"
"learning","solutions",11,0.597826086956522,"learning + solutions: 11 co-occurrences","#cccccc"
"machine","method",11,0.597826086956522,"machine + method: 11 co-occurrences","#cccccc"
"machine","model",11,0.597826086956522,"machine + model: 11 co-occurrences","#cccccc"
"machine","propose",11,0.597826086956522,"machine + propose: 11 co-occurrences","#cccccc"
"machine","proteins",11,0.597826086956522,"machine + proteins: 11 co-occurrences","#cccccc"
"machine","specific",11,0.597826086956522,"machine + specific: 11 co-occurrences","#cccccc"
"materials","understanding",11,0.597826086956522,"materials + understanding: 11 co-occurrences","#cccccc"
"mechanisms","molecular",11,0.597826086956522,"mechanisms + molecular: 11 co-occurrences","#cccccc"
"mechanisms","treatment",11,0.597826086956522,"mechanisms + treatment: 11 co-occurrences","#cccccc"
"methods","protein",11,0.597826086956522,"methods + protein: 11 co-occurrences","#cccccc"
"methods","proteins",11,0.597826086956522,"methods + proteins: 11 co-occurrences","#cccccc"
"methods","recent",11,0.597826086956522,"methods + recent: 11 co-occurrences","#cccccc"
"methods","scale",11,0.597826086956522,"methods + scale: 11 co-occurrences","#cccccc"
"models","patient",11,0.597826086956522,"models + patient: 11 co-occurrences","#cccccc"
"models","specific",11,0.597826086956522,"models + specific: 11 co-occurrences","#cccccc"
"networks","role",11,0.597826086956522,"networks + role: 11 co-occurrences","#cccccc"
"patients","system",11,0.597826086956522,"patients + system: 11 co-occurrences","#cccccc"
"potential","risk",11,0.597826086956522,"potential + risk: 11 co-occurrences","#cccccc"
"quality","science",11,0.597826086956522,"quality + science: 11 co-occurrences","#cccccc"
"quality","understanding",11,0.597826086956522,"quality + understanding: 11 co-occurrences","#cccccc"
"quantum","researchers",11,0.597826086956522,"quantum + researchers: 11 co-occurrences","#cccccc"
"quantum","technology",11,0.597826086956522,"quantum + technology: 11 co-occurrences","#cccccc"
"real","researchers",11,0.597826086956522,"real + researchers: 11 co-occurrences","#cccccc"
"real","science",11,0.597826086956522,"real + science: 11 co-occurrences","#cccccc"
"researchers","scientific",11,0.597826086956522,"researchers + scientific: 11 co-occurrences","#cccccc"
"results","tools",11,0.597826086956522,"results + tools: 11 co-occurrences","#cccccc"
"risk","tools",11,0.597826086956522,"risk + tools: 11 co-occurrences","#cccccc"
"science","solutions",11,0.597826086956522,"science + solutions: 11 co-occurrences","#cccccc"
"shape","understanding",11,0.597826086956522,"shape + understanding: 11 co-occurrences","#cccccc"
"solutions","tools",11,0.597826086956522,"solutions + tools: 11 co-occurrences","#cccccc"
"systems","tools",11,0.597826086956522,"systems + tools: 11 co-occurrences","#cccccc"
"systems","world",11,0.597826086956522,"systems + world: 11 co-occurrences","#cccccc"
"time","tools",11,0.597826086956522,"time + tools: 11 co-occurrences","#cccccc"
"advanced","climate",10,0.565217391304348,"advanced + climate: 10 co-occurrences","#cccccc"
"advanced","develop",10,0.565217391304348,"advanced + develop: 10 co-occurrences","#cccccc"
"advanced","health",10,0.565217391304348,"advanced + health: 10 co-occurrences","#cccccc"
"advanced","human",10,0.565217391304348,"advanced + human: 10 co-occurrences","#cccccc"
"advanced","methods",10,0.565217391304348,"advanced + methods: 10 co-occurrences","#cccccc"
"aims","medical",10,0.565217391304348,"aims + medical: 10 co-occurrences","#cccccc"
"aims","quality",10,0.565217391304348,"aims + quality: 10 co-occurrences","#cccccc"
"aims","systems",10,0.565217391304348,"aims + systems: 10 co-occurrences","#cccccc"
"aims","world",10,0.565217391304348,"aims + world: 10 co-occurrences","#cccccc"
"algorithms","driven",10,0.565217391304348,"algorithms + driven: 10 co-occurrences","#cccccc"
"algorithms","quantum",10,0.565217391304348,"algorithms + quantum: 10 co-occurrences","#cccccc"
"analysis","approach",10,0.565217391304348,"analysis + approach: 10 co-occurrences","#cccccc"
"analysis","biology",10,0.565217391304348,"analysis + biology: 10 co-occurrences","#cccccc"
"analysis","development",10,0.565217391304348,"analysis + development: 10 co-occurrences","#cccccc"
"analysis","fields",10,0.565217391304348,"analysis + fields: 10 co-occurrences","#cccccc"
"analysis","food",10,0.565217391304348,"analysis + food: 10 co-occurrences","#cccccc"
"analysis","knowledge",10,0.565217391304348,"analysis + knowledge: 10 co-occurrences","#cccccc"
"analysis","models",10,0.565217391304348,"analysis + models: 10 co-occurrences","#cccccc"
"applications","artificial",10,0.565217391304348,"applications + artificial: 10 co-occurrences","#cccccc"
"applications","intelligence",10,0.565217391304348,"applications + intelligence: 10 co-occurrences","#cccccc"
"applications","quantum",10,0.565217391304348,"applications + quantum: 10 co-occurrences","#cccccc"
"approach","drug",10,0.565217391304348,"approach + drug: 10 co-occurrences","#cccccc"
"approach","learning",10,0.565217391304348,"approach + learning: 10 co-occurrences","#cccccc"
"approaches","tools",10,0.565217391304348,"approaches + tools: 10 co-occurrences","#cccccc"
"artificial","cell",10,0.565217391304348,"artificial + cell: 10 co-occurrences","#cccccc"
"artificial","challenges",10,0.565217391304348,"artificial + challenges: 10 co-occurrences","#cccccc"
"artificial","cost",10,0.565217391304348,"artificial + cost: 10 co-occurrences","#cccccc"
"artificial","development",10,0.565217391304348,"artificial + development: 10 co-occurrences","#cccccc"
"artificial","diabetes",10,0.565217391304348,"artificial + diabetes: 10 co-occurrences","#cccccc"
"artificial","digital",10,0.565217391304348,"artificial + digital: 10 co-occurrences","#cccccc"
"artificial","field",10,0.565217391304348,"artificial + field: 10 co-occurrences","#cccccc"
"artificial","focus",10,0.565217391304348,"artificial + focus: 10 co-occurrences","#cccccc"
"artificial","fundamental",10,0.565217391304348,"artificial + fundamental: 10 co-occurrences","#cccccc"
"artificial","lead",10,0.565217391304348,"artificial + lead: 10 co-occurrences","#cccccc"
"bioinformatics","process",10,0.565217391304348,"bioinformatics + process: 10 co-occurrences","#cccccc"
"biological","health",10,0.565217391304348,"biological + health: 10 co-occurrences","#cccccc"
"biological","individual",10,0.565217391304348,"biological + individual: 10 co-occurrences","#cccccc"
"biological","proteins",10,0.565217391304348,"biological + proteins: 10 co-occurrences","#cccccc"
"biology","cancer",10,0.565217391304348,"biology + cancer: 10 co-occurrences","#cccccc"
"biology","computational",10,0.565217391304348,"biology + computational: 10 co-occurrences","#cccccc"
"biology","expertise",10,0.565217391304348,"biology + expertise: 10 co-occurrences","#cccccc"
"biology","genes",10,0.565217391304348,"biology + genes: 10 co-occurrences","#cccccc"
"brain","scientists",10,0.565217391304348,"brain + scientists: 10 co-occurrences","#cccccc"
"brain","shape",10,0.565217391304348,"brain + shape: 10 co-occurrences","#cccccc"
"brain","understanding",10,0.565217391304348,"brain + understanding: 10 co-occurrences","#cccccc"
"cancer","relevant",10,0.565217391304348,"cancer + relevant: 10 co-occurrences","#cccccc"
"cancer","science",10,0.565217391304348,"cancer + science: 10 co-occurrences","#cccccc"
"carbon","climate",10,0.565217391304348,"carbon + climate: 10 co-occurrences","#cccccc"
"cell","intelligence",10,0.565217391304348,"cell + intelligence: 10 co-occurrences","#cccccc"
"cell","methods",10,0.565217391304348,"cell + methods: 10 co-occurrences","#cccccc"
"cell","science",10,0.565217391304348,"cell + science: 10 co-occurrences","#cccccc"
"cells","genes",10,0.565217391304348,"cells + genes: 10 co-occurrences","#cccccc"
"cells","predict",10,0.565217391304348,"cells + predict: 10 co-occurrences","#cccccc"
"cells","relevant",10,0.565217391304348,"cells + relevant: 10 co-occurrences","#cccccc"
"cells","results",10,0.565217391304348,"cells + results: 10 co-occurrences","#cccccc"
"cells","scale",10,0.565217391304348,"cells + scale: 10 co-occurrences","#cccccc"
"challenge","develop",10,0.565217391304348,"challenge + develop: 10 co-occurrences","#cccccc"
"challenge","food",10,0.565217391304348,"challenge + food: 10 co-occurrences","#cccccc"
"challenges","field",10,0.565217391304348,"challenges + field: 10 co-occurrences","#cccccc"
"challenges","social",10,0.565217391304348,"challenges + social: 10 co-occurrences","#cccccc"
"challenges","solutions",10,0.565217391304348,"challenges + solutions: 10 co-occurrences","#cccccc"
"challenges","time",10,0.565217391304348,"challenges + time: 10 co-occurrences","#cccccc"
"climate","technology",10,0.565217391304348,"climate + technology: 10 co-occurrences","#cccccc"
"climate","tools",10,0.565217391304348,"climate + tools: 10 co-occurrences","#cccccc"
"climate","understanding",10,0.565217391304348,"climate + understanding: 10 co-occurrences","#cccccc"
"clinical","scientists",10,0.565217391304348,"clinical + scientists: 10 co-occurrences","#cccccc"
"common","patient",10,0.565217391304348,"common + patient: 10 co-occurrences","#cccccc"
"complex","network",10,0.565217391304348,"complex + network: 10 co-occurrences","#cccccc"
"computational","energy",10,0.565217391304348,"computational + energy: 10 co-occurrences","#cccccc"
"computational","science",10,0.565217391304348,"computational + science: 10 co-occurrences","#cccccc"
"computational","social",10,0.565217391304348,"computational + social: 10 co-occurrences","#cccccc"
"computer","health",10,0.565217391304348,"computer + health: 10 co-occurrences","#cccccc"
"computer","intelligence",10,0.565217391304348,"computer + intelligence: 10 co-occurrences","#cccccc"
"control","networks",10,0.565217391304348,"control + networks: 10 co-occurrences","#cccccc"
"cost","intelligence",10,0.565217391304348,"cost + intelligence: 10 co-occurrences","#cccccc"
"cost","models",10,0.565217391304348,"cost + models: 10 co-occurrences","#cccccc"
"cost","process",10,0.565217391304348,"cost + process: 10 co-occurrences","#cccccc"
"create","disease",10,0.565217391304348,"create + disease: 10 co-occurrences","#cccccc"
"create","life",10,0.565217391304348,"create + life: 10 co-occurrences","#cccccc"
"crop","food",10,0.565217391304348,"crop + food: 10 co-occurrences","#cccccc"
"crop","future",10,0.565217391304348,"crop + future: 10 co-occurrences","#cccccc"
"crucial","diabetes",10,0.565217391304348,"crucial + diabetes: 10 co-occurrences","#cccccc"
"crucial","risk",10,0.565217391304348,"crucial + risk: 10 co-occurrences","#cccccc"
"current","materials",10,0.565217391304348,"current + materials: 10 co-occurrences","#cccccc"
"cutting","health",10,0.565217391304348,"cutting + health: 10 co-occurrences","#cccccc"
"deep","materials",10,0.565217391304348,"deep + materials: 10 co-occurrences","#cccccc"
"deep","science",10,0.565217391304348,"deep + science: 10 co-occurrences","#cccccc"
"design","mutations",10,0.565217391304348,"design + mutations: 10 co-occurrences","#cccccc"
"develop","developed",10,0.565217391304348,"develop + developed: 10 co-occurrences","#cccccc"
"develop","diabetes",10,0.565217391304348,"develop + diabetes: 10 co-occurrences","#cccccc"
"develop","environmental",10,0.565217391304348,"develop + environmental: 10 co-occurrences","#cccccc"
"develop","lead",10,0.565217391304348,"develop + lead: 10 co-occurrences","#cccccc"
"develop","method",10,0.565217391304348,"develop + method: 10 co-occurrences","#cccccc"
"develop","social",10,0.565217391304348,"develop + social: 10 co-occurrences","#cccccc"
"develop","test",10,0.565217391304348,"develop + test: 10 co-occurrences","#cccccc"
"developing","process",10,0.565217391304348,"developing + process: 10 co-occurrences","#cccccc"
"developing","screening",10,0.565217391304348,"developing + screening: 10 co-occurrences","#cccccc"
"development","intelligence",10,0.565217391304348,"development + intelligence: 10 co-occurrences","#cccccc"
"development","researchers",10,0.565217391304348,"development + researchers: 10 co-occurrences","#cccccc"
"diabetes","intelligence",10,0.565217391304348,"diabetes + intelligence: 10 co-occurrences","#cccccc"
"diabetes","lead",10,0.565217391304348,"diabetes + lead: 10 co-occurrences","#cccccc"
"diabetes","leading",10,0.565217391304348,"diabetes + leading: 10 co-occurrences","#cccccc"
"diabetes","time",10,0.565217391304348,"diabetes + time: 10 co-occurrences","#cccccc"
"diabetes","type",10,0.565217391304348,"diabetes + type: 10 co-occurrences","#cccccc"
"digital","intelligence",10,0.565217391304348,"digital + intelligence: 10 co-occurrences","#cccccc"
"digital","social",10,0.565217391304348,"digital + social: 10 co-occurrences","#cccccc"
"disease","driven",10,0.565217391304348,"disease + driven: 10 co-occurrences","#cccccc"
"diseases","investigate",10,0.565217391304348,"diseases + investigate: 10 co-occurrences","#cccccc"
"diseases","machine",10,0.565217391304348,"diseases + machine: 10 co-occurrences","#cccccc"
"diseases","type",10,0.565217391304348,"diseases + type: 10 co-occurrences","#cccccc"
"diseases","understand",10,0.565217391304348,"diseases + understand: 10 co-occurrences","#cccccc"
"driven","science",10,0.565217391304348,"driven + science: 10 co-occurrences","#cccccc"
"energy","systems",10,0.565217391304348,"energy + systems: 10 co-occurrences","#cccccc"
"energy","tool",10,0.565217391304348,"energy + tool: 10 co-occurrences","#cccccc"
"environment","process",10,0.565217391304348,"environment + process: 10 co-occurrences","#cccccc"
"existing","methods",10,0.565217391304348,"existing + methods: 10 co-occurrences","#cccccc"
"experts","methods",10,0.565217391304348,"experts + methods: 10 co-occurrences","#cccccc"
"field","scientists",10,0.565217391304348,"field + scientists: 10 co-occurrences","#cccccc"
"field","systems",10,0.565217391304348,"field + systems: 10 co-occurrences","#cccccc"
"fields","machine",10,0.565217391304348,"fields + machine: 10 co-occurrences","#cccccc"
"fields","science",10,0.565217391304348,"fields + science: 10 co-occurrences","#cccccc"
"fields","tools",10,0.565217391304348,"fields + tools: 10 co-occurrences","#cccccc"
"focus","immune",10,0.565217391304348,"focus + immune: 10 co-occurrences","#cccccc"
"food","health",10,0.565217391304348,"food + health: 10 co-occurrences","#cccccc"
"food","sustainable",10,0.565217391304348,"food + sustainable: 10 co-occurrences","#cccccc"
"future","healthcare",10,0.565217391304348,"future + healthcare: 10 co-occurrences","#cccccc"
"future","patient",10,0.565217391304348,"future + patient: 10 co-occurrences","#cccccc"
"future","social",10,0.565217391304348,"future + social: 10 co-occurrences","#cccccc"
"gene","molecular",10,0.565217391304348,"gene + molecular: 10 co-occurrences","#cccccc"
"gene","type",10,0.565217391304348,"gene + type: 10 co-occurrences","#cccccc"
"genetic","health",10,0.565217391304348,"genetic + health: 10 co-occurrences","#cccccc"
"genetic","patients",10,0.565217391304348,"genetic + patients: 10 co-occurrences","#cccccc"
"growth","machine",10,0.565217391304348,"growth + machine: 10 co-occurrences","#cccccc"
"growth","plant",10,0.565217391304348,"growth + plant: 10 co-occurrences","#cccccc"
"growth","solutions",10,0.565217391304348,"growth + solutions: 10 co-occurrences","#cccccc"
"health","identify",10,0.565217391304348,"health + identify: 10 co-occurrences","#cccccc"
"health","potential",10,0.565217391304348,"health + potential: 10 co-occurrences","#cccccc"
"health","social",10,0.565217391304348,"health + social: 10 co-occurrences","#cccccc"
"health","techniques",10,0.565217391304348,"health + techniques: 10 co-occurrences","#cccccc"
"human","knowledge",10,0.565217391304348,"human + knowledge: 10 co-occurrences","#cccccc"
"images","information",10,0.565217391304348,"images + information: 10 co-occurrences","#cccccc"
"imaging","scientists",10,0.565217391304348,"imaging + scientists: 10 co-occurrences","#cccccc"
"impact","methods",10,0.565217391304348,"impact + methods: 10 co-occurrences","#cccccc"
"impact","risk",10,0.565217391304348,"impact + risk: 10 co-occurrences","#cccccc"
"improve","machine",10,0.565217391304348,"improve + machine: 10 co-occurrences","#cccccc"
"improve","tools",10,0.565217391304348,"improve + tools: 10 co-occurrences","#cccccc"
"individual","machine",10,0.565217391304348,"individual + machine: 10 co-occurrences","#cccccc"
"individual","risk",10,0.565217391304348,"individual + risk: 10 co-occurrences","#cccccc"
"individuals","system",10,0.565217391304348,"individuals + system: 10 co-occurrences","#cccccc"
"individuals","understanding",10,0.565217391304348,"individuals + understanding: 10 co-occurrences","#cccccc"
"information","patients",10,0.565217391304348,"information + patients: 10 co-occurrences","#cccccc"
"infrastructure","scientists",10,0.565217391304348,"infrastructure + scientists: 10 co-occurrences","#cccccc"
"intelligence","lead",10,0.565217391304348,"intelligence + lead: 10 co-occurrences","#cccccc"
"knowledge","system",10,0.565217391304348,"knowledge + system: 10 co-occurrences","#cccccc"
"lead","machine",10,0.565217391304348,"lead + machine: 10 co-occurrences","#cccccc"
"leading","learning",10,0.565217391304348,"leading + learning: 10 co-occurrences","#cccccc"
"leading","researchers",10,0.565217391304348,"leading + researchers: 10 co-occurrences","#cccccc"
"learning","network",10,0.565217391304348,"learning + network: 10 co-occurrences","#cccccc"
"life","protein",10,0.565217391304348,"life + protein: 10 co-occurrences","#cccccc"
"machine","mechanisms",10,0.565217391304348,"machine + mechanisms: 10 co-occurrences","#cccccc"
"machine","patients",10,0.565217391304348,"machine + patients: 10 co-occurrences","#cccccc"
"machine","quality",10,0.565217391304348,"machine + quality: 10 co-occurrences","#cccccc"
"machine","recent",10,0.565217391304348,"machine + recent: 10 co-occurrences","#cccccc"
"machine","scale",10,0.565217391304348,"machine + scale: 10 co-occurrences","#cccccc"
"machine","understand",10,0.565217391304348,"machine + understand: 10 co-occurrences","#cccccc"
"mechanisms","patients",10,0.565217391304348,"mechanisms + patients: 10 co-occurrences","#cccccc"
"mechanisms","understand",10,0.565217391304348,"mechanisms + understand: 10 co-occurrences","#cccccc"
"medical","model",10,0.565217391304348,"medical + model: 10 co-occurrences","#cccccc"
"medical","models",10,0.565217391304348,"medical + models: 10 co-occurrences","#cccccc"
"medical","quality",10,0.565217391304348,"medical + quality: 10 co-occurrences","#cccccc"
"medical","risk",10,0.565217391304348,"medical + risk: 10 co-occurrences","#cccccc"
"medical","tools",10,0.565217391304348,"medical + tools: 10 co-occurrences","#cccccc"
"medical","world",10,0.565217391304348,"medical + world: 10 co-occurrences","#cccccc"
"medicine","patient",10,0.565217391304348,"medicine + patient: 10 co-occurrences","#cccccc"
"method","tools",10,0.565217391304348,"method + tools: 10 co-occurrences","#cccccc"
"methods","plant",10,0.565217391304348,"methods + plant: 10 co-occurrences","#cccccc"
"methods","potential",10,0.565217391304348,"methods + potential: 10 co-occurrences","#cccccc"
"methods","properties",10,0.565217391304348,"methods + properties: 10 co-occurrences","#cccccc"
"methods","quantum",10,0.565217391304348,"methods + quantum: 10 co-occurrences","#cccccc"
"methods","results",10,0.565217391304348,"methods + results: 10 co-occurrences","#cccccc"
"methods","shape",10,0.565217391304348,"methods + shape: 10 co-occurrences","#cccccc"
"methods","social",10,0.565217391304348,"methods + social: 10 co-occurrences","#cccccc"
"methods","structure",10,0.565217391304348,"methods + structure: 10 co-occurrences","#cccccc"
"models","real",10,0.565217391304348,"models + real: 10 co-occurrences","#cccccc"
"models","science",10,0.565217391304348,"models + science: 10 co-occurrences","#cccccc"
"models","understanding",10,0.565217391304348,"models + understanding: 10 co-occurrences","#cccccc"
"modern","techniques",10,0.565217391304348,"modern + techniques: 10 co-occurrences","#cccccc"
"mutations","risk",10,0.565217391304348,"mutations + risk: 10 co-occurrences","#cccccc"
"networks","tool",10,0.565217391304348,"networks + tool: 10 co-occurrences","#cccccc"
"patients","tool",10,0.565217391304348,"patients + tool: 10 co-occurrences","#cccccc"
"plant","systems",10,0.565217391304348,"plant + systems: 10 co-occurrences","#cccccc"
"potential","quality",10,0.565217391304348,"potential + quality: 10 co-occurrences","#cccccc"
"potential","screening",10,0.565217391304348,"potential + screening: 10 co-occurrences","#cccccc"
"predict","understanding",10,0.565217391304348,"predict + understanding: 10 co-occurrences","#cccccc"
"privacy","systems",10,0.565217391304348,"privacy + systems: 10 co-occurrences","#cccccc"
"propose","proteins",10,0.565217391304348,"propose + proteins: 10 co-occurrences","#cccccc"
"propose","science",10,0.565217391304348,"propose + science: 10 co-occurrences","#cccccc"
"proteins","shape",10,0.565217391304348,"proteins + shape: 10 co-occurrences","#cccccc"
"quality","risk",10,0.565217391304348,"quality + risk: 10 co-occurrences","#cccccc"
"quantum","structure",10,0.565217391304348,"quantum + structure: 10 co-occurrences","#cccccc"
"relevant","tools",10,0.565217391304348,"relevant + tools: 10 co-occurrences","#cccccc"
"results","treatment",10,0.565217391304348,"results + treatment: 10 co-occurrences","#cccccc"
"risk","science",10,0.565217391304348,"risk + science: 10 co-occurrences","#cccccc"
"scale","science",10,0.565217391304348,"scale + science: 10 co-occurrences","#cccccc"
"science","specific",10,0.565217391304348,"science + specific: 10 co-occurrences","#cccccc"
"scientific","social",10,0.565217391304348,"scientific + social: 10 co-occurrences","#cccccc"
"system","time",10,0.565217391304348,"system + time: 10 co-occurrences","#cccccc"
"systems","time",10,0.565217391304348,"systems + time: 10 co-occurrences","#cccccc"
"techniques","tools",10,0.565217391304348,"techniques + tools: 10 co-occurrences","#cccccc"
"techniques","treatment",10,0.565217391304348,"techniques + treatment: 10 co-occurrences","#cccccc"
"time","treatment",10,0.565217391304348,"time + treatment: 10 co-occurrences","#cccccc"
"time","world",10,0.565217391304348,"time + world: 10 co-occurrences","#cccccc"
"advanced","artificial",9,0.532608695652174,"advanced + artificial: 9 co-occurrences","#cccccc"
"advanced","development",9,0.532608695652174,"advanced + development: 9 co-occurrences","#cccccc"
"advanced","food",9,0.532608695652174,"advanced + food: 9 co-occurrences","#cccccc"
"advanced","intelligence",9,0.532608695652174,"advanced + intelligence: 9 co-occurrences","#cccccc"
"advanced","process",9,0.532608695652174,"advanced + process: 9 co-occurrences","#cccccc"
"aims","cells",9,0.532608695652174,"aims + cells: 9 co-occurrences","#cccccc"
"aims","identify",9,0.532608695652174,"aims + identify: 9 co-occurrences","#cccccc"
"aims","improve",9,0.532608695652174,"aims + improve: 9 co-occurrences","#cccccc"
"algorithms","disease",9,0.532608695652174,"algorithms + disease: 9 co-occurrences","#cccccc"
"algorithms","improve",9,0.532608695652174,"algorithms + improve: 9 co-occurrences","#cccccc"
"algorithms","medical",9,0.532608695652174,"algorithms + medical: 9 co-occurrences","#cccccc"
"algorithms","models",9,0.532608695652174,"algorithms + models: 9 co-occurrences","#cccccc"
"algorithms","propose",9,0.532608695652174,"algorithms + propose: 9 co-occurrences","#cccccc"
"analysis","human",9,0.532608695652174,"analysis + human: 9 co-occurrences","#cccccc"
"analysis","risk",9,0.532608695652174,"analysis + risk: 9 co-occurrences","#cccccc"
"applications","computer",9,0.532608695652174,"applications + computer: 9 co-occurrences","#cccccc"
"applications","development",9,0.532608695652174,"applications + development: 9 co-occurrences","#cccccc"
"applications","protein",9,0.532608695652174,"applications + protein: 9 co-occurrences","#cccccc"
"approach","improve",9,0.532608695652174,"approach + improve: 9 co-occurrences","#cccccc"
"approach","understand",9,0.532608695652174,"approach + understand: 9 co-occurrences","#cccccc"
"approaches","genetic",9,0.532608695652174,"approaches + genetic: 9 co-occurrences","#cccccc"
"approaches","identify",9,0.532608695652174,"approaches + identify: 9 co-occurrences","#cccccc"
"approaches","methods",9,0.532608695652174,"approaches + methods: 9 co-occurrences","#cccccc"
"approaches","obesity",9,0.532608695652174,"approaches + obesity: 9 co-occurrences","#cccccc"
"approaches","patient",9,0.532608695652174,"approaches + patient: 9 co-occurrences","#cccccc"
"artificial","cancer",9,0.532608695652174,"artificial + cancer: 9 co-occurrences","#cccccc"
"artificial","cutting",9,0.532608695652174,"artificial + cutting: 9 co-occurrences","#cccccc"
"artificial","developed",9,0.532608695652174,"artificial + developed: 9 co-occurrences","#cccccc"
"artificial","developing",9,0.532608695652174,"artificial + developing: 9 co-occurrences","#cccccc"
"artificial","effective",9,0.532608695652174,"artificial + effective: 9 co-occurrences","#cccccc"
"artificial","genetic",9,0.532608695652174,"artificial + genetic: 9 co-occurrences","#cccccc"
"artificial","images",9,0.532608695652174,"artificial + images: 9 co-occurrences","#cccccc"
"artificial","molecular",9,0.532608695652174,"artificial + molecular: 9 co-occurrences","#cccccc"
"artificial","process",9,0.532608695652174,"artificial + process: 9 co-occurrences","#cccccc"
"artificial","recent",9,0.532608695652174,"artificial + recent: 9 co-occurrences","#cccccc"
"bioinformatics","computational",9,0.532608695652174,"bioinformatics + computational: 9 co-occurrences","#cccccc"
"biological","life",9,0.532608695652174,"biological + life: 9 co-occurrences","#cccccc"
"biology","development",9,0.532608695652174,"biology + development: 9 co-occurrences","#cccccc"
"biology","genetic",9,0.532608695652174,"biology + genetic: 9 co-occurrences","#cccccc"
"blood","cancer",9,0.532608695652174,"blood + cancer: 9 co-occurrences","#cccccc"
"blood","patient",9,0.532608695652174,"blood + patient: 9 co-occurrences","#cccccc"
"blood","risk",9,0.532608695652174,"blood + risk: 9 co-occurrences","#cccccc"
"cancer","human",9,0.532608695652174,"cancer + human: 9 co-occurrences","#cccccc"
"cancer","intelligence",9,0.532608695652174,"cancer + intelligence: 9 co-occurrences","#cccccc"
"cancer","methods",9,0.532608695652174,"cancer + methods: 9 co-occurrences","#cccccc"
"cancer","model",9,0.532608695652174,"cancer + model: 9 co-occurrences","#cccccc"
"cancer","recent",9,0.532608695652174,"cancer + recent: 9 co-occurrences","#cccccc"
"carbon","scale",9,0.532608695652174,"carbon + scale: 9 co-occurrences","#cccccc"
"care","improve",9,0.532608695652174,"care + improve: 9 co-occurrences","#cccccc"
"cell","computer",9,0.532608695652174,"cell + computer: 9 co-occurrences","#cccccc"
"cell","disease",9,0.532608695652174,"cell + disease: 9 co-occurrences","#cccccc"
"cell","human",9,0.532608695652174,"cell + human: 9 co-occurrences","#cccccc"
"cell","identify",9,0.532608695652174,"cell + identify: 9 co-occurrences","#cccccc"
"cells","computational",9,0.532608695652174,"cells + computational: 9 co-occurrences","#cccccc"
"cells","create",9,0.532608695652174,"cells + create: 9 co-occurrences","#cccccc"
"cells","future",9,0.532608695652174,"cells + future: 9 co-occurrences","#cccccc"
"cells","goal",9,0.532608695652174,"cells + goal: 9 co-occurrences","#cccccc"
"cells","human",9,0.532608695652174,"cells + human: 9 co-occurrences","#cccccc"
"cells","identify",9,0.532608695652174,"cells + identify: 9 co-occurrences","#cccccc"
"cells","method",9,0.532608695652174,"cells + method: 9 co-occurrences","#cccccc"
"cells","model",9,0.532608695652174,"cells + model: 9 co-occurrences","#cccccc"
"cells","risk",9,0.532608695652174,"cells + risk: 9 co-occurrences","#cccccc"
"cells","treatment",9,0.532608695652174,"cells + treatment: 9 co-occurrences","#cccccc"
"challenge","diseases",9,0.532608695652174,"challenge + diseases: 9 co-occurrences","#cccccc"
"challenge","human",9,0.532608695652174,"challenge + human: 9 co-occurrences","#cccccc"
"challenge","tools",9,0.532608695652174,"challenge + tools: 9 co-occurrences","#cccccc"
"challenges","driven",9,0.532608695652174,"challenges + driven: 9 co-occurrences","#cccccc"
"chemical","food",9,0.532608695652174,"chemical + food: 9 co-occurrences","#cccccc"
"chemical","learning",9,0.532608695652174,"chemical + learning: 9 co-occurrences","#cccccc"
"climate","develop",9,0.532608695652174,"climate + develop: 9 co-occurrences","#cccccc"
"climate","global",9,0.532608695652174,"climate + global: 9 co-occurrences","#cccccc"
"clinical","individuals",9,0.532608695652174,"clinical + individuals: 9 co-occurrences","#cccccc"
"clinical","information",9,0.532608695652174,"clinical + information: 9 co-occurrences","#cccccc"
"clinical","tools",9,0.532608695652174,"clinical + tools: 9 co-occurrences","#cccccc"
"common","health",9,0.532608695652174,"common + health: 9 co-occurrences","#cccccc"
"common","life",9,0.532608695652174,"common + life: 9 co-occurrences","#cccccc"
"common","methods",9,0.532608695652174,"common + methods: 9 co-occurrences","#cccccc"
"complex","mechanisms",9,0.532608695652174,"complex + mechanisms: 9 co-occurrences","#cccccc"
"complex","science",9,0.532608695652174,"complex + science: 9 co-occurrences","#cccccc"
"complex","screening",9,0.532608695652174,"complex + screening: 9 co-occurrences","#cccccc"
"complex","social",9,0.532608695652174,"complex + social: 9 co-occurrences","#cccccc"
"complex","structures",9,0.532608695652174,"complex + structures: 9 co-occurrences","#cccccc"
"complex","systems",9,0.532608695652174,"complex + systems: 9 co-occurrences","#cccccc"
"computational","develop",9,0.532608695652174,"computational + develop: 9 co-occurrences","#cccccc"
"computational","development",9,0.532608695652174,"computational + development: 9 co-occurrences","#cccccc"
"computational","focus",9,0.532608695652174,"computational + focus: 9 co-occurrences","#cccccc"
"computational","human",9,0.532608695652174,"computational + human: 9 co-occurrences","#cccccc"
"computational","methods",9,0.532608695652174,"computational + methods: 9 co-occurrences","#cccccc"
"computer","human",9,0.532608695652174,"computer + human: 9 co-occurrences","#cccccc"
"control","lead",9,0.532608695652174,"control + lead: 9 co-occurrences","#cccccc"
"control","learning",9,0.532608695652174,"control + learning: 9 co-occurrences","#cccccc"
"control","machine",9,0.532608695652174,"control + machine: 9 co-occurrences","#cccccc"
"control","system",9,0.532608695652174,"control + system: 9 co-occurrences","#cccccc"
"control","technology",9,0.532608695652174,"control + technology: 9 co-occurrences","#cccccc"
"control","understanding",9,0.532608695652174,"control + understanding: 9 co-occurrences","#cccccc"
"copenhagen","researchers",9,0.532608695652174,"copenhagen + researchers: 9 co-occurrences","#cccccc"
"copenhagen","systems",9,0.532608695652174,"copenhagen + systems: 9 co-occurrences","#cccccc"
"cost","machine",9,0.532608695652174,"cost + machine: 9 co-occurrences","#cccccc"
"create","science",9,0.532608695652174,"create + science: 9 co-occurrences","#cccccc"
"crop","science",9,0.532608695652174,"crop + science: 9 co-occurrences","#cccccc"
"crop","tools",9,0.532608695652174,"crop + tools: 9 co-occurrences","#cccccc"
"current","disease",9,0.532608695652174,"current + disease: 9 co-occurrences","#cccccc"
"current","method",9,0.532608695652174,"current + method: 9 co-occurrences","#cccccc"
"cutting","intelligence",9,0.532608695652174,"cutting + intelligence: 9 co-occurrences","#cccccc"
"deep","lead",9,0.532608695652174,"deep + lead: 9 co-occurrences","#cccccc"
"deep","machine",9,0.532608695652174,"deep + machine: 9 co-occurrences","#cccccc"
"design","methods",9,0.532608695652174,"design + methods: 9 co-occurrences","#cccccc"
"design","molecular",9,0.532608695652174,"design + molecular: 9 co-occurrences","#cccccc"
"design","tools",9,0.532608695652174,"design + tools: 9 co-occurrences","#cccccc"
"develop","healthcare",9,0.532608695652174,"develop + healthcare: 9 co-occurrences","#cccccc"
"develop","investigate",9,0.532608695652174,"develop + investigate: 9 co-occurrences","#cccccc"
"develop","knowledge",9,0.532608695652174,"develop + knowledge: 9 co-occurrences","#cccccc"
"develop","properties",9,0.532608695652174,"develop + properties: 9 co-occurrences","#cccccc"
"develop","quantum",9,0.532608695652174,"develop + quantum: 9 co-occurrences","#cccccc"
"develop","role",9,0.532608695652174,"develop + role: 9 co-occurrences","#cccccc"
"develop","scale",9,0.532608695652174,"develop + scale: 9 co-occurrences","#cccccc"
"develop","screening",9,0.532608695652174,"develop + screening: 9 co-occurrences","#cccccc"
"develop","technology",9,0.532608695652174,"develop + technology: 9 co-occurrences","#cccccc"
"develop","world",9,0.532608695652174,"develop + world: 9 co-occurrences","#cccccc"
"developed","intelligence",9,0.532608695652174,"developed + intelligence: 9 co-occurrences","#cccccc"
"developing","intelligence",9,0.532608695652174,"developing + intelligence: 9 co-occurrences","#cccccc"
"developing","materials",9,0.532608695652174,"developing + materials: 9 co-occurrences","#cccccc"
"developing","protein",9,0.532608695652174,"developing + protein: 9 co-occurrences","#cccccc"
"development","drug",9,0.532608695652174,"development + drug: 9 co-occurrences","#cccccc"
"development","predict",9,0.532608695652174,"development + predict: 9 co-occurrences","#cccccc"
"development","quality",9,0.532608695652174,"development + quality: 9 co-occurrences","#cccccc"
"development","system",9,0.532608695652174,"development + system: 9 co-occurrences","#cccccc"
"development","technology",9,0.532608695652174,"development + technology: 9 co-occurrences","#cccccc"
"diabetes","healthcare",9,0.532608695652174,"diabetes + healthcare: 9 co-occurrences","#cccccc"
"digital","systems",9,0.532608695652174,"digital + systems: 9 co-occurrences","#cccccc"
"disease","drug",9,0.532608695652174,"disease + drug: 9 co-occurrences","#cccccc"
"disease","knowledge",9,0.532608695652174,"disease + knowledge: 9 co-occurrences","#cccccc"
"disease","major",9,0.532608695652174,"disease + major: 9 co-occurrences","#cccccc"
"disease","social",9,0.532608695652174,"disease + social: 9 co-occurrences","#cccccc"
"disease","treatment",9,0.532608695652174,"disease + treatment: 9 co-occurrences","#cccccc"
"diseases","image",9,0.532608695652174,"diseases + image: 9 co-occurrences","#cccccc"
"diseases","models",9,0.532608695652174,"diseases + models: 9 co-occurrences","#cccccc"
"driven","machine",9,0.532608695652174,"driven + machine: 9 co-occurrences","#cccccc"
"driven","networks",9,0.532608695652174,"driven + networks: 9 co-occurrences","#cccccc"
"driven","quality",9,0.532608695652174,"driven + quality: 9 co-occurrences","#cccccc"
"drug","protein",9,0.532608695652174,"drug + protein: 9 co-occurrences","#cccccc"
"drug","proteins",9,0.532608695652174,"drug + proteins: 9 co-occurrences","#cccccc"
"effective","intelligence",9,0.532608695652174,"effective + intelligence: 9 co-occurrences","#cccccc"
"energy","food",9,0.532608695652174,"energy + food: 9 co-occurrences","#cccccc"
"energy","structure",9,0.532608695652174,"energy + structure: 9 co-occurrences","#cccccc"
"environmental","social",9,0.532608695652174,"environmental + social: 9 co-occurrences","#cccccc"
"environmental","tools",9,0.532608695652174,"environmental + tools: 9 co-occurrences","#cccccc"
"existing","health",9,0.532608695652174,"existing + health: 9 co-occurrences","#cccccc"
"existing","major",9,0.532608695652174,"existing + major: 9 co-occurrences","#cccccc"
"existing","method",9,0.532608695652174,"existing + method: 9 co-occurrences","#cccccc"
"field","materials",9,0.532608695652174,"field + materials: 9 co-occurrences","#cccccc"
"field","researchers",9,0.532608695652174,"field + researchers: 9 co-occurrences","#cccccc"
"field","tools",9,0.532608695652174,"field + tools: 9 co-occurrences","#cccccc"
"focus","intelligence",9,0.532608695652174,"focus + intelligence: 9 co-occurrences","#cccccc"
"food","fundamental",9,0.532608695652174,"food + fundamental: 9 co-occurrences","#cccccc"
"food","growth",9,0.532608695652174,"food + growth: 9 co-occurrences","#cccccc"
"food","patterns",9,0.532608695652174,"food + patterns: 9 co-occurrences","#cccccc"
"food","prediction",9,0.532608695652174,"food + prediction: 9 co-occurrences","#cccccc"
"food","production",9,0.532608695652174,"food + production: 9 co-occurrences","#cccccc"
"food","time",9,0.532608695652174,"food + time: 9 co-occurrences","#cccccc"
"fundamental","intelligence",9,0.532608695652174,"fundamental + intelligence: 9 co-occurrences","#cccccc"
"fundamental","systems",9,0.532608695652174,"fundamental + systems: 9 co-occurrences","#cccccc"
"future","growth",9,0.532608695652174,"future + growth: 9 co-occurrences","#cccccc"
"future","identify",9,0.532608695652174,"future + identify: 9 co-occurrences","#cccccc"
"future","privacy",9,0.532608695652174,"future + privacy: 9 co-occurrences","#cccccc"
"future","system",9,0.532608695652174,"future + system: 9 co-occurrences","#cccccc"
"future","test",9,0.532608695652174,"future + test: 9 co-occurrences","#cccccc"
"gene","learning",9,0.532608695652174,"gene + learning: 9 co-occurrences","#cccccc"
"gene","researchers",9,0.532608695652174,"gene + researchers: 9 co-occurrences","#cccccc"
"genes","genetic",9,0.532608695652174,"genes + genetic: 9 co-occurrences","#cccccc"
"genes","type",9,0.532608695652174,"genes + type: 9 co-occurrences","#cccccc"
"genetic","information",9,0.532608695652174,"genetic + information: 9 co-occurrences","#cccccc"
"genetic","mechanisms",9,0.532608695652174,"genetic + mechanisms: 9 co-occurrences","#cccccc"
"genetic","models",9,0.532608695652174,"genetic + models: 9 co-occurrences","#cccccc"
"genetic","specific",9,0.532608695652174,"genetic + specific: 9 co-occurrences","#cccccc"
"goal","human",9,0.532608695652174,"goal + human: 9 co-occurrences","#cccccc"
"goal","methods",9,0.532608695652174,"goal + methods: 9 co-occurrences","#cccccc"
"health","model",9,0.532608695652174,"health + model: 9 co-occurrences","#cccccc"
"health","plant",9,0.532608695652174,"health + plant: 9 co-occurrences","#cccccc"
"health","process",9,0.532608695652174,"health + process: 9 co-occurrences","#cccccc"
"health","scientific",9,0.532608695652174,"health + scientific: 9 co-occurrences","#cccccc"
"health","scientists",9,0.532608695652174,"health + scientists: 9 co-occurrences","#cccccc"
"human","potential",9,0.532608695652174,"human + potential: 9 co-occurrences","#cccccc"
"human","specific",9,0.532608695652174,"human + specific: 9 co-occurrences","#cccccc"
"human","understand",9,0.532608695652174,"human + understand: 9 co-occurrences","#cccccc"
"human","world",9,0.532608695652174,"human + world: 9 co-occurrences","#cccccc"
"identify","knowledge",9,0.532608695652174,"identify + knowledge: 9 co-occurrences","#cccccc"
"identify","life",9,0.532608695652174,"identify + life: 9 co-occurrences","#cccccc"
"identify","potential",9,0.532608695652174,"identify + potential: 9 co-occurrences","#cccccc"
"identify","specific",9,0.532608695652174,"identify + specific: 9 co-occurrences","#cccccc"
"identify","treatment",9,0.532608695652174,"identify + treatment: 9 co-occurrences","#cccccc"
"identify","world",9,0.532608695652174,"identify + world: 9 co-occurrences","#cccccc"
"images","intelligence",9,0.532608695652174,"images + intelligence: 9 co-occurrences","#cccccc"
"imaging","researchers",9,0.532608695652174,"imaging + researchers: 9 co-occurrences","#cccccc"
"imaging","understanding",9,0.532608695652174,"imaging + understanding: 9 co-occurrences","#cccccc"
"improve","information",9,0.532608695652174,"improve + information: 9 co-occurrences","#cccccc"
"improve","risk",9,0.532608695652174,"improve + risk: 9 co-occurrences","#cccccc"
"improve","test",9,0.532608695652174,"improve + test: 9 co-occurrences","#cccccc"
"improve","time",9,0.532608695652174,"improve + time: 9 co-occurrences","#cccccc"
"individual","model",9,0.532608695652174,"individual + model: 9 co-occurrences","#cccccc"
"individual","patients",9,0.532608695652174,"individual + patients: 9 co-occurrences","#cccccc"
"individuals","mechanisms",9,0.532608695652174,"individuals + mechanisms: 9 co-occurrences","#cccccc"
"individuals","methods",9,0.532608695652174,"individuals + methods: 9 co-occurrences","#cccccc"
"information","networks",9,0.532608695652174,"information + networks: 9 co-occurrences","#cccccc"
"infrastructure","patient",9,0.532608695652174,"infrastructure + patient: 9 co-occurrences","#cccccc"
"intelligence","molecular",9,0.532608695652174,"intelligence + molecular: 9 co-occurrences","#cccccc"
"intelligence","process",9,0.532608695652174,"intelligence + process: 9 co-occurrences","#cccccc"
"intelligence","recent",9,0.532608695652174,"intelligence + recent: 9 co-occurrences","#cccccc"
"investigate","models",9,0.532608695652174,"investigate + models: 9 co-occurrences","#cccccc"
"knowledge","potential",9,0.532608695652174,"knowledge + potential: 9 co-occurrences","#cccccc"
"knowledge","world",9,0.532608695652174,"knowledge + world: 9 co-occurrences","#cccccc"
"lead","models",9,0.532608695652174,"lead + models: 9 co-occurrences","#cccccc"
"lead","science",9,0.532608695652174,"lead + science: 9 co-occurrences","#cccccc"
"lead","system",9,0.532608695652174,"lead + system: 9 co-occurrences","#cccccc"
"leading","risk",9,0.532608695652174,"leading + risk: 9 co-occurrences","#cccccc"
"learning","modern",9,0.532608695652174,"learning + modern: 9 co-occurrences","#cccccc"
"learning","patterns",9,0.532608695652174,"learning + patterns: 9 co-occurrences","#cccccc"
"learning","relevant",9,0.532608695652174,"learning + relevant: 9 co-occurrences","#cccccc"
"learning","sustainable",9,0.532608695652174,"learning + sustainable: 9 co-occurrences","#cccccc"
"learning","technology",9,0.532608695652174,"learning + technology: 9 co-occurrences","#cccccc"
"learning","type",9,0.532608695652174,"learning + type: 9 co-occurrences","#cccccc"
"life","system",9,0.532608695652174,"life + system: 9 co-occurrences","#cccccc"
"life","treatment",9,0.532608695652174,"life + treatment: 9 co-occurrences","#cccccc"
"life","understanding",9,0.532608695652174,"life + understanding: 9 co-occurrences","#cccccc"
"machine","materials",9,0.532608695652174,"machine + materials: 9 co-occurrences","#cccccc"
"machine","structure",9,0.532608695652174,"machine + structure: 9 co-occurrences","#cccccc"
"major","method",9,0.532608695652174,"major + method: 9 co-occurrences","#cccccc"
"major","methods",9,0.532608695652174,"major + methods: 9 co-occurrences","#cccccc"
"mechanisms","models",9,0.532608695652174,"mechanisms + models: 9 co-occurrences","#cccccc"
"methods","mutations",9,0.532608695652174,"methods + mutations: 9 co-occurrences","#cccccc"
"methods","predict",9,0.532608695652174,"methods + predict: 9 co-occurrences","#cccccc"
"methods","tool",9,0.532608695652174,"methods + tool: 9 co-occurrences","#cccccc"
"methods","type",9,0.532608695652174,"methods + type: 9 co-occurrences","#cccccc"
"model","process",9,0.532608695652174,"model + process: 9 co-occurrences","#cccccc"
"model","science",9,0.532608695652174,"model + science: 9 co-occurrences","#cccccc"
"models","patients",9,0.532608695652174,"models + patients: 9 co-occurrences","#cccccc"
"models","researchers",9,0.532608695652174,"models + researchers: 9 co-occurrences","#cccccc"
"molecular","technology",9,0.532608695652174,"molecular + technology: 9 co-occurrences","#cccccc"
"mutations","predict",9,0.532608695652174,"mutations + predict: 9 co-occurrences","#cccccc"
"mutations","understand",9,0.532608695652174,"mutations + understand: 9 co-occurrences","#cccccc"
"network","science",9,0.532608695652174,"network + science: 9 co-occurrences","#cccccc"
"network","system",9,0.532608695652174,"network + system: 9 co-occurrences","#cccccc"
"networks","scale",9,0.532608695652174,"networks + scale: 9 co-occurrences","#cccccc"
"networks","scientific",9,0.532608695652174,"networks + scientific: 9 co-occurrences","#cccccc"
"patient","screening",9,0.532608695652174,"patient + screening: 9 co-occurrences","#cccccc"
"predict","systems",9,0.532608695652174,"predict + systems: 9 co-occurrences","#cccccc"
"privacy","world",9,0.532608695652174,"privacy + world: 9 co-occurrences","#cccccc"
"production","protein",9,0.532608695652174,"production + protein: 9 co-occurrences","#cccccc"
"protein","science",9,0.532608695652174,"protein + science: 9 co-occurrences","#cccccc"
"protein","test",9,0.532608695652174,"protein + test: 9 co-occurrences","#cccccc"
"quantum","science",9,0.532608695652174,"quantum + science: 9 co-occurrences","#cccccc"
"real","world",9,0.532608695652174,"real + world: 9 co-occurrences","#cccccc"
"recent","structure",9,0.532608695652174,"recent + structure: 9 co-occurrences","#cccccc"
"researchers","time",9,0.532608695652174,"researchers + time: 9 co-occurrences","#cccccc"
"researchers","type",9,0.532608695652174,"researchers + type: 9 co-occurrences","#cccccc"
"risk","screening",9,0.532608695652174,"risk + screening: 9 co-occurrences","#cccccc"
"risk","society",9,0.532608695652174,"risk + society: 9 co-occurrences","#cccccc"
"risk","system",9,0.532608695652174,"risk + system: 9 co-occurrences","#cccccc"
"risk","understanding",9,0.532608695652174,"risk + understanding: 9 co-occurrences","#cccccc"
"science","shape",9,0.532608695652174,"science + shape: 9 co-occurrences","#cccccc"
"science","time",9,0.532608695652174,"science + time: 9 co-occurrences","#cccccc"
"screening","world",9,0.532608695652174,"screening + world: 9 co-occurrences","#cccccc"
"structures","tool",9,0.532608695652174,"structures + tool: 9 co-occurrences","#cccccc"
"system","tool",9,0.532608695652174,"system + tool: 9 co-occurrences","#cccccc"
"techniques","time",9,0.532608695652174,"techniques + time: 9 co-occurrences","#cccccc"
"technology","tools",9,0.532608695652174,"technology + tools: 9 co-occurrences","#cccccc"
"test","tools",9,0.532608695652174,"test + tools: 9 co-occurrences","#cccccc"
"test","treatment",9,0.532608695652174,"test + treatment: 9 co-occurrences","#cccccc"
"time","understanding",9,0.532608695652174,"time + understanding: 9 co-occurrences","#cccccc"
"treatment","understand",9,0.532608695652174,"treatment + understand: 9 co-occurrences","#cccccc"
"advanced","aims",8,0.5,"advanced + aims: 8 co-occurrences","#cccccc"
"advanced","individuals",8,0.5,"advanced + individuals: 8 co-occurrences","#cccccc"
"advanced","patients",8,0.5,"advanced + patients: 8 co-occurrences","#cccccc"
"advanced","results",8,0.5,"advanced + results: 8 co-occurrences","#cccccc"
"advanced","science",8,0.5,"advanced + science: 8 co-occurrences","#cccccc"
"advanced","techniques",8,0.5,"advanced + techniques: 8 co-occurrences","#cccccc"
"advanced","technology",8,0.5,"advanced + technology: 8 co-occurrences","#cccccc"
"advanced","time",8,0.5,"advanced + time: 8 co-occurrences","#cccccc"
"aims","clinical",8,0.5,"aims + clinical: 8 co-occurrences","#cccccc"
"aims","cost",8,0.5,"aims + cost: 8 co-occurrences","#cccccc"
"aims","crucial",8,0.5,"aims + crucial: 8 co-occurrences","#cccccc"
"aims","developing",8,0.5,"aims + developing: 8 co-occurrences","#cccccc"
"aims","diabetes",8,0.5,"aims + diabetes: 8 co-occurrences","#cccccc"
"aims","diseases",8,0.5,"aims + diseases: 8 co-occurrences","#cccccc"
"aims","fields",8,0.5,"aims + fields: 8 co-occurrences","#cccccc"
"aims","healthcare",8,0.5,"aims + healthcare: 8 co-occurrences","#cccccc"
"aims","production",8,0.5,"aims + production: 8 co-occurrences","#cccccc"
"aims","understanding",8,0.5,"aims + understanding: 8 co-occurrences","#cccccc"
"algorithms","applications",8,0.5,"algorithms + applications: 8 co-occurrences","#cccccc"
"algorithms","future",8,0.5,"algorithms + future: 8 co-occurrences","#cccccc"
"algorithms","modern",8,0.5,"algorithms + modern: 8 co-occurrences","#cccccc"
"algorithms","potential",8,0.5,"algorithms + potential: 8 co-occurrences","#cccccc"
"algorithms","systems",8,0.5,"algorithms + systems: 8 co-occurrences","#cccccc"
"algorithms","tools",8,0.5,"algorithms + tools: 8 co-occurrences","#cccccc"
"analysis","complex",8,0.5,"analysis + complex: 8 co-occurrences","#cccccc"
"analysis","improve",8,0.5,"analysis + improve: 8 co-occurrences","#cccccc"
"analysis","mechanisms",8,0.5,"analysis + mechanisms: 8 co-occurrences","#cccccc"
"analysis","patterns",8,0.5,"analysis + patterns: 8 co-occurrences","#cccccc"
"analysis","specific",8,0.5,"analysis + specific: 8 co-occurrences","#cccccc"
"analysis","time",8,0.5,"analysis + time: 8 co-occurrences","#cccccc"
"analysis","understand",8,0.5,"analysis + understand: 8 co-occurrences","#cccccc"
"applications","materials",8,0.5,"applications + materials: 8 co-occurrences","#cccccc"
"applications","techniques",8,0.5,"applications + techniques: 8 co-occurrences","#cccccc"
"applications","tools",8,0.5,"applications + tools: 8 co-occurrences","#cccccc"
"approach","diseases",8,0.5,"approach + diseases: 8 co-occurrences","#cccccc"
"approach","machine",8,0.5,"approach + machine: 8 co-occurrences","#cccccc"
"approach","treatment",8,0.5,"approach + treatment: 8 co-occurrences","#cccccc"
"approaches","challenges",8,0.5,"approaches + challenges: 8 co-occurrences","#cccccc"
"approaches","clinical",8,0.5,"approaches + clinical: 8 co-occurrences","#cccccc"
"approaches","develop",8,0.5,"approaches + develop: 8 co-occurrences","#cccccc"
"approaches","future",8,0.5,"approaches + future: 8 co-occurrences","#cccccc"
"approaches","healthcare",8,0.5,"approaches + healthcare: 8 co-occurrences","#cccccc"
"approaches","patients",8,0.5,"approaches + patients: 8 co-occurrences","#cccccc"
"approaches","science",8,0.5,"approaches + science: 8 co-occurrences","#cccccc"
"approaches","time",8,0.5,"approaches + time: 8 co-occurrences","#cccccc"
"approaches","world",8,0.5,"approaches + world: 8 co-occurrences","#cccccc"
"artificial","common",8,0.5,"artificial + common: 8 co-occurrences","#cccccc"
"artificial","complex",8,0.5,"artificial + complex: 8 co-occurrences","#cccccc"
"artificial","copenhagen",8,0.5,"artificial + copenhagen: 8 co-occurrences","#cccccc"
"artificial","knowledge",8,0.5,"artificial + knowledge: 8 co-occurrences","#cccccc"
"artificial","method",8,0.5,"artificial + method: 8 co-occurrences","#cccccc"
"artificial","potential",8,0.5,"artificial + potential: 8 co-occurrences","#cccccc"
"artificial","propose",8,0.5,"artificial + propose: 8 co-occurrences","#cccccc"
"artificial","scientific",8,0.5,"artificial + scientific: 8 co-occurrences","#cccccc"
"biological","develop",8,0.5,"biological + develop: 8 co-occurrences","#cccccc"
"biological","genes",8,0.5,"biological + genes: 8 co-occurrences","#cccccc"
"biological","genetic",8,0.5,"biological + genetic: 8 co-occurrences","#cccccc"
"biological","immune",8,0.5,"biological + immune: 8 co-occurrences","#cccccc"
"biological","potential",8,0.5,"biological + potential: 8 co-occurrences","#cccccc"
"biological","predict",8,0.5,"biological + predict: 8 co-occurrences","#cccccc"
"biological","specific",8,0.5,"biological + specific: 8 co-occurrences","#cccccc"
"biological","understanding",8,0.5,"biological + understanding: 8 co-occurrences","#cccccc"
"biology","risk",8,0.5,"biology + risk: 8 co-occurrences","#cccccc"
"brain","crucial",8,0.5,"brain + crucial: 8 co-occurrences","#cccccc"
"brain","cutting",8,0.5,"brain + cutting: 8 co-occurrences","#cccccc"
"brain","development",8,0.5,"brain + development: 8 co-occurrences","#cccccc"
"brain","disease",8,0.5,"brain + disease: 8 co-occurrences","#cccccc"
"brain","health",8,0.5,"brain + health: 8 co-occurrences","#cccccc"
"cancer","computational",8,0.5,"cancer + computational: 8 co-occurrences","#cccccc"
"cancer","diabetes",8,0.5,"cancer + diabetes: 8 co-occurrences","#cccccc"
"cancer","molecular",8,0.5,"cancer + molecular: 8 co-occurrences","#cccccc"
"cancer","mutations",8,0.5,"cancer + mutations: 8 co-occurrences","#cccccc"
"cancer","proteins",8,0.5,"cancer + proteins: 8 co-occurrences","#cccccc"
"cancer","researchers",8,0.5,"cancer + researchers: 8 co-occurrences","#cccccc"
"carbon","develop",8,0.5,"carbon + develop: 8 co-occurrences","#cccccc"
"carbon","learning",8,0.5,"carbon + learning: 8 co-occurrences","#cccccc"
"carbon","machine",8,0.5,"carbon + machine: 8 co-occurrences","#cccccc"
"carbon","models",8,0.5,"carbon + models: 8 co-occurrences","#cccccc"
"care","images",8,0.5,"care + images: 8 co-occurrences","#cccccc"
"care","prediction",8,0.5,"care + prediction: 8 co-occurrences","#cccccc"
"care","screening",8,0.5,"care + screening: 8 co-occurrences","#cccccc"
"cell","immune",8,0.5,"cell + immune: 8 co-occurrences","#cccccc"
"cell","system",8,0.5,"cell + system: 8 co-occurrences","#cccccc"
"cells","computer",8,0.5,"cells + computer: 8 co-occurrences","#cccccc"
"cells","health",8,0.5,"cells + health: 8 co-occurrences","#cccccc"
"cells","type",8,0.5,"cells + type: 8 co-occurrences","#cccccc"
"challenge","growth",8,0.5,"challenge + growth: 8 co-occurrences","#cccccc"
"challenges","climate",8,0.5,"challenges + climate: 8 co-occurrences","#cccccc"
"challenges","disease",8,0.5,"challenges + disease: 8 co-occurrences","#cccccc"
"challenges","existing",8,0.5,"challenges + existing: 8 co-occurrences","#cccccc"
"challenges","intelligence",8,0.5,"challenges + intelligence: 8 co-occurrences","#cccccc"
"challenges","modern",8,0.5,"challenges + modern: 8 co-occurrences","#cccccc"
"challenges","patient",8,0.5,"challenges + patient: 8 co-occurrences","#cccccc"
"climate","systems",8,0.5,"climate + systems: 8 co-occurrences","#cccccc"
"clinical","deep",8,0.5,"clinical + deep: 8 co-occurrences","#cccccc"
"clinical","disease",8,0.5,"clinical + disease: 8 co-occurrences","#cccccc"
"clinical","driven",8,0.5,"clinical + driven: 8 co-occurrences","#cccccc"
"clinical","human",8,0.5,"clinical + human: 8 co-occurrences","#cccccc"
"clinical","infrastructure",8,0.5,"clinical + infrastructure: 8 co-occurrences","#cccccc"
"clinical","obesity",8,0.5,"clinical + obesity: 8 co-occurrences","#cccccc"
"common","diseases",8,0.5,"common + diseases: 8 co-occurrences","#cccccc"
"common","food",8,0.5,"common + food: 8 co-occurrences","#cccccc"
"common","intelligence",8,0.5,"common + intelligence: 8 co-occurrences","#cccccc"
"complex","intelligence",8,0.5,"complex + intelligence: 8 co-occurrences","#cccccc"
"complex","knowledge",8,0.5,"complex + knowledge: 8 co-occurrences","#cccccc"
"complex","time",8,0.5,"complex + time: 8 co-occurrences","#cccccc"
"complex","understanding",8,0.5,"complex + understanding: 8 co-occurrences","#cccccc"
"computational","global",8,0.5,"computational + global: 8 co-occurrences","#cccccc"
"computational","models",8,0.5,"computational + models: 8 co-occurrences","#cccccc"
"computational","techniques",8,0.5,"computational + techniques: 8 co-occurrences","#cccccc"
"computer","fundamental",8,0.5,"computer + fundamental: 8 co-occurrences","#cccccc"
"computer","machine",8,0.5,"computer + machine: 8 co-occurrences","#cccccc"
"copenhagen","develop",8,0.5,"copenhagen + develop: 8 co-occurrences","#cccccc"
"copenhagen","human",8,0.5,"copenhagen + human: 8 co-occurrences","#cccccc"
"copenhagen","intelligence",8,0.5,"copenhagen + intelligence: 8 co-occurrences","#cccccc"
"copenhagen","machine",8,0.5,"copenhagen + machine: 8 co-occurrences","#cccccc"
"copenhagen","methods",8,0.5,"copenhagen + methods: 8 co-occurrences","#cccccc"
"cost","images",8,0.5,"cost + images: 8 co-occurrences","#cccccc"
"cost","production",8,0.5,"cost + production: 8 co-occurrences","#cccccc"
"create","future",8,0.5,"create + future: 8 co-occurrences","#cccccc"
"create","learning",8,0.5,"create + learning: 8 co-occurrences","#cccccc"
"create","molecular",8,0.5,"create + molecular: 8 co-occurrences","#cccccc"
"create","researchers",8,0.5,"create + researchers: 8 co-occurrences","#cccccc"
"create","technology",8,0.5,"create + technology: 8 co-occurrences","#cccccc"
"crop","field",8,0.5,"crop + field: 8 co-occurrences","#cccccc"
"crop","fields",8,0.5,"crop + fields: 8 co-occurrences","#cccccc"
"crucial","machine",8,0.5,"crucial + machine: 8 co-occurrences","#cccccc"
"crucial","medical",8,0.5,"crucial + medical: 8 co-occurrences","#cccccc"
"crucial","methods",8,0.5,"crucial + methods: 8 co-occurrences","#cccccc"
"crucial","privacy",8,0.5,"crucial + privacy: 8 co-occurrences","#cccccc"
"crucial","systems",8,0.5,"crucial + systems: 8 co-occurrences","#cccccc"
"crucial","world",8,0.5,"crucial + world: 8 co-occurrences","#cccccc"
"current","develop",8,0.5,"current + develop: 8 co-occurrences","#cccccc"
"current","food",8,0.5,"current + food: 8 co-occurrences","#cccccc"
"current","risk",8,0.5,"current + risk: 8 co-occurrences","#cccccc"
"current","understanding",8,0.5,"current + understanding: 8 co-occurrences","#cccccc"
"cutting","development",8,0.5,"cutting + development: 8 co-occurrences","#cccccc"
"cutting","diseases",8,0.5,"cutting + diseases: 8 co-occurrences","#cccccc"
"cutting","methods",8,0.5,"cutting + methods: 8 co-occurrences","#cccccc"
"deep","design",8,0.5,"deep + design: 8 co-occurrences","#cccccc"
"deep","fields",8,0.5,"deep + fields: 8 co-occurrences","#cccccc"
"deep","knowledge",8,0.5,"deep + knowledge: 8 co-occurrences","#cccccc"
"deep","relevant",8,0.5,"deep + relevant: 8 co-occurrences","#cccccc"
"design","energy",8,0.5,"design + energy: 8 co-occurrences","#cccccc"
"design","machine",8,0.5,"design + machine: 8 co-occurrences","#cccccc"
"design","proteins",8,0.5,"design + proteins: 8 co-occurrences","#cccccc"
"develop","effective",8,0.5,"develop + effective: 8 co-occurrences","#cccccc"
"develop","existing",8,0.5,"develop + existing: 8 co-occurrences","#cccccc"
"develop","experts",8,0.5,"develop + experts: 8 co-occurrences","#cccccc"
"develop","factors",8,0.5,"develop + factors: 8 co-occurrences","#cccccc"
"develop","fundamental",8,0.5,"develop + fundamental: 8 co-occurrences","#cccccc"
"develop","global",8,0.5,"develop + global: 8 co-occurrences","#cccccc"
"develop","goal",8,0.5,"develop + goal: 8 co-occurrences","#cccccc"
"develop","images",8,0.5,"develop + images: 8 co-occurrences","#cccccc"
"develop","impact",8,0.5,"develop + impact: 8 co-occurrences","#cccccc"
"develop","lack",8,0.5,"develop + lack: 8 co-occurrences","#cccccc"
"develop","model",8,0.5,"develop + model: 8 co-occurrences","#cccccc"
"develop","privacy",8,0.5,"develop + privacy: 8 co-occurrences","#cccccc"
"develop","sustainable",8,0.5,"develop + sustainable: 8 co-occurrences","#cccccc"
"develop","techniques",8,0.5,"develop + techniques: 8 co-occurrences","#cccccc"
"developing","machine",8,0.5,"developing + machine: 8 co-occurrences","#cccccc"
"development","driven",8,0.5,"development + driven: 8 co-occurrences","#cccccc"
"development","human",8,0.5,"development + human: 8 co-occurrences","#cccccc"
"development","individual",8,0.5,"development + individual: 8 co-occurrences","#cccccc"
"development","mechanisms",8,0.5,"development + mechanisms: 8 co-occurrences","#cccccc"
"development","proteins",8,0.5,"development + proteins: 8 co-occurrences","#cccccc"
"diabetes","human",8,0.5,"diabetes + human: 8 co-occurrences","#cccccc"
"diabetes","major",8,0.5,"diabetes + major: 8 co-occurrences","#cccccc"
"diabetes","patient",8,0.5,"diabetes + patient: 8 co-occurrences","#cccccc"
"diabetes","treatment",8,0.5,"diabetes + treatment: 8 co-occurrences","#cccccc"
"diabetes","understand",8,0.5,"diabetes + understand: 8 co-occurrences","#cccccc"
"digital","global",8,0.5,"digital + global: 8 co-occurrences","#cccccc"
"disease","future",8,0.5,"disease + future: 8 co-occurrences","#cccccc"
"disease","images",8,0.5,"disease + images: 8 co-occurrences","#cccccc"
"disease","predict",8,0.5,"disease + predict: 8 co-occurrences","#cccccc"
"diseases","patient",8,0.5,"diseases + patient: 8 co-occurrences","#cccccc"
"diseases","results",8,0.5,"diseases + results: 8 co-occurrences","#cccccc"
"diseases","structure",8,0.5,"diseases + structure: 8 co-occurrences","#cccccc"
"driven","energy",8,0.5,"driven + energy: 8 co-occurrences","#cccccc"
"driven","infrastructure",8,0.5,"driven + infrastructure: 8 co-occurrences","#cccccc"
"drug","models",8,0.5,"drug + models: 8 co-occurrences","#cccccc"
"drug","patient",8,0.5,"drug + patient: 8 co-occurrences","#cccccc"
"effective","lead",8,0.5,"effective + lead: 8 co-occurrences","#cccccc"
"effective","treatment",8,0.5,"effective + treatment: 8 co-occurrences","#cccccc"
"energy","future",8,0.5,"energy + future: 8 co-occurrences","#cccccc"
"energy","health",8,0.5,"energy + health: 8 co-occurrences","#cccccc"
"energy","society",8,0.5,"energy + society: 8 co-occurrences","#cccccc"
"environment","techniques",8,0.5,"environment + techniques: 8 co-occurrences","#cccccc"
"environmental","food",8,0.5,"environmental + food: 8 co-occurrences","#cccccc"
"environmental","technology",8,0.5,"environmental + technology: 8 co-occurrences","#cccccc"
"existing","patients",8,0.5,"existing + patients: 8 co-occurrences","#cccccc"
"existing","researchers",8,0.5,"existing + researchers: 8 co-occurrences","#cccccc"
"expertise","medical",8,0.5,"expertise + medical: 8 co-occurrences","#cccccc"
"expertise","researchers",8,0.5,"expertise + researchers: 8 co-occurrences","#cccccc"
"experts","researchers",8,0.5,"experts + researchers: 8 co-occurrences","#cccccc"
"experts","treatment",8,0.5,"experts + treatment: 8 co-occurrences","#cccccc"
"factors","health",8,0.5,"factors + health: 8 co-occurrences","#cccccc"
"factors","role",8,0.5,"factors + role: 8 co-occurrences","#cccccc"
"field","future",8,0.5,"field + future: 8 co-occurrences","#cccccc"
"field","intelligence",8,0.5,"field + intelligence: 8 co-occurrences","#cccccc"
"fields","systems",8,0.5,"fields + systems: 8 co-occurrences","#cccccc"
"focus","methods",8,0.5,"focus + methods: 8 co-occurrences","#cccccc"
"focus","potential",8,0.5,"focus + potential: 8 co-occurrences","#cccccc"
"focus","system",8,0.5,"focus + system: 8 co-occurrences","#cccccc"
"focus","systems",8,0.5,"focus + systems: 8 co-occurrences","#cccccc"
"future","immune",8,0.5,"future + immune: 8 co-occurrences","#cccccc"
"future","knowledge",8,0.5,"future + knowledge: 8 co-occurrences","#cccccc"
"future","lack",8,0.5,"future + lack: 8 co-occurrences","#cccccc"
"future","materials",8,0.5,"future + materials: 8 co-occurrences","#cccccc"
"future","networks",8,0.5,"future + networks: 8 co-occurrences","#cccccc"
"future","predict",8,0.5,"future + predict: 8 co-occurrences","#cccccc"
"future","quantum",8,0.5,"future + quantum: 8 co-occurrences","#cccccc"
"future","specific",8,0.5,"future + specific: 8 co-occurrences","#cccccc"
"future","world",8,0.5,"future + world: 8 co-occurrences","#cccccc"
"gene","tools",8,0.5,"gene + tools: 8 co-occurrences","#cccccc"
"genetic","intelligence",8,0.5,"genetic + intelligence: 8 co-occurrences","#cccccc"
"genetic","treatment",8,0.5,"genetic + treatment: 8 co-occurrences","#cccccc"
"genetic","type",8,0.5,"genetic + type: 8 co-occurrences","#cccccc"
"global","models",8,0.5,"global + models: 8 co-occurrences","#cccccc"
"goal","immune",8,0.5,"goal + immune: 8 co-occurrences","#cccccc"
"goal","mechanisms",8,0.5,"goal + mechanisms: 8 co-occurrences","#cccccc"
"growth","human",8,0.5,"growth + human: 8 co-occurrences","#cccccc"
"growth","process",8,0.5,"growth + process: 8 co-occurrences","#cccccc"
"growth","test",8,0.5,"growth + test: 8 co-occurrences","#cccccc"
"health","lack",8,0.5,"health + lack: 8 co-occurrences","#cccccc"
"health","propose",8,0.5,"health + propose: 8 co-occurrences","#cccccc"
"health","society",8,0.5,"health + society: 8 co-occurrences","#cccccc"
"health","test",8,0.5,"health + test: 8 co-occurrences","#cccccc"
"healthcare","risk",8,0.5,"healthcare + risk: 8 co-occurrences","#cccccc"
"healthcare","science",8,0.5,"healthcare + science: 8 co-occurrences","#cccccc"
"human","individuals",8,0.5,"human + individuals: 8 co-occurrences","#cccccc"
"human","mechanisms",8,0.5,"human + mechanisms: 8 co-occurrences","#cccccc"
"human","proteins",8,0.5,"human + proteins: 8 co-occurrences","#cccccc"
"human","scientific",8,0.5,"human + scientific: 8 co-occurrences","#cccccc"
"human","shape",8,0.5,"human + shape: 8 co-occurrences","#cccccc"
"human","treatment",8,0.5,"human + treatment: 8 co-occurrences","#cccccc"
"identify","models",8,0.5,"identify + models: 8 co-occurrences","#cccccc"
"identify","science",8,0.5,"identify + science: 8 co-occurrences","#cccccc"
"image","time",8,0.5,"image + time: 8 co-occurrences","#cccccc"
"imaging","methods",8,0.5,"imaging + methods: 8 co-occurrences","#cccccc"
"improve","knowledge",8,0.5,"improve + knowledge: 8 co-occurrences","#cccccc"
"improve","model",8,0.5,"improve + model: 8 co-occurrences","#cccccc"
"improve","molecular",8,0.5,"improve + molecular: 8 co-occurrences","#cccccc"
"improve","obesity",8,0.5,"improve + obesity: 8 co-occurrences","#cccccc"
"improve","patients",8,0.5,"improve + patients: 8 co-occurrences","#cccccc"
"improve","propose",8,0.5,"improve + propose: 8 co-occurrences","#cccccc"
"improve","tool",8,0.5,"improve + tool: 8 co-occurrences","#cccccc"
"improve","understanding",8,0.5,"improve + understanding: 8 co-occurrences","#cccccc"
"individual","understanding",8,0.5,"individual + understanding: 8 co-occurrences","#cccccc"
"individuals","network",8,0.5,"individuals + network: 8 co-occurrences","#cccccc"
"information","medical",8,0.5,"information + medical: 8 co-occurrences","#cccccc"
"information","quality",8,0.5,"information + quality: 8 co-occurrences","#cccccc"
"infrastructure","medicine",8,0.5,"infrastructure + medicine: 8 co-occurrences","#cccccc"
"intelligence","method",8,0.5,"intelligence + method: 8 co-occurrences","#cccccc"
"intelligence","potential",8,0.5,"intelligence + potential: 8 co-occurrences","#cccccc"
"intelligence","propose",8,0.5,"intelligence + propose: 8 co-occurrences","#cccccc"
"intelligence","scientific",8,0.5,"intelligence + scientific: 8 co-occurrences","#cccccc"
"knowledge","treatment",8,0.5,"knowledge + treatment: 8 co-occurrences","#cccccc"
"lead","properties",8,0.5,"lead + properties: 8 co-occurrences","#cccccc"
"leading","scientists",8,0.5,"leading + scientists: 8 co-occurrences","#cccccc"
"learning","mutations",8,0.5,"learning + mutations: 8 co-occurrences","#cccccc"
"learning","production",8,0.5,"learning + production: 8 co-occurrences","#cccccc"
"life","molecular",8,0.5,"life + molecular: 8 co-occurrences","#cccccc"
"life","patient",8,0.5,"life + patient: 8 co-occurrences","#cccccc"
"life","process",8,0.5,"life + process: 8 co-occurrences","#cccccc"
"life","researchers",8,0.5,"life + researchers: 8 co-occurrences","#cccccc"
"life","systems",8,0.5,"life + systems: 8 co-occurrences","#cccccc"
"machine","modern",8,0.5,"machine + modern: 8 co-occurrences","#cccccc"
"machine","production",8,0.5,"machine + production: 8 co-occurrences","#cccccc"
"machine","screening",8,0.5,"machine + screening: 8 co-occurrences","#cccccc"
"machine","solutions",8,0.5,"machine + solutions: 8 co-occurrences","#cccccc"
"machine","technology",8,0.5,"machine + technology: 8 co-occurrences","#cccccc"
"materials","scale",8,0.5,"materials + scale: 8 co-occurrences","#cccccc"
"materials","solutions",8,0.5,"materials + solutions: 8 co-occurrences","#cccccc"
"medical","system",8,0.5,"medical + system: 8 co-occurrences","#cccccc"
"medicine","methods",8,0.5,"medicine + methods: 8 co-occurrences","#cccccc"
"method","scale",8,0.5,"method + scale: 8 co-occurrences","#cccccc"
"method","specific",8,0.5,"method + specific: 8 co-occurrences","#cccccc"
"methods","modern",8,0.5,"methods + modern: 8 co-occurrences","#cccccc"
"methods","propose",8,0.5,"methods + propose: 8 co-occurrences","#cccccc"
"methods","society",8,0.5,"methods + society: 8 co-occurrences","#cccccc"
"model","patient",8,0.5,"model + patient: 8 co-occurrences","#cccccc"
"model","specific",8,0.5,"model + specific: 8 co-occurrences","#cccccc"
"models","predict",8,0.5,"models + predict: 8 co-occurrences","#cccccc"
"molecular","networks",8,0.5,"molecular + networks: 8 co-occurrences","#cccccc"
"molecular","tools",8,0.5,"molecular + tools: 8 co-occurrences","#cccccc"
"mutations","tools",8,0.5,"mutations + tools: 8 co-occurrences","#cccccc"
"network","patterns",8,0.5,"network + patterns: 8 co-occurrences","#cccccc"
"patient","researchers",8,0.5,"patient + researchers: 8 co-occurrences","#cccccc"
"patient","world",8,0.5,"patient + world: 8 co-occurrences","#cccccc"
"patients","understand",8,0.5,"patients + understand: 8 co-occurrences","#cccccc"
"patterns","science",8,0.5,"patterns + science: 8 co-occurrences","#cccccc"
"potential","researchers",8,0.5,"potential + researchers: 8 co-occurrences","#cccccc"
"predict","understand",8,0.5,"predict + understand: 8 co-occurrences","#cccccc"
"production","tools",8,0.5,"production + tools: 8 co-occurrences","#cccccc"
"properties","proteins",8,0.5,"properties + proteins: 8 co-occurrences","#cccccc"
"propose","techniques",8,0.5,"propose + techniques: 8 co-occurrences","#cccccc"
"protein","recent",8,0.5,"protein + recent: 8 co-occurrences","#cccccc"
"protein","time",8,0.5,"protein + time: 8 co-occurrences","#cccccc"
"protein","tools",8,0.5,"protein + tools: 8 co-occurrences","#cccccc"
"quality","researchers",8,0.5,"quality + researchers: 8 co-occurrences","#cccccc"
"real","treatment",8,0.5,"real + treatment: 8 co-occurrences","#cccccc"
"researchers","treatment",8,0.5,"researchers + treatment: 8 co-occurrences","#cccccc"
"risk","test",8,0.5,"risk + test: 8 co-occurrences","#cccccc"
"role","understanding",8,0.5,"role + understanding: 8 co-occurrences","#cccccc"
"science","structures",8,0.5,"science + structures: 8 co-occurrences","#cccccc"
"science","sustainable",8,0.5,"science + sustainable: 8 co-occurrences","#cccccc"
"scientific","systems",8,0.5,"scientific + systems: 8 co-occurrences","#cccccc"
"specific","type",8,0.5,"specific + type: 8 co-occurrences","#cccccc"
"structures","understanding",8,0.5,"structures + understanding: 8 co-occurrences","#cccccc"
"techniques","world",8,0.5,"techniques + world: 8 co-occurrences","#cccccc"
"technology","understanding",8,0.5,"technology + understanding: 8 co-occurrences","#cccccc"
"tools","treatment",8,0.5,"tools + treatment: 8 co-occurrences","#cccccc"
"treatment","understanding",8,0.5,"treatment + understanding: 8 co-occurrences","#cccccc"
